-- Generated Data Script (for updated schema with salary_history_id on employee)
-- NOTE: Run this on a clean database after running task1.sql

-- Temporarily drop circular salary constraints (if they exist)
ALTER TABLE employee DROP CONSTRAINT IF EXISTS FK_employee_4;
ALTER TABLE salary_history DROP CONSTRAINT IF EXISTS FK_salary_history_0;

-- Study Period Types
INSERT INTO study_period_type (study_period_id) VALUES (1);
INSERT INTO study_period_type (study_period_id) VALUES (2);
INSERT INTO study_period_type (study_period_id) VALUES (3);
INSERT INTO study_period_type (study_period_id) VALUES (4);

-- Departments
INSERT INTO department (department_name, manager_id) VALUES ('Civil Engineering', NULL);
INSERT INTO department (department_name, manager_id) VALUES ('Information Technology', NULL);
INSERT INTO department (department_name, manager_id) VALUES ('Architecture', NULL);
INSERT INTO department (department_name, manager_id) VALUES ('Urban Planning', NULL);

-- Job Titles
INSERT INTO job_title (job_title) VALUES ('Lecturer');
INSERT INTO job_title (job_title) VALUES ('Senior Lecturer');
INSERT INTO job_title (job_title) VALUES ('Professor');
INSERT INTO job_title (job_title) VALUES ('PhD Student');
INSERT INTO job_title (job_title) VALUES ('Administrator');

-- Skills
INSERT INTO skill (skill_name) VALUES ('Python');
INSERT INTO skill (skill_name) VALUES ('SQL');
INSERT INTO skill (skill_name) VALUES ('AutoCAD');
INSERT INTO skill (skill_name) VALUES ('Revit');
INSERT INTO skill (skill_name) VALUES ('GIS');
INSERT INTO skill (skill_name) VALUES ('Project Management');
INSERT INTO skill (skill_name) VALUES ('Matlab');

-- Teaching Activities
INSERT INTO teaching_activity (activity_name, factor) VALUES ('Lecture', 1.0);
INSERT INTO teaching_activity (activity_name, factor) VALUES ('Lab', 2.0);
INSERT INTO teaching_activity (activity_name, factor) VALUES ('Seminar', 1.5);
INSERT INTO teaching_activity (activity_name, factor) VALUES ('Project', 0.5);

-- Course Layouts
INSERT INTO course_layout (course_code, course_name, min_students, max_students, hp, valid_from) VALUES ('CE101', 'Intro to Civil Engineering', 18, 44, 15.0, DATE '2020-01-01');
INSERT INTO course_layout (course_code, course_name, min_students, max_students, hp, valid_from) VALUES ('IT202', 'Databases for Engineers', 17, 60, 15.0, DATE '2020-01-01');
INSERT INTO course_layout (course_code, course_name, min_students, max_students, hp, valid_from) VALUES ('CE305', 'Structural Analysis', 10, 36, 7.5, DATE '2020-01-01');
INSERT INTO course_layout (course_code, course_name, min_students, max_students, hp, valid_from) VALUES ('IT301', 'BIM Data Management', 12, 99, 7.5, DATE '2020-01-01');
INSERT INTO course_layout (course_code, course_name, min_students, max_students, hp, valid_from) VALUES ('CE400', 'Geotechnical Engineering', 19, 96, 7.5, DATE '2020-01-01');
INSERT INTO course_layout (course_code, course_name, min_students, max_students, hp, valid_from) VALUES ('IT101', 'Programming in Python', 19, 64, 15.0, DATE '2020-01-01');
INSERT INTO course_layout (course_code, course_name, min_students, max_students, hp, valid_from) VALUES ('CE202', 'Fluid Mechanics', 13, 85, 7.5, DATE '2020-01-01');
INSERT INTO course_layout (course_code, course_name, min_students, max_students, hp, valid_from) VALUES ('AT105', 'CAD Fundamentals', 18, 65, 15.0, DATE '2020-01-01');
INSERT INTO course_layout (course_code, course_name, min_students, max_students, hp, valid_from) VALUES ('UP201', 'Urban GIS Systems', 15, 73, 15.0, DATE '2020-01-01');
INSERT INTO course_layout (course_code, course_name, min_students, max_students, hp, valid_from) VALUES ('CE500', 'Master Thesis Project', 17, 64, 7.5, DATE '2020-01-01');

-- People, Employees, Phones, Addresses
INSERT INTO person (personal_number, first_name, last_name) VALUES ('550816-7930', 'Jeffrey', 'Powell');
INSERT INTO address (person_id, address) VALUES (1, '0268 Garcia Rue Apt. 372, Stephensland, SC 45729');
INSERT INTO phone (person_id, phone_number) VALUES (1, '001-801-443-0628x114');
INSERT INTO employee (person_id, job_title_id, department_id, manager_id, salary_history_id) VALUES (1, 2, 2, 1, 1);
INSERT INTO person (personal_number, first_name, last_name) VALUES ('530511-3915', 'Steven', 'Harper');
INSERT INTO address (person_id, address) VALUES (2, '985 Jonathan Light, West Laurenchester, OK 80673');
INSERT INTO phone (person_id, phone_number) VALUES (2, '+1-438-909-2710x9937');
INSERT INTO employee (person_id, job_title_id, department_id, manager_id, salary_history_id) VALUES (2, 4, 1, 2, 2);
INSERT INTO person (personal_number, first_name, last_name) VALUES ('790410-7332', 'Brett', 'Carr');
INSERT INTO address (person_id, address) VALUES (3, '489 Jean Causeway Suite 349, New Ashleyburgh, AZ 86297');
INSERT INTO phone (person_id, phone_number) VALUES (3, '(816)747-6379x71436');
INSERT INTO employee (person_id, job_title_id, department_id, manager_id, salary_history_id) VALUES (3, 5, 2, 2, 3);
INSERT INTO person (personal_number, first_name, last_name) VALUES ('670911-6083', 'Nicole', 'Townsend');
INSERT INTO address (person_id, address) VALUES (4, '0435 Brittney View, Port Ashleyville, HI 38492');
INSERT INTO phone (person_id, phone_number) VALUES (4, '001-368-485-7872x0146');
INSERT INTO employee (person_id, job_title_id, department_id, manager_id, salary_history_id) VALUES (4, 1, 3, 2, 4);
INSERT INTO person (personal_number, first_name, last_name) VALUES ('831103-8137', 'Eric', 'Golden');
INSERT INTO address (person_id, address) VALUES (5, '06101 Johnson Vista, Port Chad, RI 48003');
INSERT INTO phone (person_id, phone_number) VALUES (5, '(672)774-8376');
INSERT INTO employee (person_id, job_title_id, department_id, manager_id, salary_history_id) VALUES (5, 4, 3, 4, 5);
INSERT INTO person (personal_number, first_name, last_name) VALUES ('730705-8047', 'Steven', 'Carlson');
INSERT INTO address (person_id, address) VALUES (6, '597 Mary Squares Suite 664, East Josephton, WY 18144');
INSERT INTO phone (person_id, phone_number) VALUES (6, '(573)706-8314x484');
INSERT INTO employee (person_id, job_title_id, department_id, manager_id, salary_history_id) VALUES (6, 2, 4, 3, 6);
INSERT INTO person (personal_number, first_name, last_name) VALUES ('580525-8885', 'Tiffany', 'Roth');
INSERT INTO address (person_id, address) VALUES (7, 'Unit 5813 Box 9383, DPO AA 06119');
INSERT INTO phone (person_id, phone_number) VALUES (7, '297-937-2951x84455');
INSERT INTO employee (person_id, job_title_id, department_id, manager_id, salary_history_id) VALUES (7, 2, 1, 3, 7);
INSERT INTO person (personal_number, first_name, last_name) VALUES ('930527-1006', 'Heather', 'Johns');
INSERT INTO address (person_id, address) VALUES (8, '20291 Cassandra Ferry Apt. 972, Dianastad, OK 20087');
INSERT INTO phone (person_id, phone_number) VALUES (8, '001-789-692-6877');
INSERT INTO employee (person_id, job_title_id, department_id, manager_id, salary_history_id) VALUES (8, 3, 2, 6, 8);
INSERT INTO person (personal_number, first_name, last_name) VALUES ('950607-8939', 'Christine', 'Webster');
INSERT INTO address (person_id, address) VALUES (9, '605 Ramirez Fords Apt. 109, Sullivanborough, IA 97091');
INSERT INTO phone (person_id, phone_number) VALUES (9, '955-305-2414x50097');
INSERT INTO employee (person_id, job_title_id, department_id, manager_id, salary_history_id) VALUES (9, 3, 3, 6, 9);
INSERT INTO person (personal_number, first_name, last_name) VALUES ('991209-0454', 'Amber', 'Soto');
INSERT INTO address (person_id, address) VALUES (10, '98787 Sandra Hill Suite 439, Lindaview, KY 13210');
INSERT INTO phone (person_id, phone_number) VALUES (10, '512-312-4808x34689');
INSERT INTO employee (person_id, job_title_id, department_id, manager_id, salary_history_id) VALUES (10, 3, 1, 9, 10);
INSERT INTO person (personal_number, first_name, last_name) VALUES ('901118-1133', 'Sarah', 'Goodman');
INSERT INTO address (person_id, address) VALUES (11, '48630 Samantha Dale Apt. 544, West Kimberly, LA 81230');
INSERT INTO phone (person_id, phone_number) VALUES (11, '+1-440-281-4068');
INSERT INTO employee (person_id, job_title_id, department_id, manager_id, salary_history_id) VALUES (11, 1, 1, 3, 11);
INSERT INTO person (personal_number, first_name, last_name) VALUES ('760923-2216', 'Robert', 'Mcdaniel');
INSERT INTO address (person_id, address) VALUES (12, '92513 Garcia Oval, Turnerfort, NC 09719');
INSERT INTO phone (person_id, phone_number) VALUES (12, '572.715.2074x0383');
INSERT INTO employee (person_id, job_title_id, department_id, manager_id, salary_history_id) VALUES (12, 4, 3, 9, 12);
INSERT INTO person (personal_number, first_name, last_name) VALUES ('700825-6613', 'Jason', 'Martin');
INSERT INTO address (person_id, address) VALUES (13, 'USS Smith, FPO AA 68956');
INSERT INTO phone (person_id, phone_number) VALUES (13, '913.749.8213');
INSERT INTO employee (person_id, job_title_id, department_id, manager_id, salary_history_id) VALUES (13, 5, 3, 8, 13);
INSERT INTO person (personal_number, first_name, last_name) VALUES ('840314-6679', 'Michael', 'Walsh');
INSERT INTO address (person_id, address) VALUES (14, '7180 Barnett Underpass, Collierburgh, MI 75743');
INSERT INTO phone (person_id, phone_number) VALUES (14, '(853)713-2258');
INSERT INTO employee (person_id, job_title_id, department_id, manager_id, salary_history_id) VALUES (14, 1, 3, 11, 14);
INSERT INTO person (personal_number, first_name, last_name) VALUES ('621123-0867', 'Joseph', 'Garrett');
INSERT INTO address (person_id, address) VALUES (15, 'PSC 4533, Box 4244, APO AE 91020');
INSERT INTO phone (person_id, phone_number) VALUES (15, '(752)404-1277');
INSERT INTO employee (person_id, job_title_id, department_id, manager_id, salary_history_id) VALUES (15, 3, 4, 10, 15);
INSERT INTO person (personal_number, first_name, last_name) VALUES ('640225-1323', 'Carlos', 'Powers');
INSERT INTO address (person_id, address) VALUES (16, '93816 Santos Summit, Davismouth, NJ 52824');
INSERT INTO phone (person_id, phone_number) VALUES (16, '641-969-0995x6955');
INSERT INTO employee (person_id, job_title_id, department_id, manager_id, salary_history_id) VALUES (16, 2, 4, 3, 16);
INSERT INTO person (personal_number, first_name, last_name) VALUES ('880503-0453', 'Emily', 'Davidson');
INSERT INTO address (person_id, address) VALUES (17, '357 Hodge Motorway Apt. 269, Wilkinston, MS 52792');
INSERT INTO phone (person_id, phone_number) VALUES (17, '(749)931-2299');
INSERT INTO employee (person_id, job_title_id, department_id, manager_id, salary_history_id) VALUES (17, 5, 4, 10, 17);
INSERT INTO person (personal_number, first_name, last_name) VALUES ('850316-5850', 'Steven', 'Quinn');
INSERT INTO address (person_id, address) VALUES (18, '021 Victoria Roads Apt. 664, North Timothy, MH 31658');
INSERT INTO phone (person_id, phone_number) VALUES (18, '(201)965-5028x80560');
INSERT INTO employee (person_id, job_title_id, department_id, manager_id, salary_history_id) VALUES (18, 4, 4, 7, 18);
INSERT INTO person (personal_number, first_name, last_name) VALUES ('891210-2569', 'Martin', 'Lopez');
INSERT INTO address (person_id, address) VALUES (19, '46046 Lindsey Divide, Munozfurt, RI 09492');
INSERT INTO phone (person_id, phone_number) VALUES (19, '824-339-9459x7027');
INSERT INTO employee (person_id, job_title_id, department_id, manager_id, salary_history_id) VALUES (19, 4, 3, 3, 19);
INSERT INTO person (personal_number, first_name, last_name) VALUES ('501023-1375', 'Timothy', 'Love');
INSERT INTO address (person_id, address) VALUES (20, '5153 Bowman Courts Suite 987, New Rhonda, NH 03916');
INSERT INTO phone (person_id, phone_number) VALUES (20, '001-218-869-3938x13174');
INSERT INTO employee (person_id, job_title_id, department_id, manager_id, salary_history_id) VALUES (20, 1, 3, 12, 20);
INSERT INTO person (personal_number, first_name, last_name) VALUES ('570307-2131', 'Julie', 'Blevins');
INSERT INTO address (person_id, address) VALUES (21, '67024 John Summit Apt. 341, Lake Jeannetown, WY 09064');
INSERT INTO phone (person_id, phone_number) VALUES (21, '766.613.1613x25612');
INSERT INTO employee (person_id, job_title_id, department_id, manager_id, salary_history_id) VALUES (21, 3, 2, 6, 21);
INSERT INTO person (personal_number, first_name, last_name) VALUES ('820202-6097', 'Timothy', 'King');
INSERT INTO address (person_id, address) VALUES (22, '6323 Megan Plains Apt. 099, East Danielle, NE 30269');
INSERT INTO phone (person_id, phone_number) VALUES (22, '001-647-511-6628x8657');
INSERT INTO employee (person_id, job_title_id, department_id, manager_id, salary_history_id) VALUES (22, 5, 1, 22, 22);
INSERT INTO person (personal_number, first_name, last_name) VALUES ('780923-6296', 'Benjamin', 'Wagner');
INSERT INTO address (person_id, address) VALUES (23, '466 Cooper Parkways, New Ernestchester, HI 80160');
INSERT INTO phone (person_id, phone_number) VALUES (23, '(543)751-8497x87857');
INSERT INTO employee (person_id, job_title_id, department_id, manager_id, salary_history_id) VALUES (23, 1, 2, 19, 23);
INSERT INTO person (personal_number, first_name, last_name) VALUES ('580816-9508', 'Kevin', 'Ritter');
INSERT INTO address (person_id, address) VALUES (24, '9150 Forbes Pines, Michaelhaven, DE 93413');
INSERT INTO phone (person_id, phone_number) VALUES (24, '595.718.5553x154');
INSERT INTO employee (person_id, job_title_id, department_id, manager_id, salary_history_id) VALUES (24, 5, 2, 11, 24);
INSERT INTO person (personal_number, first_name, last_name) VALUES ('511128-6714', 'Robert', 'Vaughn');
INSERT INTO address (person_id, address) VALUES (25, '5567 Evan Ridges Apt. 579, Yorkbury, CO 53980');
INSERT INTO phone (person_id, phone_number) VALUES (25, '7006578750');
INSERT INTO employee (person_id, job_title_id, department_id, manager_id, salary_history_id) VALUES (25, 2, 2, 23, 25);
INSERT INTO person (personal_number, first_name, last_name) VALUES ('790604-9284', 'Patricia', 'Kelley');
INSERT INTO address (person_id, address) VALUES (26, '4734 John Manor Apt. 974, North Mariaberg, DC 73334');
INSERT INTO phone (person_id, phone_number) VALUES (26, '001-300-408-7227x307');
INSERT INTO employee (person_id, job_title_id, department_id, manager_id, salary_history_id) VALUES (26, 1, 1, 3, 26);
INSERT INTO person (personal_number, first_name, last_name) VALUES ('011104-9681', 'Joseph', 'Matthews');
INSERT INTO address (person_id, address) VALUES (27, '38585 Williams Via Apt. 972, Port Gina, VI 49942');
INSERT INTO phone (person_id, phone_number) VALUES (27, '4759650899');
INSERT INTO employee (person_id, job_title_id, department_id, manager_id, salary_history_id) VALUES (27, 2, 1, 19, 27);
INSERT INTO person (personal_number, first_name, last_name) VALUES ('780615-2465', 'Lucas', 'Adams');
INSERT INTO address (person_id, address) VALUES (28, '16366 Murphy Wells Suite 131, Rhondaland, VT 03175');
INSERT INTO phone (person_id, phone_number) VALUES (28, '(337)678-4696x529');
INSERT INTO employee (person_id, job_title_id, department_id, manager_id, salary_history_id) VALUES (28, 2, 3, 20, 28);
INSERT INTO person (personal_number, first_name, last_name) VALUES ('530212-1338', 'Dana', 'Chan');
INSERT INTO address (person_id, address) VALUES (29, 'PSC 4612, Box 1813, APO AE 73318');
INSERT INTO phone (person_id, phone_number) VALUES (29, '304-852-3758x58319');
INSERT INTO employee (person_id, job_title_id, department_id, manager_id, salary_history_id) VALUES (29, 2, 1, 16, 29);
INSERT INTO person (personal_number, first_name, last_name) VALUES ('570501-6530', 'Joy', 'Norman');
INSERT INTO address (person_id, address) VALUES (30, '7077 Daniels Wells, South Theodoreville, AS 62251');
INSERT INTO phone (person_id, phone_number) VALUES (30, '001-845-856-5398x13184');
INSERT INTO employee (person_id, job_title_id, department_id, manager_id, salary_history_id) VALUES (30, 4, 2, 3, 30);
INSERT INTO person (personal_number, first_name, last_name) VALUES ('560312-6881', 'Rebecca', 'Haney');
INSERT INTO address (person_id, address) VALUES (31, '77672 Taylor Hill Apt. 518, West Joefort, WY 38317');
INSERT INTO phone (person_id, phone_number) VALUES (31, '(760)717-7544x2596');
INSERT INTO employee (person_id, job_title_id, department_id, manager_id, salary_history_id) VALUES (31, 5, 2, 24, 31);
INSERT INTO person (personal_number, first_name, last_name) VALUES ('970727-5971', 'Derek', 'Burns');
INSERT INTO address (person_id, address) VALUES (32, '5276 Benjamin Island, Port John, ID 06847');
INSERT INTO phone (person_id, phone_number) VALUES (32, '598-204-8072x33246');
INSERT INTO employee (person_id, job_title_id, department_id, manager_id, salary_history_id) VALUES (32, 1, 2, 27, 32);
INSERT INTO person (personal_number, first_name, last_name) VALUES ('560224-5451', 'Robert', 'Watson');
INSERT INTO address (person_id, address) VALUES (33, '0720 White Crossroad Apt. 209, Holmesmouth, IA 69178');
INSERT INTO phone (person_id, phone_number) VALUES (33, '+1-713-714-4770');
INSERT INTO employee (person_id, job_title_id, department_id, manager_id, salary_history_id) VALUES (33, 1, 3, 3, 33);
INSERT INTO person (personal_number, first_name, last_name) VALUES ('660204-6294', 'Ricardo', 'Allen');
INSERT INTO address (person_id, address) VALUES (34, 'USCGC Gray, FPO AE 94781');
INSERT INTO phone (person_id, phone_number) VALUES (34, '904.242.4995');
INSERT INTO employee (person_id, job_title_id, department_id, manager_id, salary_history_id) VALUES (34, 1, 1, 12, 34);
INSERT INTO person (personal_number, first_name, last_name) VALUES ('620503-3552', 'Brittany', 'Young');
INSERT INTO address (person_id, address) VALUES (35, '123 Sandra Drive, Port Wanda, LA 64922');
INSERT INTO phone (person_id, phone_number) VALUES (35, '001-985-763-7968x8841');
INSERT INTO employee (person_id, job_title_id, department_id, manager_id, salary_history_id) VALUES (35, 2, 4, 30, 35);
INSERT INTO person (personal_number, first_name, last_name) VALUES ('570218-5085', 'Robert', 'Williams');
INSERT INTO address (person_id, address) VALUES (36, '47406 James Rapid Apt. 626, West Jessica, GU 76999');
INSERT INTO phone (person_id, phone_number) VALUES (36, '(261)906-2985x563');
INSERT INTO employee (person_id, job_title_id, department_id, manager_id, salary_history_id) VALUES (36, 4, 3, 26, 36);
INSERT INTO person (personal_number, first_name, last_name) VALUES ('530110-3762', 'Courtney', 'Lam');
INSERT INTO address (person_id, address) VALUES (37, '0680 Theresa Grove Apt. 880, Riggsfort, VT 10903');
INSERT INTO phone (person_id, phone_number) VALUES (37, '(327)411-3406x2144');
INSERT INTO employee (person_id, job_title_id, department_id, manager_id, salary_history_id) VALUES (37, 2, 2, 37, 37);
INSERT INTO person (personal_number, first_name, last_name) VALUES ('560519-6338', 'Christina', 'Stanton');
INSERT INTO address (person_id, address) VALUES (38, '935 Kayla Ports, Larrymouth, LA 85017');
INSERT INTO phone (person_id, phone_number) VALUES (38, '001-411-415-4206');
INSERT INTO employee (person_id, job_title_id, department_id, manager_id, salary_history_id) VALUES (38, 4, 2, 26, 38);
INSERT INTO person (personal_number, first_name, last_name) VALUES ('590818-6715', 'Julian', 'Grimes');
INSERT INTO address (person_id, address) VALUES (39, '742 Scott Court, Davistown, AL 23249');
INSERT INTO phone (person_id, phone_number) VALUES (39, '(408)462-0709x9338');
INSERT INTO employee (person_id, job_title_id, department_id, manager_id, salary_history_id) VALUES (39, 5, 2, 12, 39);
INSERT INTO person (personal_number, first_name, last_name) VALUES ('731219-2734', 'Clinton', 'Patterson');
INSERT INTO address (person_id, address) VALUES (40, '47193 Bailey Grove Apt. 296, East Ashleychester, NC 06901');
INSERT INTO phone (person_id, phone_number) VALUES (40, '849-257-3544');
INSERT INTO employee (person_id, job_title_id, department_id, manager_id, salary_history_id) VALUES (40, 5, 1, 17, 40);
INSERT INTO person (personal_number, first_name, last_name) VALUES ('010708-0091', 'Kimberly', 'Moore');
INSERT INTO address (person_id, address) VALUES (41, '77610 Thomas Viaduct, Alexanderborough, RI 43877');
INSERT INTO phone (person_id, phone_number) VALUES (41, '001-630-523-0758');
INSERT INTO employee (person_id, job_title_id, department_id, manager_id, salary_history_id) VALUES (41, 2, 4, 31, 41);
INSERT INTO person (personal_number, first_name, last_name) VALUES ('730728-7821', 'Edward', 'Green');
INSERT INTO address (person_id, address) VALUES (42, '50736 Sarah Turnpike, Lake Robertchester, FM 58133');
INSERT INTO phone (person_id, phone_number) VALUES (42, '001-726-606-6657x654');
INSERT INTO employee (person_id, job_title_id, department_id, manager_id, salary_history_id) VALUES (42, 5, 2, 19, 42);
INSERT INTO person (personal_number, first_name, last_name) VALUES ('601124-6172', 'Nicholas', 'Santiago');
INSERT INTO address (person_id, address) VALUES (43, '63932 Edwards Inlet Apt. 634, West Jeremiah, NC 11429');
INSERT INTO phone (person_id, phone_number) VALUES (43, '892.923.0291x11100');
INSERT INTO employee (person_id, job_title_id, department_id, manager_id, salary_history_id) VALUES (43, 2, 2, 24, 43);
INSERT INTO person (personal_number, first_name, last_name) VALUES ('560420-1404', 'Joseph', 'Crane');
INSERT INTO address (person_id, address) VALUES (44, 'PSC 2139, Box 7879, APO AA 92831');
INSERT INTO phone (person_id, phone_number) VALUES (44, '(400)339-9389x897');
INSERT INTO employee (person_id, job_title_id, department_id, manager_id, salary_history_id) VALUES (44, 5, 1, 24, 44);
INSERT INTO person (personal_number, first_name, last_name) VALUES ('701227-0844', 'Joshua', 'Hoffman');
INSERT INTO address (person_id, address) VALUES (45, '97287 Grant Mountain, North Briana, OR 91510');
INSERT INTO phone (person_id, phone_number) VALUES (45, '950-411-9015');
INSERT INTO employee (person_id, job_title_id, department_id, manager_id, salary_history_id) VALUES (45, 5, 4, 24, 45);
INSERT INTO person (personal_number, first_name, last_name) VALUES ('560907-9979', 'Eric', 'Powers');
INSERT INTO address (person_id, address) VALUES (46, '047 Kristina Ville, New Nicholasside, NE 52932');
INSERT INTO phone (person_id, phone_number) VALUES (46, '+1-494-829-9352x8392');
INSERT INTO employee (person_id, job_title_id, department_id, manager_id, salary_history_id) VALUES (46, 4, 1, 13, 46);
INSERT INTO person (personal_number, first_name, last_name) VALUES ('680224-3831', 'Edward', 'Thomas');
INSERT INTO address (person_id, address) VALUES (47, '6325 Perez Mount Suite 361, East Jeremiah, KY 41239');
INSERT INTO phone (person_id, phone_number) VALUES (47, '9575659388');
INSERT INTO employee (person_id, job_title_id, department_id, manager_id, salary_history_id) VALUES (47, 1, 3, 46, 47);
INSERT INTO person (personal_number, first_name, last_name) VALUES ('531120-3349', 'Michael', 'Davis');
INSERT INTO address (person_id, address) VALUES (48, '496 Robertson Mission, Davisburgh, UT 54292');
INSERT INTO phone (person_id, phone_number) VALUES (48, '250.841.7696x337');
INSERT INTO employee (person_id, job_title_id, department_id, manager_id, salary_history_id) VALUES (48, 2, 3, 33, 48);
INSERT INTO person (personal_number, first_name, last_name) VALUES ('530623-9604', 'April', 'Vaughn');
INSERT INTO address (person_id, address) VALUES (49, '9157 Benjamin Lodge, West Christine, KY 94505');
INSERT INTO phone (person_id, phone_number) VALUES (49, '+1-635-645-9374');
INSERT INTO employee (person_id, job_title_id, department_id, manager_id, salary_history_id) VALUES (49, 1, 1, 32, 49);
INSERT INTO person (personal_number, first_name, last_name) VALUES ('001120-8900', 'Patricia', 'Rogers');
INSERT INTO address (person_id, address) VALUES (50, '6212 Woods Knoll Suite 871, South Michelle, WV 53755');
INSERT INTO phone (person_id, phone_number) VALUES (50, '(996)458-0588x2695');
INSERT INTO employee (person_id, job_title_id, department_id, manager_id, salary_history_id) VALUES (50, 2, 1, 38, 50);

-- Salary History
INSERT INTO salary_history (salary_amount, valid_from, employee_id) VALUES (63467, DATE '2024-01-01', 1);
INSERT INTO salary_history (salary_amount, valid_from, employee_id) VALUES (39614, DATE '2024-01-01', 2);
INSERT INTO salary_history (salary_amount, valid_from, employee_id) VALUES (61646, DATE '2024-01-01', 3);
INSERT INTO salary_history (salary_amount, valid_from, employee_id) VALUES (44729, DATE '2024-01-01', 4);
INSERT INTO salary_history (salary_amount, valid_from, employee_id) VALUES (57847, DATE '2024-01-01', 5);
INSERT INTO salary_history (salary_amount, valid_from, employee_id) VALUES (63044, DATE '2024-01-01', 6);
INSERT INTO salary_history (salary_amount, valid_from, employee_id) VALUES (60797, DATE '2024-01-01', 7);
INSERT INTO salary_history (salary_amount, valid_from, employee_id) VALUES (31160, DATE '2024-01-01', 8);
INSERT INTO salary_history (salary_amount, valid_from, employee_id) VALUES (42231, DATE '2024-01-01', 9);
INSERT INTO salary_history (salary_amount, valid_from, employee_id) VALUES (48236, DATE '2024-01-01', 10);
INSERT INTO salary_history (salary_amount, valid_from, employee_id) VALUES (52968, DATE '2024-01-01', 11);
INSERT INTO salary_history (salary_amount, valid_from, employee_id) VALUES (41382, DATE '2024-01-01', 12);
INSERT INTO salary_history (salary_amount, valid_from, employee_id) VALUES (30416, DATE '2024-01-01', 13);
INSERT INTO salary_history (salary_amount, valid_from, employee_id) VALUES (54494, DATE '2024-01-01', 14);
INSERT INTO salary_history (salary_amount, valid_from, employee_id) VALUES (52283, DATE '2024-01-01', 15);
INSERT INTO salary_history (salary_amount, valid_from, employee_id) VALUES (57396, DATE '2024-01-01', 16);
INSERT INTO salary_history (salary_amount, valid_from, employee_id) VALUES (42289, DATE '2024-01-01', 17);
INSERT INTO salary_history (salary_amount, valid_from, employee_id) VALUES (46144, DATE '2024-01-01', 18);
INSERT INTO salary_history (salary_amount, valid_from, employee_id) VALUES (57394, DATE '2024-01-01', 19);
INSERT INTO salary_history (salary_amount, valid_from, employee_id) VALUES (34825, DATE '2024-01-01', 20);
INSERT INTO salary_history (salary_amount, valid_from, employee_id) VALUES (30351, DATE '2024-01-01', 21);
INSERT INTO salary_history (salary_amount, valid_from, employee_id) VALUES (55963, DATE '2024-01-01', 22);
INSERT INTO salary_history (salary_amount, valid_from, employee_id) VALUES (35416, DATE '2024-01-01', 23);
INSERT INTO salary_history (salary_amount, valid_from, employee_id) VALUES (40950, DATE '2024-01-01', 24);
INSERT INTO salary_history (salary_amount, valid_from, employee_id) VALUES (58669, DATE '2024-01-01', 25);
INSERT INTO salary_history (salary_amount, valid_from, employee_id) VALUES (47511, DATE '2024-01-01', 26);
INSERT INTO salary_history (salary_amount, valid_from, employee_id) VALUES (45809, DATE '2024-01-01', 27);
INSERT INTO salary_history (salary_amount, valid_from, employee_id) VALUES (54830, DATE '2024-01-01', 28);
INSERT INTO salary_history (salary_amount, valid_from, employee_id) VALUES (50719, DATE '2024-01-01', 29);
INSERT INTO salary_history (salary_amount, valid_from, employee_id) VALUES (49597, DATE '2024-01-01', 30);
INSERT INTO salary_history (salary_amount, valid_from, employee_id) VALUES (64965, DATE '2024-01-01', 31);
INSERT INTO salary_history (salary_amount, valid_from, employee_id) VALUES (58930, DATE '2024-01-01', 32);
INSERT INTO salary_history (salary_amount, valid_from, employee_id) VALUES (42117, DATE '2024-01-01', 33);
INSERT INTO salary_history (salary_amount, valid_from, employee_id) VALUES (62326, DATE '2024-01-01', 34);
INSERT INTO salary_history (salary_amount, valid_from, employee_id) VALUES (37111, DATE '2024-01-01', 35);
INSERT INTO salary_history (salary_amount, valid_from, employee_id) VALUES (34732, DATE '2024-01-01', 36);
INSERT INTO salary_history (salary_amount, valid_from, employee_id) VALUES (61049, DATE '2024-01-01', 37);
INSERT INTO salary_history (salary_amount, valid_from, employee_id) VALUES (32951, DATE '2024-01-01', 38);
INSERT INTO salary_history (salary_amount, valid_from, employee_id) VALUES (56485, DATE '2024-01-01', 39);
INSERT INTO salary_history (salary_amount, valid_from, employee_id) VALUES (49830, DATE '2024-01-01', 40);
INSERT INTO salary_history (salary_amount, valid_from, employee_id) VALUES (41712, DATE '2024-01-01', 41);
INSERT INTO salary_history (salary_amount, valid_from, employee_id) VALUES (40318, DATE '2024-01-01', 42);
INSERT INTO salary_history (salary_amount, valid_from, employee_id) VALUES (36817, DATE '2024-01-01', 43);
INSERT INTO salary_history (salary_amount, valid_from, employee_id) VALUES (60714, DATE '2024-01-01', 44);
INSERT INTO salary_history (salary_amount, valid_from, employee_id) VALUES (47185, DATE '2024-01-01', 45);
INSERT INTO salary_history (salary_amount, valid_from, employee_id) VALUES (47435, DATE '2024-01-01', 46);
INSERT INTO salary_history (salary_amount, valid_from, employee_id) VALUES (51923, DATE '2024-01-01', 47);
INSERT INTO salary_history (salary_amount, valid_from, employee_id) VALUES (30758, DATE '2024-01-01', 48);
INSERT INTO salary_history (salary_amount, valid_from, employee_id) VALUES (46866, DATE '2024-01-01', 49);
INSERT INTO salary_history (salary_amount, valid_from, employee_id) VALUES (57392, DATE '2024-01-01', 50);

-- Course Instances
INSERT INTO course_instance (num_students, study_year, course_layout_id) VALUES (56, '2024', 2);
INSERT INTO course_instance (num_students, study_year, course_layout_id) VALUES (64, '2024', 10);
INSERT INTO course_instance (num_students, study_year, course_layout_id) VALUES (48, '2024', 5);
INSERT INTO course_instance (num_students, study_year, course_layout_id) VALUES (64, '2024', 1);
INSERT INTO course_instance (num_students, study_year, course_layout_id) VALUES (32, '2024', 6);
INSERT INTO course_instance (num_students, study_year, course_layout_id) VALUES (68, '2024', 6);
INSERT INTO course_instance (num_students, study_year, course_layout_id) VALUES (22, '2024', 7);
INSERT INTO course_instance (num_students, study_year, course_layout_id) VALUES (55, '2024', 1);
INSERT INTO course_instance (num_students, study_year, course_layout_id) VALUES (76, '2024', 3);
INSERT INTO course_instance (num_students, study_year, course_layout_id) VALUES (60, '2024', 10);
INSERT INTO course_instance (num_students, study_year, course_layout_id) VALUES (73, '2024', 6);
INSERT INTO course_instance (num_students, study_year, course_layout_id) VALUES (26, '2024', 7);
INSERT INTO course_instance (num_students, study_year, course_layout_id) VALUES (28, '2024', 7);
INSERT INTO course_instance (num_students, study_year, course_layout_id) VALUES (32, '2024', 1);
INSERT INTO course_instance (num_students, study_year, course_layout_id) VALUES (62, '2024', 10);
INSERT INTO course_instance (num_students, study_year, course_layout_id) VALUES (57, '2024', 8);
INSERT INTO course_instance (num_students, study_year, course_layout_id) VALUES (27, '2024', 10);
INSERT INTO course_instance (num_students, study_year, course_layout_id) VALUES (15, '2024', 6);
INSERT INTO course_instance (num_students, study_year, course_layout_id) VALUES (42, '2024', 1);
INSERT INTO course_instance (num_students, study_year, course_layout_id) VALUES (45, '2024', 10);
INSERT INTO course_instance (num_students, study_year, course_layout_id) VALUES (35, '2024', 4);
INSERT INTO course_instance (num_students, study_year, course_layout_id) VALUES (77, '2024', 5);
INSERT INTO course_instance (num_students, study_year, course_layout_id) VALUES (39, '2024', 8);
INSERT INTO course_instance (num_students, study_year, course_layout_id) VALUES (18, '2024', 5);
INSERT INTO course_instance (num_students, study_year, course_layout_id) VALUES (66, '2024', 4);
INSERT INTO course_instance (num_students, study_year, course_layout_id) VALUES (60, '2024', 2);
INSERT INTO course_instance (num_students, study_year, course_layout_id) VALUES (44, '2024', 9);
INSERT INTO course_instance (num_students, study_year, course_layout_id) VALUES (26, '2024', 3);
INSERT INTO course_instance (num_students, study_year, course_layout_id) VALUES (48, '2024', 2);
INSERT INTO course_instance (num_students, study_year, course_layout_id) VALUES (58, '2024', 8);

-- Course Instance Periods
INSERT INTO course_instance_period (study_period_id) VALUES (2);
INSERT INTO course_instance_period (study_period_id) VALUES (1);
INSERT INTO course_instance_period (study_period_id) VALUES (4);
INSERT INTO course_instance_period (study_period_id) VALUES (4);
INSERT INTO course_instance_period (study_period_id) VALUES (2);
INSERT INTO course_instance_period (study_period_id) VALUES (4);
INSERT INTO course_instance_period (study_period_id) VALUES (4);
INSERT INTO course_instance_period (study_period_id) VALUES (1);
INSERT INTO course_instance_period (study_period_id) VALUES (3);
INSERT INTO course_instance_period (study_period_id) VALUES (2);
INSERT INTO course_instance_period (study_period_id) VALUES (1);
INSERT INTO course_instance_period (study_period_id) VALUES (4);
INSERT INTO course_instance_period (study_period_id) VALUES (4);
INSERT INTO course_instance_period (study_period_id) VALUES (3);
INSERT INTO course_instance_period (study_period_id) VALUES (2);
INSERT INTO course_instance_period (study_period_id) VALUES (4);
INSERT INTO course_instance_period (study_period_id) VALUES (1);
INSERT INTO course_instance_period (study_period_id) VALUES (4);
INSERT INTO course_instance_period (study_period_id) VALUES (2);
INSERT INTO course_instance_period (study_period_id) VALUES (4);
INSERT INTO course_instance_period (study_period_id) VALUES (3);
INSERT INTO course_instance_period (study_period_id) VALUES (4);
INSERT INTO course_instance_period (study_period_id) VALUES (4);
INSERT INTO course_instance_period (study_period_id) VALUES (4);
INSERT INTO course_instance_period (study_period_id) VALUES (2);
INSERT INTO course_instance_period (study_period_id) VALUES (1);
INSERT INTO course_instance_period (study_period_id) VALUES (2);
INSERT INTO course_instance_period (study_period_id) VALUES (3);
INSERT INTO course_instance_period (study_period_id) VALUES (2);
INSERT INTO course_instance_period (study_period_id) VALUES (3);

-- Employee Skills
INSERT INTO employee_skill (employee_id, skill_id) VALUES (1, 7);
INSERT INTO employee_skill (employee_id, skill_id) VALUES (2, 3);
INSERT INTO employee_skill (employee_id, skill_id) VALUES (2, 2);
INSERT INTO employee_skill (employee_id, skill_id) VALUES (3, 3);
INSERT INTO employee_skill (employee_id, skill_id) VALUES (3, 5);
INSERT INTO employee_skill (employee_id, skill_id) VALUES (4, 1);
INSERT INTO employee_skill (employee_id, skill_id) VALUES (4, 5);
INSERT INTO employee_skill (employee_id, skill_id) VALUES (4, 6);
INSERT INTO employee_skill (employee_id, skill_id) VALUES (5, 5);
INSERT INTO employee_skill (employee_id, skill_id) VALUES (5, 4);
INSERT INTO employee_skill (employee_id, skill_id) VALUES (6, 4);
INSERT INTO employee_skill (employee_id, skill_id) VALUES (6, 3);
INSERT INTO employee_skill (employee_id, skill_id) VALUES (7, 6);
INSERT INTO employee_skill (employee_id, skill_id) VALUES (7, 4);
INSERT INTO employee_skill (employee_id, skill_id) VALUES (7, 1);
INSERT INTO employee_skill (employee_id, skill_id) VALUES (8, 3);
INSERT INTO employee_skill (employee_id, skill_id) VALUES (8, 5);
INSERT INTO employee_skill (employee_id, skill_id) VALUES (9, 7);
INSERT INTO employee_skill (employee_id, skill_id) VALUES (10, 6);
INSERT INTO employee_skill (employee_id, skill_id) VALUES (11, 7);
INSERT INTO employee_skill (employee_id, skill_id) VALUES (11, 1);
INSERT INTO employee_skill (employee_id, skill_id) VALUES (12, 5);
INSERT INTO employee_skill (employee_id, skill_id) VALUES (12, 3);
INSERT INTO employee_skill (employee_id, skill_id) VALUES (12, 6);
INSERT INTO employee_skill (employee_id, skill_id) VALUES (13, 4);
INSERT INTO employee_skill (employee_id, skill_id) VALUES (14, 6);
INSERT INTO employee_skill (employee_id, skill_id) VALUES (14, 7);
INSERT INTO employee_skill (employee_id, skill_id) VALUES (14, 4);
INSERT INTO employee_skill (employee_id, skill_id) VALUES (15, 4);
INSERT INTO employee_skill (employee_id, skill_id) VALUES (16, 4);
INSERT INTO employee_skill (employee_id, skill_id) VALUES (16, 5);
INSERT INTO employee_skill (employee_id, skill_id) VALUES (17, 3);
INSERT INTO employee_skill (employee_id, skill_id) VALUES (17, 1);
INSERT INTO employee_skill (employee_id, skill_id) VALUES (18, 2);
INSERT INTO employee_skill (employee_id, skill_id) VALUES (19, 5);
INSERT INTO employee_skill (employee_id, skill_id) VALUES (19, 1);
INSERT INTO employee_skill (employee_id, skill_id) VALUES (20, 5);
INSERT INTO employee_skill (employee_id, skill_id) VALUES (20, 7);
INSERT INTO employee_skill (employee_id, skill_id) VALUES (21, 2);
INSERT INTO employee_skill (employee_id, skill_id) VALUES (21, 5);
INSERT INTO employee_skill (employee_id, skill_id) VALUES (21, 7);
INSERT INTO employee_skill (employee_id, skill_id) VALUES (22, 4);
INSERT INTO employee_skill (employee_id, skill_id) VALUES (22, 1);
INSERT INTO employee_skill (employee_id, skill_id) VALUES (23, 2);
INSERT INTO employee_skill (employee_id, skill_id) VALUES (23, 5);
INSERT INTO employee_skill (employee_id, skill_id) VALUES (24, 5);
INSERT INTO employee_skill (employee_id, skill_id) VALUES (25, 7);
INSERT INTO employee_skill (employee_id, skill_id) VALUES (26, 3);
INSERT INTO employee_skill (employee_id, skill_id) VALUES (27, 5);
INSERT INTO employee_skill (employee_id, skill_id) VALUES (27, 4);
INSERT INTO employee_skill (employee_id, skill_id) VALUES (28, 6);
INSERT INTO employee_skill (employee_id, skill_id) VALUES (28, 3);
INSERT INTO employee_skill (employee_id, skill_id) VALUES (28, 5);
INSERT INTO employee_skill (employee_id, skill_id) VALUES (29, 5);
INSERT INTO employee_skill (employee_id, skill_id) VALUES (30, 1);
INSERT INTO employee_skill (employee_id, skill_id) VALUES (30, 3);
INSERT INTO employee_skill (employee_id, skill_id) VALUES (30, 6);
INSERT INTO employee_skill (employee_id, skill_id) VALUES (31, 7);
INSERT INTO employee_skill (employee_id, skill_id) VALUES (32, 5);
INSERT INTO employee_skill (employee_id, skill_id) VALUES (32, 6);
INSERT INTO employee_skill (employee_id, skill_id) VALUES (33, 4);
INSERT INTO employee_skill (employee_id, skill_id) VALUES (34, 2);
INSERT INTO employee_skill (employee_id, skill_id) VALUES (34, 7);
INSERT INTO employee_skill (employee_id, skill_id) VALUES (35, 1);
INSERT INTO employee_skill (employee_id, skill_id) VALUES (35, 5);
INSERT INTO employee_skill (employee_id, skill_id) VALUES (35, 6);
INSERT INTO employee_skill (employee_id, skill_id) VALUES (36, 5);
INSERT INTO employee_skill (employee_id, skill_id) VALUES (37, 6);
INSERT INTO employee_skill (employee_id, skill_id) VALUES (37, 3);
INSERT INTO employee_skill (employee_id, skill_id) VALUES (37, 1);
INSERT INTO employee_skill (employee_id, skill_id) VALUES (38, 7);
INSERT INTO employee_skill (employee_id, skill_id) VALUES (38, 2);
INSERT INTO employee_skill (employee_id, skill_id) VALUES (39, 1);
INSERT INTO employee_skill (employee_id, skill_id) VALUES (39, 4);
INSERT INTO employee_skill (employee_id, skill_id) VALUES (40, 1);
INSERT INTO employee_skill (employee_id, skill_id) VALUES (40, 3);
INSERT INTO employee_skill (employee_id, skill_id) VALUES (40, 2);
INSERT INTO employee_skill (employee_id, skill_id) VALUES (41, 2);
INSERT INTO employee_skill (employee_id, skill_id) VALUES (41, 5);
INSERT INTO employee_skill (employee_id, skill_id) VALUES (41, 7);
INSERT INTO employee_skill (employee_id, skill_id) VALUES (42, 2);
INSERT INTO employee_skill (employee_id, skill_id) VALUES (43, 7);
INSERT INTO employee_skill (employee_id, skill_id) VALUES (43, 5);
INSERT INTO employee_skill (employee_id, skill_id) VALUES (44, 2);
INSERT INTO employee_skill (employee_id, skill_id) VALUES (44, 4);
INSERT INTO employee_skill (employee_id, skill_id) VALUES (45, 6);
INSERT INTO employee_skill (employee_id, skill_id) VALUES (46, 7);
INSERT INTO employee_skill (employee_id, skill_id) VALUES (47, 7);
INSERT INTO employee_skill (employee_id, skill_id) VALUES (48, 2);
INSERT INTO employee_skill (employee_id, skill_id) VALUES (48, 5);
INSERT INTO employee_skill (employee_id, skill_id) VALUES (49, 2);
INSERT INTO employee_skill (employee_id, skill_id) VALUES (49, 3);
INSERT INTO employee_skill (employee_id, skill_id) VALUES (49, 5);
INSERT INTO employee_skill (employee_id, skill_id) VALUES (50, 4);
INSERT INTO employee_skill (employee_id, skill_id) VALUES (50, 5);

-- Planned Activities
INSERT INTO planned_activity (teaching_activity_id, course_instance_id, study_period_id, planned_hours) VALUES (2, 1, 2, 40);
INSERT INTO planned_activity (teaching_activity_id, course_instance_id, study_period_id, planned_hours) VALUES (1, 2, 1, 35);
INSERT INTO planned_activity (teaching_activity_id, course_instance_id, study_period_id, planned_hours) VALUES (1, 3, 4, 17);
INSERT INTO planned_activity (teaching_activity_id, course_instance_id, study_period_id, planned_hours) VALUES (2, 4, 4, 30);
INSERT INTO planned_activity (teaching_activity_id, course_instance_id, study_period_id, planned_hours) VALUES (2, 5, 2, 46);
INSERT INTO planned_activity (teaching_activity_id, course_instance_id, study_period_id, planned_hours) VALUES (4, 6, 4, 49);
INSERT INTO planned_activity (teaching_activity_id, course_instance_id, study_period_id, planned_hours) VALUES (4, 7, 4, 46);
INSERT INTO planned_activity (teaching_activity_id, course_instance_id, study_period_id, planned_hours) VALUES (3, 8, 1, 39);
INSERT INTO planned_activity (teaching_activity_id, course_instance_id, study_period_id, planned_hours) VALUES (4, 9, 3, 23);
INSERT INTO planned_activity (teaching_activity_id, course_instance_id, study_period_id, planned_hours) VALUES (1, 10, 2, 39);
INSERT INTO planned_activity (teaching_activity_id, course_instance_id, study_period_id, planned_hours) VALUES (2, 11, 1, 47);
INSERT INTO planned_activity (teaching_activity_id, course_instance_id, study_period_id, planned_hours) VALUES (2, 12, 4, 38);
INSERT INTO planned_activity (teaching_activity_id, course_instance_id, study_period_id, planned_hours) VALUES (4, 13, 4, 34);
INSERT INTO planned_activity (teaching_activity_id, course_instance_id, study_period_id, planned_hours) VALUES (2, 14, 3, 37);
INSERT INTO planned_activity (teaching_activity_id, course_instance_id, study_period_id, planned_hours) VALUES (3, 15, 2, 46);
INSERT INTO planned_activity (teaching_activity_id, course_instance_id, study_period_id, planned_hours) VALUES (3, 16, 4, 48);
INSERT INTO planned_activity (teaching_activity_id, course_instance_id, study_period_id, planned_hours) VALUES (2, 17, 1, 24);
INSERT INTO planned_activity (teaching_activity_id, course_instance_id, study_period_id, planned_hours) VALUES (2, 18, 4, 47);
INSERT INTO planned_activity (teaching_activity_id, course_instance_id, study_period_id, planned_hours) VALUES (3, 19, 2, 12);
INSERT INTO planned_activity (teaching_activity_id, course_instance_id, study_period_id, planned_hours) VALUES (3, 20, 4, 40);
INSERT INTO planned_activity (teaching_activity_id, course_instance_id, study_period_id, planned_hours) VALUES (3, 21, 3, 34);
INSERT INTO planned_activity (teaching_activity_id, course_instance_id, study_period_id, planned_hours) VALUES (2, 22, 4, 27);
INSERT INTO planned_activity (teaching_activity_id, course_instance_id, study_period_id, planned_hours) VALUES (3, 23, 4, 43);
INSERT INTO planned_activity (teaching_activity_id, course_instance_id, study_period_id, planned_hours) VALUES (4, 24, 4, 44);
INSERT INTO planned_activity (teaching_activity_id, course_instance_id, study_period_id, planned_hours) VALUES (4, 25, 2, 22);
INSERT INTO planned_activity (teaching_activity_id, course_instance_id, study_period_id, planned_hours) VALUES (3, 26, 1, 15);
INSERT INTO planned_activity (teaching_activity_id, course_instance_id, study_period_id, planned_hours) VALUES (3, 27, 2, 24);
INSERT INTO planned_activity (teaching_activity_id, course_instance_id, study_period_id, planned_hours) VALUES (2, 28, 3, 15);
INSERT INTO planned_activity (teaching_activity_id, course_instance_id, study_period_id, planned_hours) VALUES (3, 29, 2, 35);
INSERT INTO planned_activity (teaching_activity_id, course_instance_id, study_period_id, planned_hours) VALUES (3, 30, 3, 36);

-- Activity Allocations
INSERT INTO activity_allocation (employee_id, teaching_activity_id, course_instance_id, study_period_id) VALUES (10, 2, 1, 2);
INSERT INTO activity_allocation (employee_id, teaching_activity_id, course_instance_id, study_period_id) VALUES (7, 1, 2, 1);
INSERT INTO activity_allocation (employee_id, teaching_activity_id, course_instance_id, study_period_id) VALUES (20, 1, 3, 4);
INSERT INTO activity_allocation (employee_id, teaching_activity_id, course_instance_id, study_period_id) VALUES (13, 2, 4, 4);
INSERT INTO activity_allocation (employee_id, teaching_activity_id, course_instance_id, study_period_id) VALUES (42, 2, 5, 2);
INSERT INTO activity_allocation (employee_id, teaching_activity_id, course_instance_id, study_period_id) VALUES (9, 4, 6, 4);
INSERT INTO activity_allocation (employee_id, teaching_activity_id, course_instance_id, study_period_id) VALUES (24, 4, 7, 4);
INSERT INTO activity_allocation (employee_id, teaching_activity_id, course_instance_id, study_period_id) VALUES (22, 3, 8, 1);
INSERT INTO activity_allocation (employee_id, teaching_activity_id, course_instance_id, study_period_id) VALUES (14, 4, 9, 3);
INSERT INTO activity_allocation (employee_id, teaching_activity_id, course_instance_id, study_period_id) VALUES (3, 1, 10, 2);
INSERT INTO activity_allocation (employee_id, teaching_activity_id, course_instance_id, study_period_id) VALUES (50, 2, 11, 1);
INSERT INTO activity_allocation (employee_id, teaching_activity_id, course_instance_id, study_period_id) VALUES (19, 2, 12, 4);
INSERT INTO activity_allocation (employee_id, teaching_activity_id, course_instance_id, study_period_id) VALUES (11, 4, 13, 4);
INSERT INTO activity_allocation (employee_id, teaching_activity_id, course_instance_id, study_period_id) VALUES (17, 2, 14, 3);
INSERT INTO activity_allocation (employee_id, teaching_activity_id, course_instance_id, study_period_id) VALUES (6, 3, 15, 2);
INSERT INTO activity_allocation (employee_id, teaching_activity_id, course_instance_id, study_period_id) VALUES (10, 3, 16, 4);
INSERT INTO activity_allocation (employee_id, teaching_activity_id, course_instance_id, study_period_id) VALUES (42, 2, 17, 1);
INSERT INTO activity_allocation (employee_id, teaching_activity_id, course_instance_id, study_period_id) VALUES (43, 2, 18, 4);
INSERT INTO activity_allocation (employee_id, teaching_activity_id, course_instance_id, study_period_id) VALUES (28, 3, 19, 2);
INSERT INTO activity_allocation (employee_id, teaching_activity_id, course_instance_id, study_period_id) VALUES (5, 3, 20, 4);
INSERT INTO activity_allocation (employee_id, teaching_activity_id, course_instance_id, study_period_id) VALUES (9, 3, 21, 3);
INSERT INTO activity_allocation (employee_id, teaching_activity_id, course_instance_id, study_period_id) VALUES (13, 2, 22, 4);
INSERT INTO activity_allocation (employee_id, teaching_activity_id, course_instance_id, study_period_id) VALUES (2, 3, 23, 4);
INSERT INTO activity_allocation (employee_id, teaching_activity_id, course_instance_id, study_period_id) VALUES (17, 4, 24, 4);
INSERT INTO activity_allocation (employee_id, teaching_activity_id, course_instance_id, study_period_id) VALUES (19, 4, 25, 2);
INSERT INTO activity_allocation (employee_id, teaching_activity_id, course_instance_id, study_period_id) VALUES (36, 3, 26, 1);
INSERT INTO activity_allocation (employee_id, teaching_activity_id, course_instance_id, study_period_id) VALUES (7, 3, 27, 2);
INSERT INTO activity_allocation (employee_id, teaching_activity_id, course_instance_id, study_period_id) VALUES (24, 2, 28, 3);
INSERT INTO activity_allocation (employee_id, teaching_activity_id, course_instance_id, study_period_id) VALUES (17, 3, 29, 2);
INSERT INTO activity_allocation (employee_id, teaching_activity_id, course_instance_id, study_period_id) VALUES (23, 3, 30, 3);

-- Update Departments Manager
UPDATE department SET manager_id = 21 WHERE department_id = 1;
UPDATE department SET manager_id = 27 WHERE department_id = 2;
UPDATE department SET manager_id = 25 WHERE department_id = 3;
UPDATE department SET manager_id = 3 WHERE department_id = 4;

-- Re-add circular salary constraints
ALTER TABLE salary_history ADD CONSTRAINT FK_salary_history_0 FOREIGN KEY (employee_id) REFERENCES employee (employee_id);
ALTER TABLE employee ADD CONSTRAINT FK_employee_4 FOREIGN KEY (salary_history_id) REFERENCES salary_history (salary_history_id);
