-- Generated Data Script (for updated schema with salary_history_id on employee)
-- NOTE: Run this on a clean database after running task1.sql

-- Temporarily drop circular salary constraints (if they exist)
ALTER TABLE employee DROP CONSTRAINT IF EXISTS FK_employee_4;
ALTER TABLE salary_history DROP CONSTRAINT IF EXISTS FK_salary_history_0;

-- Study Period Types
INSERT INTO study_period_type (study_period_id) VALUES (1);
INSERT INTO study_period_type (study_period_id) VALUES (2);
INSERT INTO study_period_type (study_period_id) VALUES (3);
INSERT INTO study_period_type (study_period_id) VALUES (4);

-- Departments
INSERT INTO department (department_name, manager_id) VALUES ('Civil Engineering', NULL);
INSERT INTO department (department_name, manager_id) VALUES ('Information Technology', NULL);
INSERT INTO department (department_name, manager_id) VALUES ('Architecture', NULL);
INSERT INTO department (department_name, manager_id) VALUES ('Urban Planning', NULL);

-- Job Titles
INSERT INTO job_title (job_title) VALUES ('Lecturer');
INSERT INTO job_title (job_title) VALUES ('Senior Lecturer');
INSERT INTO job_title (job_title) VALUES ('Professor');
INSERT INTO job_title (job_title) VALUES ('PhD Student');
INSERT INTO job_title (job_title) VALUES ('Administrator');

-- Skills
INSERT INTO skill (skill_name) VALUES ('Python');
INSERT INTO skill (skill_name) VALUES ('SQL');
INSERT INTO skill (skill_name) VALUES ('AutoCAD');
INSERT INTO skill (skill_name) VALUES ('Revit');
INSERT INTO skill (skill_name) VALUES ('GIS');
INSERT INTO skill (skill_name) VALUES ('Project Management');
INSERT INTO skill (skill_name) VALUES ('Matlab');

-- Teaching Activities
INSERT INTO teaching_activity (activity_name, factor) VALUES ('Lecture', 1.0);
INSERT INTO teaching_activity (activity_name, factor) VALUES ('Lab', 2.0);
INSERT INTO teaching_activity (activity_name, factor) VALUES ('Seminar', 1.5);
INSERT INTO teaching_activity (activity_name, factor) VALUES ('Project', 0.5);

-- Course Layouts
INSERT INTO course_layout (course_code, course_name, min_students, max_students, hp, valid_from) VALUES ('CE101', 'Intro to Civil Engineering', 19, 40, 7.5, DATE '2020-01-01');
INSERT INTO course_layout (course_code, course_name, min_students, max_students, hp, valid_from) VALUES ('IT202', 'Databases for Engineers', 16, 69, 7.5, DATE '2020-01-01');
INSERT INTO course_layout (course_code, course_name, min_students, max_students, hp, valid_from) VALUES ('CE305', 'Structural Analysis', 12, 40, 15.0, DATE '2020-01-01');
INSERT INTO course_layout (course_code, course_name, min_students, max_students, hp, valid_from) VALUES ('IT301', 'BIM Data Management', 17, 80, 15.0, DATE '2020-01-01');
INSERT INTO course_layout (course_code, course_name, min_students, max_students, hp, valid_from) VALUES ('CE400', 'Geotechnical Engineering', 15, 79, 7.5, DATE '2020-01-01');
INSERT INTO course_layout (course_code, course_name, min_students, max_students, hp, valid_from) VALUES ('IT101', 'Programming in Python', 10, 78, 7.5, DATE '2020-01-01');
INSERT INTO course_layout (course_code, course_name, min_students, max_students, hp, valid_from) VALUES ('CE202', 'Fluid Mechanics', 17, 55, 7.5, DATE '2020-01-01');
INSERT INTO course_layout (course_code, course_name, min_students, max_students, hp, valid_from) VALUES ('AT105', 'CAD Fundamentals', 19, 75, 7.5, DATE '2020-01-01');
INSERT INTO course_layout (course_code, course_name, min_students, max_students, hp, valid_from) VALUES ('UP201', 'Urban GIS Systems', 11, 85, 15.0, DATE '2020-01-01');
INSERT INTO course_layout (course_code, course_name, min_students, max_students, hp, valid_from) VALUES ('CE500', 'Master Thesis Project', 12, 65, 15.0, DATE '2020-01-01');

-- People, Employees, Phones, Addresses
INSERT INTO person (personal_number, first_name, last_name) VALUES ('550205-2331', 'Daniel', 'Avila');
INSERT INTO address (person_id, address) VALUES (1, '3759 Taylor Summit Apt. 781, West Mariochester, NM 32877');
INSERT INTO phone (person_id, phone_number) VALUES (1, '+1-977-541-7786');
INSERT INTO employee (person_id, job_title_id, department_id, manager_id, salary_history_id) VALUES (1, 5, 4, 1, 1);
INSERT INTO person (personal_number, first_name, last_name) VALUES ('730619-8554', 'Amy', 'Cooper');
INSERT INTO address (person_id, address) VALUES (2, 'Unit 9626 Box 5867, DPO AA 38712');
INSERT INTO phone (person_id, phone_number) VALUES (2, '(394)913-9917x27153');
INSERT INTO employee (person_id, job_title_id, department_id, manager_id, salary_history_id) VALUES (2, 5, 1, 2, 2);
INSERT INTO person (personal_number, first_name, last_name) VALUES ('000828-8860', 'Paul', 'Ray');
INSERT INTO address (person_id, address) VALUES (3, '0409 Richard Dam, East Stephentown, GA 44861');
INSERT INTO phone (person_id, phone_number) VALUES (3, '633-702-6375x40436');
INSERT INTO employee (person_id, job_title_id, department_id, manager_id, salary_history_id) VALUES (3, 4, 2, 3, 3);
INSERT INTO person (personal_number, first_name, last_name) VALUES ('660225-1599', 'Deborah', 'Rivera');
INSERT INTO address (person_id, address) VALUES (4, '920 Robert Prairie, New Robynton, VA 71080');
INSERT INTO phone (person_id, phone_number) VALUES (4, '+1-937-576-1306x577');
INSERT INTO employee (person_id, job_title_id, department_id, manager_id, salary_history_id) VALUES (4, 2, 4, 4, 4);
INSERT INTO person (personal_number, first_name, last_name) VALUES ('650601-0006', 'Kathy', 'Johnson');
INSERT INTO address (person_id, address) VALUES (5, '97574 Jones Ports Suite 602, Penaville, NH 38514');
INSERT INTO phone (person_id, phone_number) VALUES (5, '(992)505-1053');
INSERT INTO employee (person_id, job_title_id, department_id, manager_id, salary_history_id) VALUES (5, 1, 4, 5, 5);
INSERT INTO person (personal_number, first_name, last_name) VALUES ('531218-2495', 'Brian', 'Ray');
INSERT INTO address (person_id, address) VALUES (6, '25948 Christopher Wells Suite 966, North Sarastad, LA 46677');
INSERT INTO phone (person_id, phone_number) VALUES (6, '214.281.7305x44986');
INSERT INTO employee (person_id, job_title_id, department_id, manager_id, salary_history_id) VALUES (6, 2, 1, 5, 6);
INSERT INTO person (personal_number, first_name, last_name) VALUES ('000216-3008', 'Jeffery', 'Riggs');
INSERT INTO address (person_id, address) VALUES (7, 'USS Pace, FPO AP 11244');
INSERT INTO phone (person_id, phone_number) VALUES (7, '001-848-744-9498x46918');
INSERT INTO employee (person_id, job_title_id, department_id, manager_id, salary_history_id) VALUES (7, 4, 3, 4, 7);
INSERT INTO person (personal_number, first_name, last_name) VALUES ('020405-3016', 'Anthony', 'Wallace');
INSERT INTO address (person_id, address) VALUES (8, 'USCGC Norris, FPO AA 17657');
INSERT INTO phone (person_id, phone_number) VALUES (8, '(630)929-7001x77985');
INSERT INTO employee (person_id, job_title_id, department_id, manager_id, salary_history_id) VALUES (8, 3, 3, 7, 8);
INSERT INTO person (personal_number, first_name, last_name) VALUES ('601208-9499', 'Jennifer', 'Sutton');
INSERT INTO address (person_id, address) VALUES (9, '28051 Robinson Stream, New Reneeshire, WV 92440');
INSERT INTO phone (person_id, phone_number) VALUES (9, '001-965-511-4810x9362');
INSERT INTO employee (person_id, job_title_id, department_id, manager_id, salary_history_id) VALUES (9, 3, 3, 6, 9);
INSERT INTO person (personal_number, first_name, last_name) VALUES ('730916-1806', 'Peter', 'Wang');
INSERT INTO address (person_id, address) VALUES (10, '0039 Preston Fords, Port Michael, NV 93360');
INSERT INTO phone (person_id, phone_number) VALUES (10, '585.297.1343x71005');
INSERT INTO employee (person_id, job_title_id, department_id, manager_id, salary_history_id) VALUES (10, 5, 3, 1, 10);
INSERT INTO person (personal_number, first_name, last_name) VALUES ('001203-7591', 'Jason', 'Martin');
INSERT INTO address (person_id, address) VALUES (11, '5120 Richard Place Apt. 008, Hendricksland, CO 82127');
INSERT INTO phone (person_id, phone_number) VALUES (11, '(556)448-5737');
INSERT INTO employee (person_id, job_title_id, department_id, manager_id, salary_history_id) VALUES (11, 4, 1, 1, 11);
INSERT INTO person (personal_number, first_name, last_name) VALUES ('850116-7761', 'Joshua', 'Fritz');
INSERT INTO address (person_id, address) VALUES (12, '751 Andre Street Apt. 262, Port Christopher, AL 35411');
INSERT INTO phone (person_id, phone_number) VALUES (12, '(621)542-9631x4528');
INSERT INTO employee (person_id, job_title_id, department_id, manager_id, salary_history_id) VALUES (12, 3, 2, 12, 12);
INSERT INTO person (personal_number, first_name, last_name) VALUES ('000513-1335', 'Ryan', 'Barber');
INSERT INTO address (person_id, address) VALUES (13, '66384 Thomas Burgs Apt. 318, Cruzchester, MO 23560');
INSERT INTO phone (person_id, phone_number) VALUES (13, '001-652-531-9040x8622');
INSERT INTO employee (person_id, job_title_id, department_id, manager_id, salary_history_id) VALUES (13, 5, 4, 2, 13);
INSERT INTO person (personal_number, first_name, last_name) VALUES ('770403-3284', 'Maria', 'Johnson');
INSERT INTO address (person_id, address) VALUES (14, '93322 Carol Throughway Suite 082, Port Christopher, MA 17440');
INSERT INTO phone (person_id, phone_number) VALUES (14, '498.299.8752x3855');
INSERT INTO employee (person_id, job_title_id, department_id, manager_id, salary_history_id) VALUES (14, 4, 3, 9, 14);
INSERT INTO person (personal_number, first_name, last_name) VALUES ('960221-3077', 'Michael', 'Moreno');
INSERT INTO address (person_id, address) VALUES (15, '3693 Rangel Village, Raymouth, PR 17771');
INSERT INTO phone (person_id, phone_number) VALUES (15, '299-363-1750x15459');
INSERT INTO employee (person_id, job_title_id, department_id, manager_id, salary_history_id) VALUES (15, 5, 1, 12, 15);
INSERT INTO person (personal_number, first_name, last_name) VALUES ('790707-1864', 'Desiree', 'Brewer');
INSERT INTO address (person_id, address) VALUES (16, '5094 Barnes Stream Suite 606, Lopezville, IN 34187');
INSERT INTO phone (person_id, phone_number) VALUES (16, '919-856-3579');
INSERT INTO employee (person_id, job_title_id, department_id, manager_id, salary_history_id) VALUES (16, 5, 1, 11, 16);
INSERT INTO person (personal_number, first_name, last_name) VALUES ('910305-3232', 'Nicole', 'Ward');
INSERT INTO address (person_id, address) VALUES (17, '3341 Anderson Drives Suite 202, Mercadoport, CT 18040');
INSERT INTO phone (person_id, phone_number) VALUES (17, '781-472-7935x5366');
INSERT INTO employee (person_id, job_title_id, department_id, manager_id, salary_history_id) VALUES (17, 4, 3, 4, 17);
INSERT INTO person (personal_number, first_name, last_name) VALUES ('970108-7289', 'Angela', 'Barnes');
INSERT INTO address (person_id, address) VALUES (18, '4000 Judy Mission, Kaylaton, OK 38064');
INSERT INTO phone (person_id, phone_number) VALUES (18, '(774)589-7374x1215');
INSERT INTO employee (person_id, job_title_id, department_id, manager_id, salary_history_id) VALUES (18, 1, 3, 7, 18);
INSERT INTO person (personal_number, first_name, last_name) VALUES ('621208-9720', 'Danielle', 'Graham');
INSERT INTO address (person_id, address) VALUES (19, '7084 Rowland Gardens, East Nicolefort, OR 07214');
INSERT INTO phone (person_id, phone_number) VALUES (19, '555.458.2184');
INSERT INTO employee (person_id, job_title_id, department_id, manager_id, salary_history_id) VALUES (19, 3, 2, 12, 19);
INSERT INTO person (personal_number, first_name, last_name) VALUES ('020208-6495', 'Lauren', 'Jones');
INSERT INTO address (person_id, address) VALUES (20, '57780 Christopher Vista Suite 165, South Stevebury, MH 04896');
INSERT INTO phone (person_id, phone_number) VALUES (20, '+1-830-972-2027');
INSERT INTO employee (person_id, job_title_id, department_id, manager_id, salary_history_id) VALUES (20, 3, 3, 10, 20);
INSERT INTO person (personal_number, first_name, last_name) VALUES ('560110-4964', 'Jeffery', 'Sanchez');
INSERT INTO address (person_id, address) VALUES (21, '272 Jason Lock, North Brandonstad, RI 54344');
INSERT INTO phone (person_id, phone_number) VALUES (21, '001-626-333-6827');
INSERT INTO employee (person_id, job_title_id, department_id, manager_id, salary_history_id) VALUES (21, 3, 3, 16, 21);
INSERT INTO person (personal_number, first_name, last_name) VALUES ('671015-4763', 'Carolyn', 'Webster');
INSERT INTO address (person_id, address) VALUES (22, '928 Donald Dam Apt. 068, North Angela, SC 73694');
INSERT INTO phone (person_id, phone_number) VALUES (22, '001-963-721-0729');
INSERT INTO employee (person_id, job_title_id, department_id, manager_id, salary_history_id) VALUES (22, 5, 3, 15, 22);
INSERT INTO person (personal_number, first_name, last_name) VALUES ('851025-9995', 'Kenneth', 'Patel');
INSERT INTO address (person_id, address) VALUES (23, '63028 Davies Radial, East Sophiachester, IA 73938');
INSERT INTO phone (person_id, phone_number) VALUES (23, '804-917-4475');
INSERT INTO employee (person_id, job_title_id, department_id, manager_id, salary_history_id) VALUES (23, 2, 1, 3, 23);
INSERT INTO person (personal_number, first_name, last_name) VALUES ('620624-7395', 'Rachel', 'Walls');
INSERT INTO address (person_id, address) VALUES (24, 'Unit 7718 Box 2204, DPO AE 93586');
INSERT INTO phone (person_id, phone_number) VALUES (24, '527-351-0885x106');
INSERT INTO employee (person_id, job_title_id, department_id, manager_id, salary_history_id) VALUES (24, 2, 1, 13, 24);
INSERT INTO person (personal_number, first_name, last_name) VALUES ('630406-1626', 'Jessica', 'Garcia');
INSERT INTO address (person_id, address) VALUES (25, '5480 Robinson Lights Apt. 223, Martinezbury, PA 89520');
INSERT INTO phone (person_id, phone_number) VALUES (25, '406.201.2595x94596');
INSERT INTO employee (person_id, job_title_id, department_id, manager_id, salary_history_id) VALUES (25, 2, 1, 14, 25);
INSERT INTO person (personal_number, first_name, last_name) VALUES ('900526-3445', 'Deborah', 'Peterson');
INSERT INTO address (person_id, address) VALUES (26, '93814 Michael Keys Suite 357, Zavalaville, ND 93065');
INSERT INTO phone (person_id, phone_number) VALUES (26, '474.781.2962x81898');
INSERT INTO employee (person_id, job_title_id, department_id, manager_id, salary_history_id) VALUES (26, 4, 3, 24, 26);
INSERT INTO person (personal_number, first_name, last_name) VALUES ('660816-9437', 'Michele', 'Vincent');
INSERT INTO address (person_id, address) VALUES (27, '40431 Kyle Neck Suite 638, East Amber, OR 76816');
INSERT INTO phone (person_id, phone_number) VALUES (27, '989-288-9742x9938');
INSERT INTO employee (person_id, job_title_id, department_id, manager_id, salary_history_id) VALUES (27, 1, 1, 24, 27);
INSERT INTO person (personal_number, first_name, last_name) VALUES ('580508-3306', 'Thomas', 'Mcconnell');
INSERT INTO address (person_id, address) VALUES (28, '4438 Wong Orchard, Ryanville, VA 24524');
INSERT INTO phone (person_id, phone_number) VALUES (28, '545.667.7122x92121');
INSERT INTO employee (person_id, job_title_id, department_id, manager_id, salary_history_id) VALUES (28, 1, 1, 18, 28);
INSERT INTO person (personal_number, first_name, last_name) VALUES ('640920-0528', 'Adam', 'Robinson');
INSERT INTO address (person_id, address) VALUES (29, '69915 Torres Spur Apt. 144, Figueroamouth, IA 96226');
INSERT INTO phone (person_id, phone_number) VALUES (29, '584-786-0283');
INSERT INTO employee (person_id, job_title_id, department_id, manager_id, salary_history_id) VALUES (29, 1, 2, 6, 29);
INSERT INTO person (personal_number, first_name, last_name) VALUES ('871122-7095', 'Patricia', 'Mccall');
INSERT INTO address (person_id, address) VALUES (30, '39995 Garcia Extensions Suite 594, South Rachelshire, KS 55094');
INSERT INTO phone (person_id, phone_number) VALUES (30, '001-640-619-3513x89264');
INSERT INTO employee (person_id, job_title_id, department_id, manager_id, salary_history_id) VALUES (30, 4, 2, 8, 30);
INSERT INTO person (personal_number, first_name, last_name) VALUES ('920709-9910', 'Stephanie', 'Gould');
INSERT INTO address (person_id, address) VALUES (31, '94204 Adrienne Ports, Laurafurt, AS 24489');
INSERT INTO phone (person_id, phone_number) VALUES (31, '+1-620-244-0669x60793');
INSERT INTO employee (person_id, job_title_id, department_id, manager_id, salary_history_id) VALUES (31, 2, 3, 18, 31);
INSERT INTO person (personal_number, first_name, last_name) VALUES ('510914-5909', 'Emily', 'Barnes');
INSERT INTO address (person_id, address) VALUES (32, '720 Faith Isle, Haynesview, NY 41909');
INSERT INTO phone (person_id, phone_number) VALUES (32, '+1-958-375-6060x75623');
INSERT INTO employee (person_id, job_title_id, department_id, manager_id, salary_history_id) VALUES (32, 4, 2, 3, 32);
INSERT INTO person (personal_number, first_name, last_name) VALUES ('021228-9957', 'Laura', 'Dawson');
INSERT INTO address (person_id, address) VALUES (33, '240 Davis Point, Armstrongborough, HI 48282');
INSERT INTO phone (person_id, phone_number) VALUES (33, '(658)430-5701');
INSERT INTO employee (person_id, job_title_id, department_id, manager_id, salary_history_id) VALUES (33, 4, 2, 26, 33);
INSERT INTO person (personal_number, first_name, last_name) VALUES ('880124-4228', 'Bruce', 'Cantrell');
INSERT INTO address (person_id, address) VALUES (34, '6984 Jeff Lights, Haleton, MS 63054');
INSERT INTO phone (person_id, phone_number) VALUES (34, '283.859.5565');
INSERT INTO employee (person_id, job_title_id, department_id, manager_id, salary_history_id) VALUES (34, 4, 1, 23, 34);
INSERT INTO person (personal_number, first_name, last_name) VALUES ('911113-4528', 'Nicholas', 'Smith');
INSERT INTO address (person_id, address) VALUES (35, '3286 Moore Extensions, Malikborough, NH 71025');
INSERT INTO phone (person_id, phone_number) VALUES (35, '768.807.7389');
INSERT INTO employee (person_id, job_title_id, department_id, manager_id, salary_history_id) VALUES (35, 3, 1, 10, 35);
INSERT INTO person (personal_number, first_name, last_name) VALUES ('620402-3444', 'Elizabeth', 'Johnson');
INSERT INTO address (person_id, address) VALUES (36, '659 Hardy Tunnel, New Chelsea, MO 37744');
INSERT INTO phone (person_id, phone_number) VALUES (36, '001-551-951-2608');
INSERT INTO employee (person_id, job_title_id, department_id, manager_id, salary_history_id) VALUES (36, 4, 1, 29, 36);
INSERT INTO person (personal_number, first_name, last_name) VALUES ('680818-3472', 'Jeffery', 'Collins');
INSERT INTO address (person_id, address) VALUES (37, '51811 Hooper Cape, West Robin, CA 91276');
INSERT INTO phone (person_id, phone_number) VALUES (37, '712-909-4619');
INSERT INTO employee (person_id, job_title_id, department_id, manager_id, salary_history_id) VALUES (37, 3, 1, 31, 37);
INSERT INTO person (personal_number, first_name, last_name) VALUES ('841121-2299', 'Alan', 'Mitchell');
INSERT INTO address (person_id, address) VALUES (38, '250 Sherry Summit, Traceyport, PR 01562');
INSERT INTO phone (person_id, phone_number) VALUES (38, '423.506.1262');
INSERT INTO employee (person_id, job_title_id, department_id, manager_id, salary_history_id) VALUES (38, 4, 1, 15, 38);
INSERT INTO person (personal_number, first_name, last_name) VALUES ('841002-8575', 'Jill', 'Banks');
INSERT INTO address (person_id, address) VALUES (39, '047 Richard Mill Suite 153, Staceychester, VT 36719');
INSERT INTO phone (person_id, phone_number) VALUES (39, '429.862.4608x393');
INSERT INTO employee (person_id, job_title_id, department_id, manager_id, salary_history_id) VALUES (39, 4, 1, 6, 39);
INSERT INTO person (personal_number, first_name, last_name) VALUES ('560216-0331', 'Caitlin', 'Heath');
INSERT INTO address (person_id, address) VALUES (40, '81963 Hill Key, Norrisland, MS 24495');
INSERT INTO phone (person_id, phone_number) VALUES (40, '5579846609');
INSERT INTO employee (person_id, job_title_id, department_id, manager_id, salary_history_id) VALUES (40, 1, 3, 2, 40);
INSERT INTO person (personal_number, first_name, last_name) VALUES ('750227-4211', 'Mary', 'Bradford');
INSERT INTO address (person_id, address) VALUES (41, 'Unit 6292 Box 5501, DPO AE 82681');
INSERT INTO phone (person_id, phone_number) VALUES (41, '500-331-6172x56975');
INSERT INTO employee (person_id, job_title_id, department_id, manager_id, salary_history_id) VALUES (41, 4, 1, 27, 41);
INSERT INTO person (personal_number, first_name, last_name) VALUES ('531224-9655', 'Melanie', 'Thompson');
INSERT INTO address (person_id, address) VALUES (42, '8744 Jessica Stream Apt. 863, West Lauren, TN 21831');
INSERT INTO phone (person_id, phone_number) VALUES (42, '(406)931-2203x8289');
INSERT INTO employee (person_id, job_title_id, department_id, manager_id, salary_history_id) VALUES (42, 5, 2, 15, 42);
INSERT INTO person (personal_number, first_name, last_name) VALUES ('790222-8213', 'Douglas', 'Robinson');
INSERT INTO address (person_id, address) VALUES (43, '06554 Lindsey Rest, Hunttown, NV 72566');
INSERT INTO phone (person_id, phone_number) VALUES (43, '+1-898-688-4320x0021');
INSERT INTO employee (person_id, job_title_id, department_id, manager_id, salary_history_id) VALUES (43, 5, 1, 25, 43);
INSERT INTO person (personal_number, first_name, last_name) VALUES ('511128-8150', 'Julian', 'Burns');
INSERT INTO address (person_id, address) VALUES (44, '36772 Larsen Orchard Suite 998, Vargasmouth, VI 30668');
INSERT INTO phone (person_id, phone_number) VALUES (44, '+1-307-890-4303x41808');
INSERT INTO employee (person_id, job_title_id, department_id, manager_id, salary_history_id) VALUES (44, 3, 3, 15, 44);
INSERT INTO person (personal_number, first_name, last_name) VALUES ('750228-6398', 'Robin', 'Newman');
INSERT INTO address (person_id, address) VALUES (45, '7854 Ruiz Manor, Reyesshire, WA 95913');
INSERT INTO phone (person_id, phone_number) VALUES (45, '825.673.5992');
INSERT INTO employee (person_id, job_title_id, department_id, manager_id, salary_history_id) VALUES (45, 4, 4, 10, 45);
INSERT INTO person (personal_number, first_name, last_name) VALUES ('780604-2318', 'Daniel', 'King');
INSERT INTO address (person_id, address) VALUES (46, '5898 Rush Ports Suite 944, New Anthony, NH 09207');
INSERT INTO phone (person_id, phone_number) VALUES (46, '+1-687-528-5570x0904');
INSERT INTO employee (person_id, job_title_id, department_id, manager_id, salary_history_id) VALUES (46, 4, 4, 31, 46);
INSERT INTO person (personal_number, first_name, last_name) VALUES ('701217-4286', 'Michael', 'Edwards');
INSERT INTO address (person_id, address) VALUES (47, '5964 Johnson Prairie Suite 811, Courtneyburgh, LA 17148');
INSERT INTO phone (person_id, phone_number) VALUES (47, '001-918-912-4410x466');
INSERT INTO employee (person_id, job_title_id, department_id, manager_id, salary_history_id) VALUES (47, 2, 2, 18, 47);
INSERT INTO person (personal_number, first_name, last_name) VALUES ('690925-4913', 'Amanda', 'Campbell');
INSERT INTO address (person_id, address) VALUES (48, '933 Williams Meadow, North George, ME 88724');
INSERT INTO phone (person_id, phone_number) VALUES (48, '+1-306-969-4099');
INSERT INTO employee (person_id, job_title_id, department_id, manager_id, salary_history_id) VALUES (48, 5, 1, 12, 48);
INSERT INTO person (personal_number, first_name, last_name) VALUES ('970113-6209', 'John', 'Kerr');
INSERT INTO address (person_id, address) VALUES (49, '70374 Salazar Stream Suite 559, Garciaberg, KY 95083');
INSERT INTO phone (person_id, phone_number) VALUES (49, '668.906.3136x31217');
INSERT INTO employee (person_id, job_title_id, department_id, manager_id, salary_history_id) VALUES (49, 2, 4, 31, 49);
INSERT INTO person (personal_number, first_name, last_name) VALUES ('000822-2010', 'Scott', 'Stevens');
INSERT INTO address (person_id, address) VALUES (50, '772 Martin Freeway, West David, WA 68758');
INSERT INTO phone (person_id, phone_number) VALUES (50, '327-872-7720x08658');
INSERT INTO employee (person_id, job_title_id, department_id, manager_id, salary_history_id) VALUES (50, 3, 4, 7, 50);

-- Salary History
INSERT INTO salary_history (salary_amount, valid_from, employee_id) VALUES (34917, DATE '2024-01-01', 1);
INSERT INTO salary_history (salary_amount, valid_from, employee_id) VALUES (50574, DATE '2024-01-01', 2);
INSERT INTO salary_history (salary_amount, valid_from, employee_id) VALUES (55928, DATE '2024-01-01', 3);
INSERT INTO salary_history (salary_amount, valid_from, employee_id) VALUES (64789, DATE '2024-01-01', 4);
INSERT INTO salary_history (salary_amount, valid_from, employee_id) VALUES (31535, DATE '2024-01-01', 5);
INSERT INTO salary_history (salary_amount, valid_from, employee_id) VALUES (42005, DATE '2024-01-01', 6);
INSERT INTO salary_history (salary_amount, valid_from, employee_id) VALUES (60123, DATE '2024-01-01', 7);
INSERT INTO salary_history (salary_amount, valid_from, employee_id) VALUES (59625, DATE '2024-01-01', 8);
INSERT INTO salary_history (salary_amount, valid_from, employee_id) VALUES (45698, DATE '2024-01-01', 9);
INSERT INTO salary_history (salary_amount, valid_from, employee_id) VALUES (39290, DATE '2024-01-01', 10);
INSERT INTO salary_history (salary_amount, valid_from, employee_id) VALUES (48616, DATE '2024-01-01', 11);
INSERT INTO salary_history (salary_amount, valid_from, employee_id) VALUES (32306, DATE '2024-01-01', 12);
INSERT INTO salary_history (salary_amount, valid_from, employee_id) VALUES (64253, DATE '2024-01-01', 13);
INSERT INTO salary_history (salary_amount, valid_from, employee_id) VALUES (52859, DATE '2024-01-01', 14);
INSERT INTO salary_history (salary_amount, valid_from, employee_id) VALUES (39560, DATE '2024-01-01', 15);
INSERT INTO salary_history (salary_amount, valid_from, employee_id) VALUES (60066, DATE '2024-01-01', 16);
INSERT INTO salary_history (salary_amount, valid_from, employee_id) VALUES (32880, DATE '2024-01-01', 17);
INSERT INTO salary_history (salary_amount, valid_from, employee_id) VALUES (32150, DATE '2024-01-01', 18);
INSERT INTO salary_history (salary_amount, valid_from, employee_id) VALUES (36009, DATE '2024-01-01', 19);
INSERT INTO salary_history (salary_amount, valid_from, employee_id) VALUES (46695, DATE '2024-01-01', 20);
INSERT INTO salary_history (salary_amount, valid_from, employee_id) VALUES (48624, DATE '2024-01-01', 21);
INSERT INTO salary_history (salary_amount, valid_from, employee_id) VALUES (63317, DATE '2024-01-01', 22);
INSERT INTO salary_history (salary_amount, valid_from, employee_id) VALUES (52041, DATE '2024-01-01', 23);
INSERT INTO salary_history (salary_amount, valid_from, employee_id) VALUES (42375, DATE '2024-01-01', 24);
INSERT INTO salary_history (salary_amount, valid_from, employee_id) VALUES (46482, DATE '2024-01-01', 25);
INSERT INTO salary_history (salary_amount, valid_from, employee_id) VALUES (63997, DATE '2024-01-01', 26);
INSERT INTO salary_history (salary_amount, valid_from, employee_id) VALUES (61583, DATE '2024-01-01', 27);
INSERT INTO salary_history (salary_amount, valid_from, employee_id) VALUES (48273, DATE '2024-01-01', 28);
INSERT INTO salary_history (salary_amount, valid_from, employee_id) VALUES (43509, DATE '2024-01-01', 29);
INSERT INTO salary_history (salary_amount, valid_from, employee_id) VALUES (64346, DATE '2024-01-01', 30);
INSERT INTO salary_history (salary_amount, valid_from, employee_id) VALUES (32926, DATE '2024-01-01', 31);
INSERT INTO salary_history (salary_amount, valid_from, employee_id) VALUES (38098, DATE '2024-01-01', 32);
INSERT INTO salary_history (salary_amount, valid_from, employee_id) VALUES (47795, DATE '2024-01-01', 33);
INSERT INTO salary_history (salary_amount, valid_from, employee_id) VALUES (60807, DATE '2024-01-01', 34);
INSERT INTO salary_history (salary_amount, valid_from, employee_id) VALUES (61188, DATE '2024-01-01', 35);
INSERT INTO salary_history (salary_amount, valid_from, employee_id) VALUES (39795, DATE '2024-01-01', 36);
INSERT INTO salary_history (salary_amount, valid_from, employee_id) VALUES (62740, DATE '2024-01-01', 37);
INSERT INTO salary_history (salary_amount, valid_from, employee_id) VALUES (37301, DATE '2024-01-01', 38);
INSERT INTO salary_history (salary_amount, valid_from, employee_id) VALUES (43064, DATE '2024-01-01', 39);
INSERT INTO salary_history (salary_amount, valid_from, employee_id) VALUES (56959, DATE '2024-01-01', 40);
INSERT INTO salary_history (salary_amount, valid_from, employee_id) VALUES (58800, DATE '2024-01-01', 41);
INSERT INTO salary_history (salary_amount, valid_from, employee_id) VALUES (40769, DATE '2024-01-01', 42);
INSERT INTO salary_history (salary_amount, valid_from, employee_id) VALUES (41985, DATE '2024-01-01', 43);
INSERT INTO salary_history (salary_amount, valid_from, employee_id) VALUES (57423, DATE '2024-01-01', 44);
INSERT INTO salary_history (salary_amount, valid_from, employee_id) VALUES (44657, DATE '2024-01-01', 45);
INSERT INTO salary_history (salary_amount, valid_from, employee_id) VALUES (60315, DATE '2024-01-01', 46);
INSERT INTO salary_history (salary_amount, valid_from, employee_id) VALUES (34457, DATE '2024-01-01', 47);
INSERT INTO salary_history (salary_amount, valid_from, employee_id) VALUES (58955, DATE '2024-01-01', 48);
INSERT INTO salary_history (salary_amount, valid_from, employee_id) VALUES (56587, DATE '2024-01-01', 49);
INSERT INTO salary_history (salary_amount, valid_from, employee_id) VALUES (57233, DATE '2024-01-01', 50);

-- Course Instances
INSERT INTO course_instance (num_students, study_year, course_layout_id) VALUES (80, '2024', 6);
INSERT INTO course_instance (num_students, study_year, course_layout_id) VALUES (53, '2024', 10);
INSERT INTO course_instance (num_students, study_year, course_layout_id) VALUES (65, '2024', 8);
INSERT INTO course_instance (num_students, study_year, course_layout_id) VALUES (43, '2024', 9);
INSERT INTO course_instance (num_students, study_year, course_layout_id) VALUES (53, '2024', 5);
INSERT INTO course_instance (num_students, study_year, course_layout_id) VALUES (41, '2024', 3);
INSERT INTO course_instance (num_students, study_year, course_layout_id) VALUES (58, '2024', 7);
INSERT INTO course_instance (num_students, study_year, course_layout_id) VALUES (26, '2024', 7);
INSERT INTO course_instance (num_students, study_year, course_layout_id) VALUES (21, '2024', 6);
INSERT INTO course_instance (num_students, study_year, course_layout_id) VALUES (36, '2024', 3);
INSERT INTO course_instance (num_students, study_year, course_layout_id) VALUES (25, '2024', 1);
INSERT INTO course_instance (num_students, study_year, course_layout_id) VALUES (76, '2024', 8);
INSERT INTO course_instance (num_students, study_year, course_layout_id) VALUES (22, '2024', 3);
INSERT INTO course_instance (num_students, study_year, course_layout_id) VALUES (76, '2024', 6);
INSERT INTO course_instance (num_students, study_year, course_layout_id) VALUES (79, '2024', 1);
INSERT INTO course_instance (num_students, study_year, course_layout_id) VALUES (18, '2024', 6);
INSERT INTO course_instance (num_students, study_year, course_layout_id) VALUES (27, '2024', 1);
INSERT INTO course_instance (num_students, study_year, course_layout_id) VALUES (35, '2024', 8);
INSERT INTO course_instance (num_students, study_year, course_layout_id) VALUES (50, '2024', 5);
INSERT INTO course_instance (num_students, study_year, course_layout_id) VALUES (35, '2024', 7);
INSERT INTO course_instance (num_students, study_year, course_layout_id) VALUES (77, '2024', 1);
INSERT INTO course_instance (num_students, study_year, course_layout_id) VALUES (22, '2024', 6);
INSERT INTO course_instance (num_students, study_year, course_layout_id) VALUES (46, '2024', 9);
INSERT INTO course_instance (num_students, study_year, course_layout_id) VALUES (70, '2024', 5);
INSERT INTO course_instance (num_students, study_year, course_layout_id) VALUES (68, '2024', 1);
INSERT INTO course_instance (num_students, study_year, course_layout_id) VALUES (78, '2024', 5);
INSERT INTO course_instance (num_students, study_year, course_layout_id) VALUES (33, '2024', 1);
INSERT INTO course_instance (num_students, study_year, course_layout_id) VALUES (63, '2024', 1);
INSERT INTO course_instance (num_students, study_year, course_layout_id) VALUES (73, '2024', 2);
INSERT INTO course_instance (num_students, study_year, course_layout_id) VALUES (16, '2024', 7);

-- Course Instance Periods
INSERT INTO course_instance_period (study_period_id) VALUES (4);
INSERT INTO course_instance_period (study_period_id) VALUES (4);
INSERT INTO course_instance_period (study_period_id) VALUES (4);
INSERT INTO course_instance_period (study_period_id) VALUES (3);
INSERT INTO course_instance_period (study_period_id) VALUES (1);
INSERT INTO course_instance_period (study_period_id) VALUES (3);
INSERT INTO course_instance_period (study_period_id) VALUES (2);
INSERT INTO course_instance_period (study_period_id) VALUES (4);
INSERT INTO course_instance_period (study_period_id) VALUES (2);
INSERT INTO course_instance_period (study_period_id) VALUES (2);
INSERT INTO course_instance_period (study_period_id) VALUES (2);
INSERT INTO course_instance_period (study_period_id) VALUES (4);
INSERT INTO course_instance_period (study_period_id) VALUES (1);
INSERT INTO course_instance_period (study_period_id) VALUES (3);
INSERT INTO course_instance_period (study_period_id) VALUES (2);
INSERT INTO course_instance_period (study_period_id) VALUES (4);
INSERT INTO course_instance_period (study_period_id) VALUES (1);
INSERT INTO course_instance_period (study_period_id) VALUES (2);
INSERT INTO course_instance_period (study_period_id) VALUES (1);
INSERT INTO course_instance_period (study_period_id) VALUES (3);
INSERT INTO course_instance_period (study_period_id) VALUES (1);
INSERT INTO course_instance_period (study_period_id) VALUES (1);
INSERT INTO course_instance_period (study_period_id) VALUES (3);
INSERT INTO course_instance_period (study_period_id) VALUES (1);
INSERT INTO course_instance_period (study_period_id) VALUES (1);
INSERT INTO course_instance_period (study_period_id) VALUES (3);
INSERT INTO course_instance_period (study_period_id) VALUES (4);
INSERT INTO course_instance_period (study_period_id) VALUES (3);
INSERT INTO course_instance_period (study_period_id) VALUES (2);
INSERT INTO course_instance_period (study_period_id) VALUES (4);

-- Employee Skills
INSERT INTO employee_skill (employee_id, skill_id) VALUES (1, 3);
INSERT INTO employee_skill (employee_id, skill_id) VALUES (1, 5);
INSERT INTO employee_skill (employee_id, skill_id) VALUES (1, 1);
INSERT INTO employee_skill (employee_id, skill_id) VALUES (2, 5);
INSERT INTO employee_skill (employee_id, skill_id) VALUES (2, 4);
INSERT INTO employee_skill (employee_id, skill_id) VALUES (3, 5);
INSERT INTO employee_skill (employee_id, skill_id) VALUES (3, 4);
INSERT INTO employee_skill (employee_id, skill_id) VALUES (3, 2);
INSERT INTO employee_skill (employee_id, skill_id) VALUES (4, 5);
INSERT INTO employee_skill (employee_id, skill_id) VALUES (5, 2);
INSERT INTO employee_skill (employee_id, skill_id) VALUES (5, 1);
INSERT INTO employee_skill (employee_id, skill_id) VALUES (5, 3);
INSERT INTO employee_skill (employee_id, skill_id) VALUES (6, 5);
INSERT INTO employee_skill (employee_id, skill_id) VALUES (6, 4);
INSERT INTO employee_skill (employee_id, skill_id) VALUES (6, 7);
INSERT INTO employee_skill (employee_id, skill_id) VALUES (7, 6);
INSERT INTO employee_skill (employee_id, skill_id) VALUES (7, 4);
INSERT INTO employee_skill (employee_id, skill_id) VALUES (8, 6);
INSERT INTO employee_skill (employee_id, skill_id) VALUES (8, 4);
INSERT INTO employee_skill (employee_id, skill_id) VALUES (8, 5);
INSERT INTO employee_skill (employee_id, skill_id) VALUES (9, 7);
INSERT INTO employee_skill (employee_id, skill_id) VALUES (10, 1);
INSERT INTO employee_skill (employee_id, skill_id) VALUES (10, 2);
INSERT INTO employee_skill (employee_id, skill_id) VALUES (10, 3);
INSERT INTO employee_skill (employee_id, skill_id) VALUES (11, 5);
INSERT INTO employee_skill (employee_id, skill_id) VALUES (11, 4);
INSERT INTO employee_skill (employee_id, skill_id) VALUES (12, 5);
INSERT INTO employee_skill (employee_id, skill_id) VALUES (13, 1);
INSERT INTO employee_skill (employee_id, skill_id) VALUES (13, 6);
INSERT INTO employee_skill (employee_id, skill_id) VALUES (14, 7);
INSERT INTO employee_skill (employee_id, skill_id) VALUES (15, 4);
INSERT INTO employee_skill (employee_id, skill_id) VALUES (15, 2);
INSERT INTO employee_skill (employee_id, skill_id) VALUES (15, 5);
INSERT INTO employee_skill (employee_id, skill_id) VALUES (16, 2);
INSERT INTO employee_skill (employee_id, skill_id) VALUES (17, 5);
INSERT INTO employee_skill (employee_id, skill_id) VALUES (18, 7);
INSERT INTO employee_skill (employee_id, skill_id) VALUES (19, 7);
INSERT INTO employee_skill (employee_id, skill_id) VALUES (19, 4);
INSERT INTO employee_skill (employee_id, skill_id) VALUES (20, 2);
INSERT INTO employee_skill (employee_id, skill_id) VALUES (21, 6);
INSERT INTO employee_skill (employee_id, skill_id) VALUES (21, 1);
INSERT INTO employee_skill (employee_id, skill_id) VALUES (22, 5);
INSERT INTO employee_skill (employee_id, skill_id) VALUES (22, 3);
INSERT INTO employee_skill (employee_id, skill_id) VALUES (22, 6);
INSERT INTO employee_skill (employee_id, skill_id) VALUES (23, 6);
INSERT INTO employee_skill (employee_id, skill_id) VALUES (23, 1);
INSERT INTO employee_skill (employee_id, skill_id) VALUES (24, 3);
INSERT INTO employee_skill (employee_id, skill_id) VALUES (24, 4);
INSERT INTO employee_skill (employee_id, skill_id) VALUES (25, 1);
INSERT INTO employee_skill (employee_id, skill_id) VALUES (26, 4);
INSERT INTO employee_skill (employee_id, skill_id) VALUES (27, 4);
INSERT INTO employee_skill (employee_id, skill_id) VALUES (27, 1);
INSERT INTO employee_skill (employee_id, skill_id) VALUES (28, 6);
INSERT INTO employee_skill (employee_id, skill_id) VALUES (28, 4);
INSERT INTO employee_skill (employee_id, skill_id) VALUES (28, 3);
INSERT INTO employee_skill (employee_id, skill_id) VALUES (29, 6);
INSERT INTO employee_skill (employee_id, skill_id) VALUES (29, 7);
INSERT INTO employee_skill (employee_id, skill_id) VALUES (30, 3);
INSERT INTO employee_skill (employee_id, skill_id) VALUES (30, 1);
INSERT INTO employee_skill (employee_id, skill_id) VALUES (30, 6);
INSERT INTO employee_skill (employee_id, skill_id) VALUES (31, 2);
INSERT INTO employee_skill (employee_id, skill_id) VALUES (31, 7);
INSERT INTO employee_skill (employee_id, skill_id) VALUES (31, 5);
INSERT INTO employee_skill (employee_id, skill_id) VALUES (32, 6);
INSERT INTO employee_skill (employee_id, skill_id) VALUES (33, 5);
INSERT INTO employee_skill (employee_id, skill_id) VALUES (33, 6);
INSERT INTO employee_skill (employee_id, skill_id) VALUES (33, 7);
INSERT INTO employee_skill (employee_id, skill_id) VALUES (34, 2);
INSERT INTO employee_skill (employee_id, skill_id) VALUES (34, 1);
INSERT INTO employee_skill (employee_id, skill_id) VALUES (35, 5);
INSERT INTO employee_skill (employee_id, skill_id) VALUES (35, 2);
INSERT INTO employee_skill (employee_id, skill_id) VALUES (36, 3);
INSERT INTO employee_skill (employee_id, skill_id) VALUES (36, 7);
INSERT INTO employee_skill (employee_id, skill_id) VALUES (37, 5);
INSERT INTO employee_skill (employee_id, skill_id) VALUES (37, 3);
INSERT INTO employee_skill (employee_id, skill_id) VALUES (38, 5);
INSERT INTO employee_skill (employee_id, skill_id) VALUES (38, 2);
INSERT INTO employee_skill (employee_id, skill_id) VALUES (38, 3);
INSERT INTO employee_skill (employee_id, skill_id) VALUES (39, 5);
INSERT INTO employee_skill (employee_id, skill_id) VALUES (39, 6);
INSERT INTO employee_skill (employee_id, skill_id) VALUES (39, 4);
INSERT INTO employee_skill (employee_id, skill_id) VALUES (40, 4);
INSERT INTO employee_skill (employee_id, skill_id) VALUES (41, 7);
INSERT INTO employee_skill (employee_id, skill_id) VALUES (42, 4);
INSERT INTO employee_skill (employee_id, skill_id) VALUES (43, 1);
INSERT INTO employee_skill (employee_id, skill_id) VALUES (44, 1);
INSERT INTO employee_skill (employee_id, skill_id) VALUES (45, 2);
INSERT INTO employee_skill (employee_id, skill_id) VALUES (45, 3);
INSERT INTO employee_skill (employee_id, skill_id) VALUES (45, 1);
INSERT INTO employee_skill (employee_id, skill_id) VALUES (46, 6);
INSERT INTO employee_skill (employee_id, skill_id) VALUES (46, 3);
INSERT INTO employee_skill (employee_id, skill_id) VALUES (46, 5);
INSERT INTO employee_skill (employee_id, skill_id) VALUES (47, 3);
INSERT INTO employee_skill (employee_id, skill_id) VALUES (48, 3);
INSERT INTO employee_skill (employee_id, skill_id) VALUES (49, 1);
INSERT INTO employee_skill (employee_id, skill_id) VALUES (49, 2);
INSERT INTO employee_skill (employee_id, skill_id) VALUES (50, 2);
INSERT INTO employee_skill (employee_id, skill_id) VALUES (50, 4);

-- Planned Activities
INSERT INTO planned_activity (teaching_activity_id, course_instance_id, study_period_id, planned_hours) VALUES (2, 1, 4, 36);
INSERT INTO planned_activity (teaching_activity_id, course_instance_id, study_period_id, planned_hours) VALUES (4, 2, 4, 41);
INSERT INTO planned_activity (teaching_activity_id, course_instance_id, study_period_id, planned_hours) VALUES (3, 3, 4, 45);
INSERT INTO planned_activity (teaching_activity_id, course_instance_id, study_period_id, planned_hours) VALUES (1, 4, 3, 47);
INSERT INTO planned_activity (teaching_activity_id, course_instance_id, study_period_id, planned_hours) VALUES (3, 5, 1, 41);
INSERT INTO planned_activity (teaching_activity_id, course_instance_id, study_period_id, planned_hours) VALUES (1, 6, 3, 28);
INSERT INTO planned_activity (teaching_activity_id, course_instance_id, study_period_id, planned_hours) VALUES (4, 7, 2, 25);
INSERT INTO planned_activity (teaching_activity_id, course_instance_id, study_period_id, planned_hours) VALUES (3, 8, 4, 44);
INSERT INTO planned_activity (teaching_activity_id, course_instance_id, study_period_id, planned_hours) VALUES (1, 9, 2, 49);
INSERT INTO planned_activity (teaching_activity_id, course_instance_id, study_period_id, planned_hours) VALUES (2, 10, 2, 17);
INSERT INTO planned_activity (teaching_activity_id, course_instance_id, study_period_id, planned_hours) VALUES (2, 11, 2, 29);
INSERT INTO planned_activity (teaching_activity_id, course_instance_id, study_period_id, planned_hours) VALUES (3, 12, 4, 25);
INSERT INTO planned_activity (teaching_activity_id, course_instance_id, study_period_id, planned_hours) VALUES (3, 13, 1, 37);
INSERT INTO planned_activity (teaching_activity_id, course_instance_id, study_period_id, planned_hours) VALUES (2, 14, 3, 17);
INSERT INTO planned_activity (teaching_activity_id, course_instance_id, study_period_id, planned_hours) VALUES (1, 15, 2, 11);
INSERT INTO planned_activity (teaching_activity_id, course_instance_id, study_period_id, planned_hours) VALUES (2, 16, 4, 20);
INSERT INTO planned_activity (teaching_activity_id, course_instance_id, study_period_id, planned_hours) VALUES (3, 17, 1, 34);
INSERT INTO planned_activity (teaching_activity_id, course_instance_id, study_period_id, planned_hours) VALUES (1, 18, 2, 13);
INSERT INTO planned_activity (teaching_activity_id, course_instance_id, study_period_id, planned_hours) VALUES (1, 19, 1, 26);
INSERT INTO planned_activity (teaching_activity_id, course_instance_id, study_period_id, planned_hours) VALUES (2, 20, 3, 24);
INSERT INTO planned_activity (teaching_activity_id, course_instance_id, study_period_id, planned_hours) VALUES (2, 21, 1, 48);
INSERT INTO planned_activity (teaching_activity_id, course_instance_id, study_period_id, planned_hours) VALUES (2, 22, 1, 47);
INSERT INTO planned_activity (teaching_activity_id, course_instance_id, study_period_id, planned_hours) VALUES (2, 23, 3, 42);
INSERT INTO planned_activity (teaching_activity_id, course_instance_id, study_period_id, planned_hours) VALUES (3, 24, 1, 47);
INSERT INTO planned_activity (teaching_activity_id, course_instance_id, study_period_id, planned_hours) VALUES (3, 25, 1, 12);
INSERT INTO planned_activity (teaching_activity_id, course_instance_id, study_period_id, planned_hours) VALUES (1, 26, 3, 34);
INSERT INTO planned_activity (teaching_activity_id, course_instance_id, study_period_id, planned_hours) VALUES (1, 27, 4, 27);
INSERT INTO planned_activity (teaching_activity_id, course_instance_id, study_period_id, planned_hours) VALUES (1, 28, 3, 27);
INSERT INTO planned_activity (teaching_activity_id, course_instance_id, study_period_id, planned_hours) VALUES (1, 29, 2, 27);
INSERT INTO planned_activity (teaching_activity_id, course_instance_id, study_period_id, planned_hours) VALUES (1, 30, 4, 34);

-- Activity Allocations
INSERT INTO activity_allocation (employee_id, teaching_activity_id, course_instance_id, study_period_id) VALUES (4, 2, 1, 4);
INSERT INTO activity_allocation (employee_id, teaching_activity_id, course_instance_id, study_period_id) VALUES (48, 4, 2, 4);
INSERT INTO activity_allocation (employee_id, teaching_activity_id, course_instance_id, study_period_id) VALUES (34, 3, 3, 4);
INSERT INTO activity_allocation (employee_id, teaching_activity_id, course_instance_id, study_period_id) VALUES (1, 1, 4, 3);
INSERT INTO activity_allocation (employee_id, teaching_activity_id, course_instance_id, study_period_id) VALUES (20, 3, 5, 1);
INSERT INTO activity_allocation (employee_id, teaching_activity_id, course_instance_id, study_period_id) VALUES (44, 1, 6, 3);
INSERT INTO activity_allocation (employee_id, teaching_activity_id, course_instance_id, study_period_id) VALUES (25, 4, 7, 2);
INSERT INTO activity_allocation (employee_id, teaching_activity_id, course_instance_id, study_period_id) VALUES (16, 3, 8, 4);
INSERT INTO activity_allocation (employee_id, teaching_activity_id, course_instance_id, study_period_id) VALUES (28, 1, 9, 2);
INSERT INTO activity_allocation (employee_id, teaching_activity_id, course_instance_id, study_period_id) VALUES (17, 2, 10, 2);
INSERT INTO activity_allocation (employee_id, teaching_activity_id, course_instance_id, study_period_id) VALUES (30, 2, 11, 2);
INSERT INTO activity_allocation (employee_id, teaching_activity_id, course_instance_id, study_period_id) VALUES (45, 3, 12, 4);
INSERT INTO activity_allocation (employee_id, teaching_activity_id, course_instance_id, study_period_id) VALUES (20, 3, 13, 1);
INSERT INTO activity_allocation (employee_id, teaching_activity_id, course_instance_id, study_period_id) VALUES (50, 2, 14, 3);
INSERT INTO activity_allocation (employee_id, teaching_activity_id, course_instance_id, study_period_id) VALUES (17, 1, 15, 2);
INSERT INTO activity_allocation (employee_id, teaching_activity_id, course_instance_id, study_period_id) VALUES (16, 2, 16, 4);
INSERT INTO activity_allocation (employee_id, teaching_activity_id, course_instance_id, study_period_id) VALUES (46, 3, 17, 1);
INSERT INTO activity_allocation (employee_id, teaching_activity_id, course_instance_id, study_period_id) VALUES (39, 1, 18, 2);
INSERT INTO activity_allocation (employee_id, teaching_activity_id, course_instance_id, study_period_id) VALUES (22, 1, 19, 1);
INSERT INTO activity_allocation (employee_id, teaching_activity_id, course_instance_id, study_period_id) VALUES (40, 2, 20, 3);
INSERT INTO activity_allocation (employee_id, teaching_activity_id, course_instance_id, study_period_id) VALUES (14, 2, 21, 1);
INSERT INTO activity_allocation (employee_id, teaching_activity_id, course_instance_id, study_period_id) VALUES (15, 2, 22, 1);
INSERT INTO activity_allocation (employee_id, teaching_activity_id, course_instance_id, study_period_id) VALUES (11, 2, 23, 3);
INSERT INTO activity_allocation (employee_id, teaching_activity_id, course_instance_id, study_period_id) VALUES (1, 3, 24, 1);
INSERT INTO activity_allocation (employee_id, teaching_activity_id, course_instance_id, study_period_id) VALUES (24, 3, 25, 1);
INSERT INTO activity_allocation (employee_id, teaching_activity_id, course_instance_id, study_period_id) VALUES (31, 1, 26, 3);
INSERT INTO activity_allocation (employee_id, teaching_activity_id, course_instance_id, study_period_id) VALUES (3, 1, 27, 4);
INSERT INTO activity_allocation (employee_id, teaching_activity_id, course_instance_id, study_period_id) VALUES (11, 1, 28, 3);
INSERT INTO activity_allocation (employee_id, teaching_activity_id, course_instance_id, study_period_id) VALUES (27, 1, 29, 2);
INSERT INTO activity_allocation (employee_id, teaching_activity_id, course_instance_id, study_period_id) VALUES (10, 1, 30, 4);

-- Update Departments Manager
UPDATE department SET manager_id = 42 WHERE department_id = 1;
UPDATE department SET manager_id = 3 WHERE department_id = 2;
UPDATE department SET manager_id = 20 WHERE department_id = 3;
UPDATE department SET manager_id = 29 WHERE department_id = 4;

-- Re-add circular salary constraints
ALTER TABLE salary_history ADD CONSTRAINT FK_salary_history_0 FOREIGN KEY (employee_id) REFERENCES employee (employee_id);
ALTER TABLE employee ADD CONSTRAINT FK_employee_4 FOREIGN KEY (salary_history_id) REFERENCES salary_history (salary_history_id);
