-- Generated Data Script (for updated schema with salary_history_id on employee)
-- NOTE: Run this on a clean database after running task1.sql

-- Temporarily drop circular salary constraints (if they exist)
ALTER TABLE employee DROP CONSTRAINT IF EXISTS FK_employee_4;
ALTER TABLE salary_history DROP CONSTRAINT IF EXISTS FK_salary_history_0;

-- Study Period Types
INSERT INTO study_period_type (study_period_id) VALUES (1);
INSERT INTO study_period_type (study_period_id) VALUES (2);
INSERT INTO study_period_type (study_period_id) VALUES (3);
INSERT INTO study_period_type (study_period_id) VALUES (4);

-- Departments
INSERT INTO department (department_name, manager_id) VALUES ('Civil Engineering', NULL);
INSERT INTO department (department_name, manager_id) VALUES ('Information Technology', NULL);
INSERT INTO department (department_name, manager_id) VALUES ('Architecture', NULL);
INSERT INTO department (department_name, manager_id) VALUES ('Urban Planning', NULL);

-- Job Titles
INSERT INTO job_title (job_title) VALUES ('Lecturer');
INSERT INTO job_title (job_title) VALUES ('Senior Lecturer');
INSERT INTO job_title (job_title) VALUES ('Professor');
INSERT INTO job_title (job_title) VALUES ('PhD Student');
INSERT INTO job_title (job_title) VALUES ('Administrator');

-- Skills
INSERT INTO skill (skill_name) VALUES ('Python');
INSERT INTO skill (skill_name) VALUES ('SQL');
INSERT INTO skill (skill_name) VALUES ('AutoCAD');
INSERT INTO skill (skill_name) VALUES ('Revit');
INSERT INTO skill (skill_name) VALUES ('GIS');
INSERT INTO skill (skill_name) VALUES ('Project Management');
INSERT INTO skill (skill_name) VALUES ('Matlab');

-- Teaching Activities
INSERT INTO teaching_activity (activity_name, factor) VALUES ('Lecture', 1.0);
INSERT INTO teaching_activity (activity_name, factor) VALUES ('Lab', 2.0);
INSERT INTO teaching_activity (activity_name, factor) VALUES ('Seminar', 1.5);
INSERT INTO teaching_activity (activity_name, factor) VALUES ('Project', 0.5);

-- Course Layouts
INSERT INTO course_layout (course_code, course_name, min_students, max_students, hp, valid_from) VALUES ('CE101', 'Intro to Civil Engineering', 18, 55, 15.0, DATE '2020-01-01');
INSERT INTO course_layout (course_code, course_name, min_students, max_students, hp, valid_from) VALUES ('IT202', 'Databases for Engineers', 15, 57, 15.0, DATE '2020-01-01');
INSERT INTO course_layout (course_code, course_name, min_students, max_students, hp, valid_from) VALUES ('CE305', 'Structural Analysis', 13, 46, 15.0, DATE '2020-01-01');
INSERT INTO course_layout (course_code, course_name, min_students, max_students, hp, valid_from) VALUES ('IT301', 'BIM Data Management', 10, 38, 15.0, DATE '2020-01-01');
INSERT INTO course_layout (course_code, course_name, min_students, max_students, hp, valid_from) VALUES ('CE400', 'Geotechnical Engineering', 10, 43, 7.5, DATE '2020-01-01');
INSERT INTO course_layout (course_code, course_name, min_students, max_students, hp, valid_from) VALUES ('IT101', 'Programming in Python', 14, 87, 15.0, DATE '2020-01-01');
INSERT INTO course_layout (course_code, course_name, min_students, max_students, hp, valid_from) VALUES ('CE202', 'Fluid Mechanics', 10, 43, 7.5, DATE '2020-01-01');
INSERT INTO course_layout (course_code, course_name, min_students, max_students, hp, valid_from) VALUES ('AT105', 'CAD Fundamentals', 17, 99, 15.0, DATE '2020-01-01');
INSERT INTO course_layout (course_code, course_name, min_students, max_students, hp, valid_from) VALUES ('UP201', 'Urban GIS Systems', 10, 37, 15.0, DATE '2020-01-01');
INSERT INTO course_layout (course_code, course_name, min_students, max_students, hp, valid_from) VALUES ('CE500', 'Master Thesis Project', 16, 92, 7.5, DATE '2020-01-01');

-- People, Employees, Phones, Addresses
INSERT INTO person (personal_number, first_name, last_name) VALUES ('700307-2839', 'Kelly', 'Jones');
INSERT INTO address (person_id, address) VALUES (1, '5906 Angela Causeway, East Autumnchester, TN 98571');
INSERT INTO phone (person_id, phone_number) VALUES (1, '207.554.4414');
INSERT INTO employee (person_id, job_title_id, department_id, manager_id, salary_history_id) VALUES (1, 4, 1, 1, 1);
INSERT INTO person (personal_number, first_name, last_name) VALUES ('730204-2509', 'Elizabeth', 'Garza');
INSERT INTO address (person_id, address) VALUES (2, '5155 White Mills, Carlafurt, SD 35124');
INSERT INTO phone (person_id, phone_number) VALUES (2, '(315)470-1100');
INSERT INTO employee (person_id, job_title_id, department_id, manager_id, salary_history_id) VALUES (2, 1, 4, 2, 2);
INSERT INTO person (personal_number, first_name, last_name) VALUES ('880211-4718', 'Steve', 'Maxwell');
INSERT INTO address (person_id, address) VALUES (3, '20556 Gray Crossroad, Jacquelinefurt, MA 25158');
INSERT INTO phone (person_id, phone_number) VALUES (3, '+1-740-921-7165x41230');
INSERT INTO employee (person_id, job_title_id, department_id, manager_id, salary_history_id) VALUES (3, 2, 3, 3, 3);
INSERT INTO person (personal_number, first_name, last_name) VALUES ('900224-9742', 'Chelsea', 'Yoder');
INSERT INTO address (person_id, address) VALUES (4, '0438 Ochoa Union, Kevinmouth, MH 02659');
INSERT INTO phone (person_id, phone_number) VALUES (4, '(311)798-7404x13521');
INSERT INTO employee (person_id, job_title_id, department_id, manager_id, salary_history_id) VALUES (4, 5, 1, 3, 4);
INSERT INTO person (personal_number, first_name, last_name) VALUES ('850517-0250', 'John', 'Marks');
INSERT INTO address (person_id, address) VALUES (5, '5565 Johnson Harbor Suite 608, North Darren, MS 60023');
INSERT INTO phone (person_id, phone_number) VALUES (5, '622-917-5736x6365');
INSERT INTO employee (person_id, job_title_id, department_id, manager_id, salary_history_id) VALUES (5, 4, 2, 4, 5);
INSERT INTO person (personal_number, first_name, last_name) VALUES ('720115-7078', 'Jennifer', 'Wood');
INSERT INTO address (person_id, address) VALUES (6, '303 Brooks Forest, New Abigailmouth, MT 43077');
INSERT INTO phone (person_id, phone_number) VALUES (6, '+1-308-941-1171x92496');
INSERT INTO employee (person_id, job_title_id, department_id, manager_id, salary_history_id) VALUES (6, 3, 1, 6, 6);
INSERT INTO person (personal_number, first_name, last_name) VALUES ('970115-5295', 'Damon', 'Weaver');
INSERT INTO address (person_id, address) VALUES (7, '8569 Mccoy Center Apt. 420, Port Randallborough, AL 21953');
INSERT INTO phone (person_id, phone_number) VALUES (7, '505-808-4249x13125');
INSERT INTO employee (person_id, job_title_id, department_id, manager_id, salary_history_id) VALUES (7, 5, 1, 2, 7);
INSERT INTO person (personal_number, first_name, last_name) VALUES ('811006-2981', 'David', 'Todd');
INSERT INTO address (person_id, address) VALUES (8, '94339 Davis Mission Apt. 431, Wheelerbury, GU 36598');
INSERT INTO phone (person_id, phone_number) VALUES (8, '446-555-1948x78881');
INSERT INTO employee (person_id, job_title_id, department_id, manager_id, salary_history_id) VALUES (8, 3, 1, 6, 8);
INSERT INTO person (personal_number, first_name, last_name) VALUES ('760402-6829', 'Gary', 'Schultz');
INSERT INTO address (person_id, address) VALUES (9, '9262 Jessica Summit Apt. 940, West Dianefurt, ND 55747');
INSERT INTO phone (person_id, phone_number) VALUES (9, '278-527-6236x124');
INSERT INTO employee (person_id, job_title_id, department_id, manager_id, salary_history_id) VALUES (9, 5, 4, 7, 9);
INSERT INTO person (personal_number, first_name, last_name) VALUES ('631107-9397', 'Tammy', 'Davidson');
INSERT INTO address (person_id, address) VALUES (10, 'USNV Scott, FPO AE 37204');
INSERT INTO phone (person_id, phone_number) VALUES (10, '724-882-0173x9998');
INSERT INTO employee (person_id, job_title_id, department_id, manager_id, salary_history_id) VALUES (10, 2, 2, 2, 10);
INSERT INTO person (personal_number, first_name, last_name) VALUES ('001218-3734', 'Michael', 'Robinson');
INSERT INTO address (person_id, address) VALUES (11, '49965 Aaron Parks Apt. 376, Port Jo, TX 93280');
INSERT INTO phone (person_id, phone_number) VALUES (11, '349.485.1428');
INSERT INTO employee (person_id, job_title_id, department_id, manager_id, salary_history_id) VALUES (11, 3, 4, 11, 11);
INSERT INTO person (personal_number, first_name, last_name) VALUES ('790223-4022', 'Sara', 'West');
INSERT INTO address (person_id, address) VALUES (12, '94562 Flores Light, Floresmouth, MI 38587');
INSERT INTO phone (person_id, phone_number) VALUES (12, '001-837-373-7739x28318');
INSERT INTO employee (person_id, job_title_id, department_id, manager_id, salary_history_id) VALUES (12, 3, 4, 4, 12);
INSERT INTO person (personal_number, first_name, last_name) VALUES ('560210-4288', 'Jamie', 'Cox');
INSERT INTO address (person_id, address) VALUES (13, 'Unit 0861 Box 8821, DPO AP 55440');
INSERT INTO phone (person_id, phone_number) VALUES (13, '+1-335-608-0076x839');
INSERT INTO employee (person_id, job_title_id, department_id, manager_id, salary_history_id) VALUES (13, 1, 2, 9, 13);
INSERT INTO person (personal_number, first_name, last_name) VALUES ('910412-1010', 'Lisa', 'Morris');
INSERT INTO address (person_id, address) VALUES (14, '9803 Henry Crossing, East Brad, SC 41199');
INSERT INTO phone (person_id, phone_number) VALUES (14, '+1-851-483-9928x273');
INSERT INTO employee (person_id, job_title_id, department_id, manager_id, salary_history_id) VALUES (14, 1, 3, 11, 14);
INSERT INTO person (personal_number, first_name, last_name) VALUES ('961006-7285', 'Whitney', 'Coleman');
INSERT INTO address (person_id, address) VALUES (15, '750 Melissa Loaf Suite 050, Sanderschester, CO 76454');
INSERT INTO phone (person_id, phone_number) VALUES (15, '228-620-7935x9111');
INSERT INTO employee (person_id, job_title_id, department_id, manager_id, salary_history_id) VALUES (15, 3, 2, 6, 15);
INSERT INTO person (personal_number, first_name, last_name) VALUES ('790621-0115', 'Rachel', 'Barrett');
INSERT INTO address (person_id, address) VALUES (16, 'Unit 1872 Box 0906, DPO AA 73770');
INSERT INTO phone (person_id, phone_number) VALUES (16, '313-543-1669x4614');
INSERT INTO employee (person_id, job_title_id, department_id, manager_id, salary_history_id) VALUES (16, 3, 4, 7, 16);
INSERT INTO person (personal_number, first_name, last_name) VALUES ('730707-5915', 'Melissa', 'Anderson');
INSERT INTO address (person_id, address) VALUES (17, 'Unit 4109 Box 4578, DPO AP 36811');
INSERT INTO phone (person_id, phone_number) VALUES (17, '001-734-248-4539');
INSERT INTO employee (person_id, job_title_id, department_id, manager_id, salary_history_id) VALUES (17, 5, 2, 14, 17);
INSERT INTO person (personal_number, first_name, last_name) VALUES ('750706-1596', 'Amanda', 'Adams');
INSERT INTO address (person_id, address) VALUES (18, '1130 Osborne Pike, Ortegaside, PW 42834');
INSERT INTO phone (person_id, phone_number) VALUES (18, '(277)986-4799x662');
INSERT INTO employee (person_id, job_title_id, department_id, manager_id, salary_history_id) VALUES (18, 3, 3, 4, 18);
INSERT INTO person (personal_number, first_name, last_name) VALUES ('960711-3840', 'Gary', 'Kerr');
INSERT INTO address (person_id, address) VALUES (19, '166 Wheeler Plaza Suite 810, New Mark, AR 40522');
INSERT INTO phone (person_id, phone_number) VALUES (19, '668.377.1485');
INSERT INTO employee (person_id, job_title_id, department_id, manager_id, salary_history_id) VALUES (19, 5, 4, 1, 19);
INSERT INTO person (personal_number, first_name, last_name) VALUES ('940510-4111', 'Heather', 'Thomas');
INSERT INTO address (person_id, address) VALUES (20, '72573 Wilson Hill, South Vanessamouth, GA 43213');
INSERT INTO phone (person_id, phone_number) VALUES (20, '+1-675-585-5786x6676');
INSERT INTO employee (person_id, job_title_id, department_id, manager_id, salary_history_id) VALUES (20, 3, 3, 20, 20);
INSERT INTO person (personal_number, first_name, last_name) VALUES ('650620-0698', 'Crystal', 'Lowe');
INSERT INTO address (person_id, address) VALUES (21, 'PSC 9389, Box 7897, APO AA 84485');
INSERT INTO phone (person_id, phone_number) VALUES (21, '001-998-247-0518x05607');
INSERT INTO employee (person_id, job_title_id, department_id, manager_id, salary_history_id) VALUES (21, 3, 2, 10, 21);
INSERT INTO person (personal_number, first_name, last_name) VALUES ('711108-8564', 'Brittany', 'Newton');
INSERT INTO address (person_id, address) VALUES (22, '9582 Pitts Loop, Burgessport, NM 18299');
INSERT INTO phone (person_id, phone_number) VALUES (22, '+1-904-565-3543x511');
INSERT INTO employee (person_id, job_title_id, department_id, manager_id, salary_history_id) VALUES (22, 1, 4, 15, 22);
INSERT INTO person (personal_number, first_name, last_name) VALUES ('680415-9205', 'Kenneth', 'Ramirez');
INSERT INTO address (person_id, address) VALUES (23, '0658 Mary Ways Apt. 604, Port Michaelbury, MO 75981');
INSERT INTO phone (person_id, phone_number) VALUES (23, '893.567.1178x2963');
INSERT INTO employee (person_id, job_title_id, department_id, manager_id, salary_history_id) VALUES (23, 2, 3, 10, 23);
INSERT INTO person (personal_number, first_name, last_name) VALUES ('640926-5493', 'Amanda', 'Robinson');
INSERT INTO address (person_id, address) VALUES (24, '27741 Waller Springs, Port Claudiashire, AR 36366');
INSERT INTO phone (person_id, phone_number) VALUES (24, '403.845.8143x796');
INSERT INTO employee (person_id, job_title_id, department_id, manager_id, salary_history_id) VALUES (24, 3, 2, 24, 24);
INSERT INTO person (personal_number, first_name, last_name) VALUES ('690822-2539', 'Justin', 'Walton');
INSERT INTO address (person_id, address) VALUES (25, '6636 Barry Curve, Welchchester, PW 69149');
INSERT INTO phone (person_id, phone_number) VALUES (25, '(434)289-4720x308');
INSERT INTO employee (person_id, job_title_id, department_id, manager_id, salary_history_id) VALUES (25, 1, 3, 3, 25);
INSERT INTO person (personal_number, first_name, last_name) VALUES ('690711-9193', 'Erin', 'Martinez');
INSERT INTO address (person_id, address) VALUES (26, '58407 Walker Terrace Suite 175, Clarkton, HI 02877');
INSERT INTO phone (person_id, phone_number) VALUES (26, '8518626196');
INSERT INTO employee (person_id, job_title_id, department_id, manager_id, salary_history_id) VALUES (26, 2, 4, 2, 26);
INSERT INTO person (personal_number, first_name, last_name) VALUES ('640628-8857', 'Kathryn', 'Becker');
INSERT INTO address (person_id, address) VALUES (27, '998 Watkins Garden Suite 521, North Christinamouth, VI 73272');
INSERT INTO phone (person_id, phone_number) VALUES (27, '(414)778-9920x0279');
INSERT INTO employee (person_id, job_title_id, department_id, manager_id, salary_history_id) VALUES (27, 4, 2, 11, 27);
INSERT INTO person (personal_number, first_name, last_name) VALUES ('850507-8643', 'Manuel', 'Williams');
INSERT INTO address (person_id, address) VALUES (28, '504 Brian Court, Cruzville, MH 31556');
INSERT INTO phone (person_id, phone_number) VALUES (28, '(951)537-4251');
INSERT INTO employee (person_id, job_title_id, department_id, manager_id, salary_history_id) VALUES (28, 1, 3, 16, 28);
INSERT INTO person (personal_number, first_name, last_name) VALUES ('590827-1696', 'Michelle', 'Ortega');
INSERT INTO address (person_id, address) VALUES (29, '25175 Banks Road, South Philipview, NC 94205');
INSERT INTO phone (person_id, phone_number) VALUES (29, '+1-367-526-6637x4745');
INSERT INTO employee (person_id, job_title_id, department_id, manager_id, salary_history_id) VALUES (29, 3, 1, 6, 29);
INSERT INTO person (personal_number, first_name, last_name) VALUES ('840705-9545', 'Michaela', 'Lowe');
INSERT INTO address (person_id, address) VALUES (30, '079 Glover Manors, East Jamesville, AL 17615');
INSERT INTO phone (person_id, phone_number) VALUES (30, '(803)693-8266x4021');
INSERT INTO employee (person_id, job_title_id, department_id, manager_id, salary_history_id) VALUES (30, 5, 1, 4, 30);
INSERT INTO person (personal_number, first_name, last_name) VALUES ('540311-7270', 'Jennifer', 'Townsend');
INSERT INTO address (person_id, address) VALUES (31, '082 Richard Camp, Lake Jayton, MP 89672');
INSERT INTO phone (person_id, phone_number) VALUES (31, '267-358-9202x79679');
INSERT INTO employee (person_id, job_title_id, department_id, manager_id, salary_history_id) VALUES (31, 2, 3, 12, 31);
INSERT INTO person (personal_number, first_name, last_name) VALUES ('830109-4693', 'Teresa', 'Montgomery');
INSERT INTO address (person_id, address) VALUES (32, 'PSC 1129, Box 9258, APO AP 87902');
INSERT INTO phone (person_id, phone_number) VALUES (32, '+1-411-317-9375x535');
INSERT INTO employee (person_id, job_title_id, department_id, manager_id, salary_history_id) VALUES (32, 4, 2, 20, 32);
INSERT INTO person (personal_number, first_name, last_name) VALUES ('000313-7280', 'John', 'Casey');
INSERT INTO address (person_id, address) VALUES (33, '184 Ramirez Fork Suite 605, Fletcherland, OK 34077');
INSERT INTO phone (person_id, phone_number) VALUES (33, '591-996-7408x7088');
INSERT INTO employee (person_id, job_title_id, department_id, manager_id, salary_history_id) VALUES (33, 3, 1, 12, 33);
INSERT INTO person (personal_number, first_name, last_name) VALUES ('631121-2553', 'David', 'Mcdonald');
INSERT INTO address (person_id, address) VALUES (34, '8131 Griffith Rue Suite 194, Edwardsborough, DE 18597');
INSERT INTO phone (person_id, phone_number) VALUES (34, '+1-808-915-5916x34553');
INSERT INTO employee (person_id, job_title_id, department_id, manager_id, salary_history_id) VALUES (34, 5, 1, 10, 34);
INSERT INTO person (personal_number, first_name, last_name) VALUES ('591210-8949', 'Anthony', 'Chavez');
INSERT INTO address (person_id, address) VALUES (35, 'Unit 1548 Box 8954, DPO AA 84381');
INSERT INTO phone (person_id, phone_number) VALUES (35, '(483)706-2384x960');
INSERT INTO employee (person_id, job_title_id, department_id, manager_id, salary_history_id) VALUES (35, 5, 1, 16, 35);
INSERT INTO person (personal_number, first_name, last_name) VALUES ('641103-6384', 'Caleb', 'Rogers');
INSERT INTO address (person_id, address) VALUES (36, '579 Sandra Plaza, Port Andrew, NJ 18282');
INSERT INTO phone (person_id, phone_number) VALUES (36, '001-344-789-5569x6392');
INSERT INTO employee (person_id, job_title_id, department_id, manager_id, salary_history_id) VALUES (36, 4, 1, 14, 36);
INSERT INTO person (personal_number, first_name, last_name) VALUES ('640424-3247', 'Laura', 'Delgado');
INSERT INTO address (person_id, address) VALUES (37, '404 Barnett Terrace Suite 879, East Brianfort, OK 82622');
INSERT INTO phone (person_id, phone_number) VALUES (37, '5685803891');
INSERT INTO employee (person_id, job_title_id, department_id, manager_id, salary_history_id) VALUES (37, 1, 1, 19, 37);
INSERT INTO person (personal_number, first_name, last_name) VALUES ('890111-5850', 'Raymond', 'Clarke');
INSERT INTO address (person_id, address) VALUES (38, 'USCGC Leach, FPO AE 86180');
INSERT INTO phone (person_id, phone_number) VALUES (38, '452.445.8786');
INSERT INTO employee (person_id, job_title_id, department_id, manager_id, salary_history_id) VALUES (38, 2, 3, 6, 38);
INSERT INTO person (personal_number, first_name, last_name) VALUES ('011026-7668', 'David', 'Olson');
INSERT INTO address (person_id, address) VALUES (39, '9777 Perez Fork, North Jessicaville, PA 32434');
INSERT INTO phone (person_id, phone_number) VALUES (39, '(437)489-7711');
INSERT INTO employee (person_id, job_title_id, department_id, manager_id, salary_history_id) VALUES (39, 1, 1, 35, 39);
INSERT INTO person (personal_number, first_name, last_name) VALUES ('630114-0343', 'Thomas', 'Willis');
INSERT INTO address (person_id, address) VALUES (40, '51576 Martinez Green, Charlesport, TN 65995');
INSERT INTO phone (person_id, phone_number) VALUES (40, '489-560-4770');
INSERT INTO employee (person_id, job_title_id, department_id, manager_id, salary_history_id) VALUES (40, 2, 2, 28, 40);
INSERT INTO person (personal_number, first_name, last_name) VALUES ('570607-1371', 'Hannah', 'Walsh');
INSERT INTO address (person_id, address) VALUES (41, '11808 Benjamin Valley, South Kyle, VI 59595');
INSERT INTO phone (person_id, phone_number) VALUES (41, '001-549-863-6376x7375');
INSERT INTO employee (person_id, job_title_id, department_id, manager_id, salary_history_id) VALUES (41, 2, 1, 5, 41);
INSERT INTO person (personal_number, first_name, last_name) VALUES ('830611-7691', 'Megan', 'Williams');
INSERT INTO address (person_id, address) VALUES (42, '45481 Jay Radial Suite 849, Moorefort, CO 21112');
INSERT INTO phone (person_id, phone_number) VALUES (42, '001-605-786-8746x430');
INSERT INTO employee (person_id, job_title_id, department_id, manager_id, salary_history_id) VALUES (42, 1, 4, 37, 42);
INSERT INTO person (personal_number, first_name, last_name) VALUES ('910504-7207', 'Jeremy', 'Keith');
INSERT INTO address (person_id, address) VALUES (43, '01772 William Road, Port Randallmouth, IA 88181');
INSERT INTO phone (person_id, phone_number) VALUES (43, '001-756-571-6698x221');
INSERT INTO employee (person_id, job_title_id, department_id, manager_id, salary_history_id) VALUES (43, 5, 3, 37, 43);
INSERT INTO person (personal_number, first_name, last_name) VALUES ('620410-8334', 'Michele', 'Neal');
INSERT INTO address (person_id, address) VALUES (44, '39221 Adams Street, East Brookeside, MO 23603');
INSERT INTO phone (person_id, phone_number) VALUES (44, '5149851523');
INSERT INTO employee (person_id, job_title_id, department_id, manager_id, salary_history_id) VALUES (44, 3, 1, 11, 44);
INSERT INTO person (personal_number, first_name, last_name) VALUES ('910723-3775', 'Eric', 'Ramos');
INSERT INTO address (person_id, address) VALUES (45, '6608 Jacqueline Land Apt. 138, Wrightview, OR 24760');
INSERT INTO phone (person_id, phone_number) VALUES (45, '(669)612-6185');
INSERT INTO employee (person_id, job_title_id, department_id, manager_id, salary_history_id) VALUES (45, 1, 1, 15, 45);
INSERT INTO person (personal_number, first_name, last_name) VALUES ('870325-8249', 'Cheryl', 'Lee');
INSERT INTO address (person_id, address) VALUES (46, '8536 Kimberly Overpass Suite 679, Briannaberg, DE 24320');
INSERT INTO phone (person_id, phone_number) VALUES (46, '8193923791');
INSERT INTO employee (person_id, job_title_id, department_id, manager_id, salary_history_id) VALUES (46, 1, 2, 31, 46);
INSERT INTO person (personal_number, first_name, last_name) VALUES ('860421-1974', 'Diana', 'Martin');
INSERT INTO address (person_id, address) VALUES (47, '6116 Drake Loaf, Smithbury, CT 08182');
INSERT INTO phone (person_id, phone_number) VALUES (47, '+1-509-303-2356x599');
INSERT INTO employee (person_id, job_title_id, department_id, manager_id, salary_history_id) VALUES (47, 3, 2, 8, 47);
INSERT INTO person (personal_number, first_name, last_name) VALUES ('931202-5081', 'Pamela', 'Fischer');
INSERT INTO address (person_id, address) VALUES (48, '20490 Blackburn Cove, North Karenstad, MD 52631');
INSERT INTO phone (person_id, phone_number) VALUES (48, '449.304.8109');
INSERT INTO employee (person_id, job_title_id, department_id, manager_id, salary_history_id) VALUES (48, 4, 3, 28, 48);
INSERT INTO person (personal_number, first_name, last_name) VALUES ('810906-6092', 'Jessica', 'Simmons');
INSERT INTO address (person_id, address) VALUES (49, 'USCGC Garcia, FPO AE 18216');
INSERT INTO phone (person_id, phone_number) VALUES (49, '(950)223-2219');
INSERT INTO employee (person_id, job_title_id, department_id, manager_id, salary_history_id) VALUES (49, 5, 2, 45, 49);
INSERT INTO person (personal_number, first_name, last_name) VALUES ('881105-9573', 'Angela', 'Kline');
INSERT INTO address (person_id, address) VALUES (50, '74901 Williams Drive Suite 172, Smithside, KY 64470');
INSERT INTO phone (person_id, phone_number) VALUES (50, '001-478-848-1978x7303');
INSERT INTO employee (person_id, job_title_id, department_id, manager_id, salary_history_id) VALUES (50, 4, 3, 22, 50);

-- Salary History
INSERT INTO salary_history (salary_amount, valid_from, employee_id) VALUES (47923, DATE '2024-01-01', 1);
INSERT INTO salary_history (salary_amount, valid_from, employee_id) VALUES (48776, DATE '2024-01-01', 2);
INSERT INTO salary_history (salary_amount, valid_from, employee_id) VALUES (31749, DATE '2024-01-01', 3);
INSERT INTO salary_history (salary_amount, valid_from, employee_id) VALUES (56043, DATE '2024-01-01', 4);
INSERT INTO salary_history (salary_amount, valid_from, employee_id) VALUES (31766, DATE '2024-01-01', 5);
INSERT INTO salary_history (salary_amount, valid_from, employee_id) VALUES (60525, DATE '2024-01-01', 6);
INSERT INTO salary_history (salary_amount, valid_from, employee_id) VALUES (36783, DATE '2024-01-01', 7);
INSERT INTO salary_history (salary_amount, valid_from, employee_id) VALUES (54455, DATE '2024-01-01', 8);
INSERT INTO salary_history (salary_amount, valid_from, employee_id) VALUES (63755, DATE '2024-01-01', 9);
INSERT INTO salary_history (salary_amount, valid_from, employee_id) VALUES (40982, DATE '2024-01-01', 10);
INSERT INTO salary_history (salary_amount, valid_from, employee_id) VALUES (64570, DATE '2024-01-01', 11);
INSERT INTO salary_history (salary_amount, valid_from, employee_id) VALUES (40198, DATE '2024-01-01', 12);
INSERT INTO salary_history (salary_amount, valid_from, employee_id) VALUES (39757, DATE '2024-01-01', 13);
INSERT INTO salary_history (salary_amount, valid_from, employee_id) VALUES (46779, DATE '2024-01-01', 14);
INSERT INTO salary_history (salary_amount, valid_from, employee_id) VALUES (48830, DATE '2024-01-01', 15);
INSERT INTO salary_history (salary_amount, valid_from, employee_id) VALUES (60813, DATE '2024-01-01', 16);
INSERT INTO salary_history (salary_amount, valid_from, employee_id) VALUES (41349, DATE '2024-01-01', 17);
INSERT INTO salary_history (salary_amount, valid_from, employee_id) VALUES (34314, DATE '2024-01-01', 18);
INSERT INTO salary_history (salary_amount, valid_from, employee_id) VALUES (32100, DATE '2024-01-01', 19);
INSERT INTO salary_history (salary_amount, valid_from, employee_id) VALUES (40482, DATE '2024-01-01', 20);
INSERT INTO salary_history (salary_amount, valid_from, employee_id) VALUES (46985, DATE '2024-01-01', 21);
INSERT INTO salary_history (salary_amount, valid_from, employee_id) VALUES (42116, DATE '2024-01-01', 22);
INSERT INTO salary_history (salary_amount, valid_from, employee_id) VALUES (35792, DATE '2024-01-01', 23);
INSERT INTO salary_history (salary_amount, valid_from, employee_id) VALUES (52201, DATE '2024-01-01', 24);
INSERT INTO salary_history (salary_amount, valid_from, employee_id) VALUES (54586, DATE '2024-01-01', 25);
INSERT INTO salary_history (salary_amount, valid_from, employee_id) VALUES (46278, DATE '2024-01-01', 26);
INSERT INTO salary_history (salary_amount, valid_from, employee_id) VALUES (39694, DATE '2024-01-01', 27);
INSERT INTO salary_history (salary_amount, valid_from, employee_id) VALUES (63079, DATE '2024-01-01', 28);
INSERT INTO salary_history (salary_amount, valid_from, employee_id) VALUES (50422, DATE '2024-01-01', 29);
INSERT INTO salary_history (salary_amount, valid_from, employee_id) VALUES (52516, DATE '2024-01-01', 30);
INSERT INTO salary_history (salary_amount, valid_from, employee_id) VALUES (31253, DATE '2024-01-01', 31);
INSERT INTO salary_history (salary_amount, valid_from, employee_id) VALUES (46209, DATE '2024-01-01', 32);
INSERT INTO salary_history (salary_amount, valid_from, employee_id) VALUES (41279, DATE '2024-01-01', 33);
INSERT INTO salary_history (salary_amount, valid_from, employee_id) VALUES (58516, DATE '2024-01-01', 34);
INSERT INTO salary_history (salary_amount, valid_from, employee_id) VALUES (48318, DATE '2024-01-01', 35);
INSERT INTO salary_history (salary_amount, valid_from, employee_id) VALUES (64498, DATE '2024-01-01', 36);
INSERT INTO salary_history (salary_amount, valid_from, employee_id) VALUES (45154, DATE '2024-01-01', 37);
INSERT INTO salary_history (salary_amount, valid_from, employee_id) VALUES (31770, DATE '2024-01-01', 38);
INSERT INTO salary_history (salary_amount, valid_from, employee_id) VALUES (33834, DATE '2024-01-01', 39);
INSERT INTO salary_history (salary_amount, valid_from, employee_id) VALUES (49468, DATE '2024-01-01', 40);
INSERT INTO salary_history (salary_amount, valid_from, employee_id) VALUES (49355, DATE '2024-01-01', 41);
INSERT INTO salary_history (salary_amount, valid_from, employee_id) VALUES (40131, DATE '2024-01-01', 42);
INSERT INTO salary_history (salary_amount, valid_from, employee_id) VALUES (40306, DATE '2024-01-01', 43);
INSERT INTO salary_history (salary_amount, valid_from, employee_id) VALUES (42980, DATE '2024-01-01', 44);
INSERT INTO salary_history (salary_amount, valid_from, employee_id) VALUES (34028, DATE '2024-01-01', 45);
INSERT INTO salary_history (salary_amount, valid_from, employee_id) VALUES (35489, DATE '2024-01-01', 46);
INSERT INTO salary_history (salary_amount, valid_from, employee_id) VALUES (61064, DATE '2024-01-01', 47);
INSERT INTO salary_history (salary_amount, valid_from, employee_id) VALUES (62494, DATE '2024-01-01', 48);
INSERT INTO salary_history (salary_amount, valid_from, employee_id) VALUES (38636, DATE '2024-01-01', 49);
INSERT INTO salary_history (salary_amount, valid_from, employee_id) VALUES (36363, DATE '2024-01-01', 50);

-- Course Instances
INSERT INTO course_instance (num_students, study_year, course_layout_id) VALUES (34, '2024', 9);
INSERT INTO course_instance (num_students, study_year, course_layout_id) VALUES (75, '2024', 8);
INSERT INTO course_instance (num_students, study_year, course_layout_id) VALUES (67, '2024', 8);
INSERT INTO course_instance (num_students, study_year, course_layout_id) VALUES (49, '2024', 10);
INSERT INTO course_instance (num_students, study_year, course_layout_id) VALUES (60, '2024', 3);
INSERT INTO course_instance (num_students, study_year, course_layout_id) VALUES (73, '2024', 4);
INSERT INTO course_instance (num_students, study_year, course_layout_id) VALUES (74, '2024', 3);
INSERT INTO course_instance (num_students, study_year, course_layout_id) VALUES (40, '2024', 2);
INSERT INTO course_instance (num_students, study_year, course_layout_id) VALUES (55, '2024', 10);
INSERT INTO course_instance (num_students, study_year, course_layout_id) VALUES (67, '2024', 4);
INSERT INTO course_instance (num_students, study_year, course_layout_id) VALUES (61, '2024', 2);
INSERT INTO course_instance (num_students, study_year, course_layout_id) VALUES (72, '2024', 7);
INSERT INTO course_instance (num_students, study_year, course_layout_id) VALUES (55, '2024', 6);
INSERT INTO course_instance (num_students, study_year, course_layout_id) VALUES (41, '2024', 9);
INSERT INTO course_instance (num_students, study_year, course_layout_id) VALUES (28, '2024', 1);
INSERT INTO course_instance (num_students, study_year, course_layout_id) VALUES (47, '2024', 3);
INSERT INTO course_instance (num_students, study_year, course_layout_id) VALUES (32, '2024', 4);
INSERT INTO course_instance (num_students, study_year, course_layout_id) VALUES (22, '2024', 10);
INSERT INTO course_instance (num_students, study_year, course_layout_id) VALUES (48, '2024', 2);
INSERT INTO course_instance (num_students, study_year, course_layout_id) VALUES (71, '2024', 10);
INSERT INTO course_instance (num_students, study_year, course_layout_id) VALUES (64, '2024', 3);
INSERT INTO course_instance (num_students, study_year, course_layout_id) VALUES (64, '2024', 6);
INSERT INTO course_instance (num_students, study_year, course_layout_id) VALUES (19, '2024', 6);
INSERT INTO course_instance (num_students, study_year, course_layout_id) VALUES (32, '2024', 7);
INSERT INTO course_instance (num_students, study_year, course_layout_id) VALUES (79, '2024', 8);
INSERT INTO course_instance (num_students, study_year, course_layout_id) VALUES (34, '2024', 4);
INSERT INTO course_instance (num_students, study_year, course_layout_id) VALUES (19, '2024', 7);
INSERT INTO course_instance (num_students, study_year, course_layout_id) VALUES (65, '2024', 8);
INSERT INTO course_instance (num_students, study_year, course_layout_id) VALUES (57, '2024', 8);
INSERT INTO course_instance (num_students, study_year, course_layout_id) VALUES (28, '2024', 5);

-- Course Instance Periods
INSERT INTO course_instance_period (study_period_id) VALUES (3);
INSERT INTO course_instance_period (study_period_id) VALUES (3);
INSERT INTO course_instance_period (study_period_id) VALUES (2);
INSERT INTO course_instance_period (study_period_id) VALUES (4);
INSERT INTO course_instance_period (study_period_id) VALUES (2);
INSERT INTO course_instance_period (study_period_id) VALUES (1);
INSERT INTO course_instance_period (study_period_id) VALUES (3);
INSERT INTO course_instance_period (study_period_id) VALUES (3);
INSERT INTO course_instance_period (study_period_id) VALUES (2);
INSERT INTO course_instance_period (study_period_id) VALUES (1);
INSERT INTO course_instance_period (study_period_id) VALUES (3);
INSERT INTO course_instance_period (study_period_id) VALUES (4);
INSERT INTO course_instance_period (study_period_id) VALUES (4);
INSERT INTO course_instance_period (study_period_id) VALUES (2);
INSERT INTO course_instance_period (study_period_id) VALUES (3);
INSERT INTO course_instance_period (study_period_id) VALUES (1);
INSERT INTO course_instance_period (study_period_id) VALUES (1);
INSERT INTO course_instance_period (study_period_id) VALUES (4);
INSERT INTO course_instance_period (study_period_id) VALUES (2);
INSERT INTO course_instance_period (study_period_id) VALUES (2);
INSERT INTO course_instance_period (study_period_id) VALUES (2);
INSERT INTO course_instance_period (study_period_id) VALUES (4);
INSERT INTO course_instance_period (study_period_id) VALUES (2);
INSERT INTO course_instance_period (study_period_id) VALUES (3);
INSERT INTO course_instance_period (study_period_id) VALUES (1);
INSERT INTO course_instance_period (study_period_id) VALUES (1);
INSERT INTO course_instance_period (study_period_id) VALUES (1);
INSERT INTO course_instance_period (study_period_id) VALUES (2);
INSERT INTO course_instance_period (study_period_id) VALUES (1);
INSERT INTO course_instance_period (study_period_id) VALUES (2);

-- Employee Skills
INSERT INTO employee_skill (employee_id, skill_id) VALUES (1, 3);
INSERT INTO employee_skill (employee_id, skill_id) VALUES (2, 7);
INSERT INTO employee_skill (employee_id, skill_id) VALUES (2, 4);
INSERT INTO employee_skill (employee_id, skill_id) VALUES (3, 4);
INSERT INTO employee_skill (employee_id, skill_id) VALUES (3, 3);
INSERT INTO employee_skill (employee_id, skill_id) VALUES (3, 2);
INSERT INTO employee_skill (employee_id, skill_id) VALUES (4, 7);
INSERT INTO employee_skill (employee_id, skill_id) VALUES (5, 3);
INSERT INTO employee_skill (employee_id, skill_id) VALUES (5, 4);
INSERT INTO employee_skill (employee_id, skill_id) VALUES (6, 5);
INSERT INTO employee_skill (employee_id, skill_id) VALUES (7, 3);
INSERT INTO employee_skill (employee_id, skill_id) VALUES (7, 2);
INSERT INTO employee_skill (employee_id, skill_id) VALUES (7, 5);
INSERT INTO employee_skill (employee_id, skill_id) VALUES (8, 5);
INSERT INTO employee_skill (employee_id, skill_id) VALUES (8, 3);
INSERT INTO employee_skill (employee_id, skill_id) VALUES (9, 2);
INSERT INTO employee_skill (employee_id, skill_id) VALUES (9, 3);
INSERT INTO employee_skill (employee_id, skill_id) VALUES (9, 4);
INSERT INTO employee_skill (employee_id, skill_id) VALUES (10, 2);
INSERT INTO employee_skill (employee_id, skill_id) VALUES (11, 3);
INSERT INTO employee_skill (employee_id, skill_id) VALUES (11, 7);
INSERT INTO employee_skill (employee_id, skill_id) VALUES (11, 1);
INSERT INTO employee_skill (employee_id, skill_id) VALUES (12, 4);
INSERT INTO employee_skill (employee_id, skill_id) VALUES (12, 5);
INSERT INTO employee_skill (employee_id, skill_id) VALUES (13, 3);
INSERT INTO employee_skill (employee_id, skill_id) VALUES (14, 2);
INSERT INTO employee_skill (employee_id, skill_id) VALUES (15, 5);
INSERT INTO employee_skill (employee_id, skill_id) VALUES (16, 7);
INSERT INTO employee_skill (employee_id, skill_id) VALUES (17, 2);
INSERT INTO employee_skill (employee_id, skill_id) VALUES (18, 4);
INSERT INTO employee_skill (employee_id, skill_id) VALUES (18, 6);
INSERT INTO employee_skill (employee_id, skill_id) VALUES (19, 7);
INSERT INTO employee_skill (employee_id, skill_id) VALUES (19, 1);
INSERT INTO employee_skill (employee_id, skill_id) VALUES (20, 1);
INSERT INTO employee_skill (employee_id, skill_id) VALUES (20, 5);
INSERT INTO employee_skill (employee_id, skill_id) VALUES (20, 4);
INSERT INTO employee_skill (employee_id, skill_id) VALUES (21, 2);
INSERT INTO employee_skill (employee_id, skill_id) VALUES (22, 3);
INSERT INTO employee_skill (employee_id, skill_id) VALUES (23, 4);
INSERT INTO employee_skill (employee_id, skill_id) VALUES (24, 7);
INSERT INTO employee_skill (employee_id, skill_id) VALUES (25, 5);
INSERT INTO employee_skill (employee_id, skill_id) VALUES (25, 1);
INSERT INTO employee_skill (employee_id, skill_id) VALUES (25, 3);
INSERT INTO employee_skill (employee_id, skill_id) VALUES (26, 7);
INSERT INTO employee_skill (employee_id, skill_id) VALUES (26, 6);
INSERT INTO employee_skill (employee_id, skill_id) VALUES (27, 1);
INSERT INTO employee_skill (employee_id, skill_id) VALUES (28, 3);
INSERT INTO employee_skill (employee_id, skill_id) VALUES (28, 4);
INSERT INTO employee_skill (employee_id, skill_id) VALUES (29, 6);
INSERT INTO employee_skill (employee_id, skill_id) VALUES (29, 4);
INSERT INTO employee_skill (employee_id, skill_id) VALUES (30, 3);
INSERT INTO employee_skill (employee_id, skill_id) VALUES (30, 7);
INSERT INTO employee_skill (employee_id, skill_id) VALUES (31, 7);
INSERT INTO employee_skill (employee_id, skill_id) VALUES (31, 5);
INSERT INTO employee_skill (employee_id, skill_id) VALUES (31, 3);
INSERT INTO employee_skill (employee_id, skill_id) VALUES (32, 1);
INSERT INTO employee_skill (employee_id, skill_id) VALUES (32, 3);
INSERT INTO employee_skill (employee_id, skill_id) VALUES (32, 4);
INSERT INTO employee_skill (employee_id, skill_id) VALUES (33, 4);
INSERT INTO employee_skill (employee_id, skill_id) VALUES (33, 2);
INSERT INTO employee_skill (employee_id, skill_id) VALUES (34, 6);
INSERT INTO employee_skill (employee_id, skill_id) VALUES (34, 7);
INSERT INTO employee_skill (employee_id, skill_id) VALUES (35, 4);
INSERT INTO employee_skill (employee_id, skill_id) VALUES (36, 3);
INSERT INTO employee_skill (employee_id, skill_id) VALUES (36, 7);
INSERT INTO employee_skill (employee_id, skill_id) VALUES (36, 2);
INSERT INTO employee_skill (employee_id, skill_id) VALUES (37, 2);
INSERT INTO employee_skill (employee_id, skill_id) VALUES (38, 5);
INSERT INTO employee_skill (employee_id, skill_id) VALUES (38, 7);
INSERT INTO employee_skill (employee_id, skill_id) VALUES (39, 2);
INSERT INTO employee_skill (employee_id, skill_id) VALUES (40, 1);
INSERT INTO employee_skill (employee_id, skill_id) VALUES (41, 4);
INSERT INTO employee_skill (employee_id, skill_id) VALUES (42, 1);
INSERT INTO employee_skill (employee_id, skill_id) VALUES (42, 4);
INSERT INTO employee_skill (employee_id, skill_id) VALUES (43, 4);
INSERT INTO employee_skill (employee_id, skill_id) VALUES (43, 5);
INSERT INTO employee_skill (employee_id, skill_id) VALUES (43, 2);
INSERT INTO employee_skill (employee_id, skill_id) VALUES (44, 2);
INSERT INTO employee_skill (employee_id, skill_id) VALUES (44, 5);
INSERT INTO employee_skill (employee_id, skill_id) VALUES (44, 4);
INSERT INTO employee_skill (employee_id, skill_id) VALUES (45, 1);
INSERT INTO employee_skill (employee_id, skill_id) VALUES (46, 3);
INSERT INTO employee_skill (employee_id, skill_id) VALUES (46, 4);
INSERT INTO employee_skill (employee_id, skill_id) VALUES (46, 5);
INSERT INTO employee_skill (employee_id, skill_id) VALUES (47, 6);
INSERT INTO employee_skill (employee_id, skill_id) VALUES (47, 4);
INSERT INTO employee_skill (employee_id, skill_id) VALUES (48, 3);
INSERT INTO employee_skill (employee_id, skill_id) VALUES (48, 7);
INSERT INTO employee_skill (employee_id, skill_id) VALUES (49, 3);
INSERT INTO employee_skill (employee_id, skill_id) VALUES (49, 5);
INSERT INTO employee_skill (employee_id, skill_id) VALUES (50, 5);

-- Planned Activities
INSERT INTO planned_activity (teaching_activity_id, course_instance_id, study_period_id, planned_hours) VALUES (1, 1, 3, 48);
INSERT INTO planned_activity (teaching_activity_id, course_instance_id, study_period_id, planned_hours) VALUES (2, 2, 3, 37);
INSERT INTO planned_activity (teaching_activity_id, course_instance_id, study_period_id, planned_hours) VALUES (3, 3, 2, 46);
INSERT INTO planned_activity (teaching_activity_id, course_instance_id, study_period_id, planned_hours) VALUES (2, 4, 4, 43);
INSERT INTO planned_activity (teaching_activity_id, course_instance_id, study_period_id, planned_hours) VALUES (1, 5, 2, 14);
INSERT INTO planned_activity (teaching_activity_id, course_instance_id, study_period_id, planned_hours) VALUES (1, 6, 1, 49);
INSERT INTO planned_activity (teaching_activity_id, course_instance_id, study_period_id, planned_hours) VALUES (1, 7, 3, 26);
INSERT INTO planned_activity (teaching_activity_id, course_instance_id, study_period_id, planned_hours) VALUES (1, 8, 3, 25);
INSERT INTO planned_activity (teaching_activity_id, course_instance_id, study_period_id, planned_hours) VALUES (2, 9, 2, 22);
INSERT INTO planned_activity (teaching_activity_id, course_instance_id, study_period_id, planned_hours) VALUES (1, 10, 1, 21);
INSERT INTO planned_activity (teaching_activity_id, course_instance_id, study_period_id, planned_hours) VALUES (1, 11, 3, 20);
INSERT INTO planned_activity (teaching_activity_id, course_instance_id, study_period_id, planned_hours) VALUES (3, 12, 4, 36);
INSERT INTO planned_activity (teaching_activity_id, course_instance_id, study_period_id, planned_hours) VALUES (1, 13, 4, 23);
INSERT INTO planned_activity (teaching_activity_id, course_instance_id, study_period_id, planned_hours) VALUES (4, 14, 2, 45);
INSERT INTO planned_activity (teaching_activity_id, course_instance_id, study_period_id, planned_hours) VALUES (2, 15, 3, 33);
INSERT INTO planned_activity (teaching_activity_id, course_instance_id, study_period_id, planned_hours) VALUES (4, 16, 1, 48);
INSERT INTO planned_activity (teaching_activity_id, course_instance_id, study_period_id, planned_hours) VALUES (3, 17, 1, 36);
INSERT INTO planned_activity (teaching_activity_id, course_instance_id, study_period_id, planned_hours) VALUES (2, 18, 4, 39);
INSERT INTO planned_activity (teaching_activity_id, course_instance_id, study_period_id, planned_hours) VALUES (3, 19, 2, 49);
INSERT INTO planned_activity (teaching_activity_id, course_instance_id, study_period_id, planned_hours) VALUES (4, 20, 2, 24);
INSERT INTO planned_activity (teaching_activity_id, course_instance_id, study_period_id, planned_hours) VALUES (1, 21, 2, 45);
INSERT INTO planned_activity (teaching_activity_id, course_instance_id, study_period_id, planned_hours) VALUES (2, 22, 4, 22);
INSERT INTO planned_activity (teaching_activity_id, course_instance_id, study_period_id, planned_hours) VALUES (3, 23, 2, 35);
INSERT INTO planned_activity (teaching_activity_id, course_instance_id, study_period_id, planned_hours) VALUES (4, 24, 3, 10);
INSERT INTO planned_activity (teaching_activity_id, course_instance_id, study_period_id, planned_hours) VALUES (3, 25, 1, 11);
INSERT INTO planned_activity (teaching_activity_id, course_instance_id, study_period_id, planned_hours) VALUES (1, 26, 1, 35);
INSERT INTO planned_activity (teaching_activity_id, course_instance_id, study_period_id, planned_hours) VALUES (3, 27, 1, 11);
INSERT INTO planned_activity (teaching_activity_id, course_instance_id, study_period_id, planned_hours) VALUES (3, 28, 2, 35);
INSERT INTO planned_activity (teaching_activity_id, course_instance_id, study_period_id, planned_hours) VALUES (2, 29, 1, 49);
INSERT INTO planned_activity (teaching_activity_id, course_instance_id, study_period_id, planned_hours) VALUES (4, 30, 2, 10);

-- Activity Allocations
INSERT INTO activity_allocation (employee_id, teaching_activity_id, course_instance_id, study_period_id) VALUES (46, 1, 1, 3);
INSERT INTO activity_allocation (employee_id, teaching_activity_id, course_instance_id, study_period_id) VALUES (11, 2, 2, 3);
INSERT INTO activity_allocation (employee_id, teaching_activity_id, course_instance_id, study_period_id) VALUES (31, 3, 3, 2);
INSERT INTO activity_allocation (employee_id, teaching_activity_id, course_instance_id, study_period_id) VALUES (42, 2, 4, 4);
INSERT INTO activity_allocation (employee_id, teaching_activity_id, course_instance_id, study_period_id) VALUES (8, 1, 5, 2);
INSERT INTO activity_allocation (employee_id, teaching_activity_id, course_instance_id, study_period_id) VALUES (50, 1, 6, 1);
INSERT INTO activity_allocation (employee_id, teaching_activity_id, course_instance_id, study_period_id) VALUES (47, 1, 7, 3);
INSERT INTO activity_allocation (employee_id, teaching_activity_id, course_instance_id, study_period_id) VALUES (6, 1, 8, 3);
INSERT INTO activity_allocation (employee_id, teaching_activity_id, course_instance_id, study_period_id) VALUES (46, 2, 9, 2);
INSERT INTO activity_allocation (employee_id, teaching_activity_id, course_instance_id, study_period_id) VALUES (20, 1, 10, 1);
INSERT INTO activity_allocation (employee_id, teaching_activity_id, course_instance_id, study_period_id) VALUES (8, 1, 11, 3);
INSERT INTO activity_allocation (employee_id, teaching_activity_id, course_instance_id, study_period_id) VALUES (41, 3, 12, 4);
INSERT INTO activity_allocation (employee_id, teaching_activity_id, course_instance_id, study_period_id) VALUES (48, 1, 13, 4);
INSERT INTO activity_allocation (employee_id, teaching_activity_id, course_instance_id, study_period_id) VALUES (22, 4, 14, 2);
INSERT INTO activity_allocation (employee_id, teaching_activity_id, course_instance_id, study_period_id) VALUES (27, 2, 15, 3);
INSERT INTO activity_allocation (employee_id, teaching_activity_id, course_instance_id, study_period_id) VALUES (25, 4, 16, 1);
INSERT INTO activity_allocation (employee_id, teaching_activity_id, course_instance_id, study_period_id) VALUES (30, 3, 17, 1);
INSERT INTO activity_allocation (employee_id, teaching_activity_id, course_instance_id, study_period_id) VALUES (42, 2, 18, 4);
INSERT INTO activity_allocation (employee_id, teaching_activity_id, course_instance_id, study_period_id) VALUES (30, 3, 19, 2);
INSERT INTO activity_allocation (employee_id, teaching_activity_id, course_instance_id, study_period_id) VALUES (42, 4, 20, 2);
INSERT INTO activity_allocation (employee_id, teaching_activity_id, course_instance_id, study_period_id) VALUES (27, 1, 21, 2);
INSERT INTO activity_allocation (employee_id, teaching_activity_id, course_instance_id, study_period_id) VALUES (16, 2, 22, 4);
INSERT INTO activity_allocation (employee_id, teaching_activity_id, course_instance_id, study_period_id) VALUES (10, 3, 23, 2);
INSERT INTO activity_allocation (employee_id, teaching_activity_id, course_instance_id, study_period_id) VALUES (5, 4, 24, 3);
INSERT INTO activity_allocation (employee_id, teaching_activity_id, course_instance_id, study_period_id) VALUES (40, 3, 25, 1);
INSERT INTO activity_allocation (employee_id, teaching_activity_id, course_instance_id, study_period_id) VALUES (1, 1, 26, 1);
INSERT INTO activity_allocation (employee_id, teaching_activity_id, course_instance_id, study_period_id) VALUES (17, 3, 27, 1);
INSERT INTO activity_allocation (employee_id, teaching_activity_id, course_instance_id, study_period_id) VALUES (50, 3, 28, 2);
INSERT INTO activity_allocation (employee_id, teaching_activity_id, course_instance_id, study_period_id) VALUES (22, 2, 29, 1);
INSERT INTO activity_allocation (employee_id, teaching_activity_id, course_instance_id, study_period_id) VALUES (1, 4, 30, 2);

-- Update Departments Manager
UPDATE department SET manager_id = 41 WHERE department_id = 1;
UPDATE department SET manager_id = 15 WHERE department_id = 2;
UPDATE department SET manager_id = 21 WHERE department_id = 3;
UPDATE department SET manager_id = 39 WHERE department_id = 4;

-- Re-add circular salary constraints
ALTER TABLE salary_history ADD CONSTRAINT FK_salary_history_0 FOREIGN KEY (employee_id) REFERENCES employee (employee_id);
ALTER TABLE employee ADD CONSTRAINT FK_employee_4 FOREIGN KEY (salary_history_id) REFERENCES salary_history (salary_history_id);
