-- Generated Data Script (for updated schema with salary_history_id on employee)
-- NOTE: Run this on a clean database after running task1.sql

-- Temporarily drop circular salary constraints (if they exist)
ALTER TABLE employee DROP CONSTRAINT IF EXISTS FK_employee_4;
ALTER TABLE salary_history DROP CONSTRAINT IF EXISTS FK_salary_history_0;

-- Study Period Types
INSERT INTO study_period_type (study_period_id) VALUES (1);
INSERT INTO study_period_type (study_period_id) VALUES (2);
INSERT INTO study_period_type (study_period_id) VALUES (3);
INSERT INTO study_period_type (study_period_id) VALUES (4);

-- Departments
INSERT INTO department (department_name, manager_id) VALUES ('Civil Engineering', NULL);
INSERT INTO department (department_name, manager_id) VALUES ('Information Technology', NULL);
INSERT INTO department (department_name, manager_id) VALUES ('Architecture', NULL);
INSERT INTO department (department_name, manager_id) VALUES ('Urban Planning', NULL);

-- Job Titles
INSERT INTO job_title (job_title) VALUES ('Lecturer');
INSERT INTO job_title (job_title) VALUES ('Senior Lecturer');
INSERT INTO job_title (job_title) VALUES ('Professor');
INSERT INTO job_title (job_title) VALUES ('PhD Student');
INSERT INTO job_title (job_title) VALUES ('Administrator');

-- Skills
INSERT INTO skill (skill_name) VALUES ('Python');
INSERT INTO skill (skill_name) VALUES ('SQL');
INSERT INTO skill (skill_name) VALUES ('AutoCAD');
INSERT INTO skill (skill_name) VALUES ('Revit');
INSERT INTO skill (skill_name) VALUES ('GIS');
INSERT INTO skill (skill_name) VALUES ('Project Management');
INSERT INTO skill (skill_name) VALUES ('Matlab');

-- Teaching Activities
INSERT INTO teaching_activity (activity_name, factor) VALUES ('Lecture', 1.0);
INSERT INTO teaching_activity (activity_name, factor) VALUES ('Lab', 2.0);
INSERT INTO teaching_activity (activity_name, factor) VALUES ('Seminar', 1.5);
INSERT INTO teaching_activity (activity_name, factor) VALUES ('Project', 0.5);

-- Course Layouts
INSERT INTO course_layout (course_code, course_name, min_students, max_students, hp, valid_from) VALUES ('CE101', 'Intro to Civil Engineering', 12, 50, 7.5, DATE '2020-01-01');
INSERT INTO course_layout (course_code, course_name, min_students, max_students, hp, valid_from) VALUES ('IT202', 'Databases for Engineers', 19, 76, 15.0, DATE '2020-01-01');
INSERT INTO course_layout (course_code, course_name, min_students, max_students, hp, valid_from) VALUES ('CE305', 'Structural Analysis', 10, 100, 15.0, DATE '2020-01-01');
INSERT INTO course_layout (course_code, course_name, min_students, max_students, hp, valid_from) VALUES ('IT301', 'BIM Data Management', 19, 84, 7.5, DATE '2020-01-01');
INSERT INTO course_layout (course_code, course_name, min_students, max_students, hp, valid_from) VALUES ('CE400', 'Geotechnical Engineering', 15, 38, 15.0, DATE '2020-01-01');
INSERT INTO course_layout (course_code, course_name, min_students, max_students, hp, valid_from) VALUES ('IT101', 'Programming in Python', 19, 69, 7.5, DATE '2020-01-01');
INSERT INTO course_layout (course_code, course_name, min_students, max_students, hp, valid_from) VALUES ('CE202', 'Fluid Mechanics', 18, 39, 7.5, DATE '2020-01-01');
INSERT INTO course_layout (course_code, course_name, min_students, max_students, hp, valid_from) VALUES ('AT105', 'CAD Fundamentals', 19, 70, 7.5, DATE '2020-01-01');
INSERT INTO course_layout (course_code, course_name, min_students, max_students, hp, valid_from) VALUES ('UP201', 'Urban GIS Systems', 17, 48, 15.0, DATE '2020-01-01');
INSERT INTO course_layout (course_code, course_name, min_students, max_students, hp, valid_from) VALUES ('CE500', 'Master Thesis Project', 13, 63, 15.0, DATE '2020-01-01');

-- People, Employees, Phones, Addresses
INSERT INTO person (personal_number, first_name, last_name) VALUES ('661007-1321', 'Michael', 'Gutierrez');
INSERT INTO address (person_id, address) VALUES (1, '476 Morgan Groves Suite 367, Rosalesfort, MS 55745');
INSERT INTO phone (person_id, phone_number) VALUES (1, '+1-319-801-8839');
INSERT INTO employee (person_id, job_title_id, department_id, manager_id, salary_history_id) VALUES (1, 4, 2, 1, 1);
INSERT INTO person (personal_number, first_name, last_name) VALUES ('520402-1961', 'Brett', 'Gordon');
INSERT INTO address (person_id, address) VALUES (2, '021 Melinda Port, Willisside, VT 63766');
INSERT INTO phone (person_id, phone_number) VALUES (2, '898.433.9257x35499');
INSERT INTO employee (person_id, job_title_id, department_id, manager_id, salary_history_id) VALUES (2, 3, 2, 2, 2);
INSERT INTO person (personal_number, first_name, last_name) VALUES ('890117-7283', 'Karen', 'Crosby');
INSERT INTO address (person_id, address) VALUES (3, '367 Smith Islands, Melindaburgh, TN 20576');
INSERT INTO phone (person_id, phone_number) VALUES (3, '+1-931-347-6691');
INSERT INTO employee (person_id, job_title_id, department_id, manager_id, salary_history_id) VALUES (3, 4, 2, 3, 3);
INSERT INTO person (personal_number, first_name, last_name) VALUES ('880119-8538', 'Caleb', 'Shelton');
INSERT INTO address (person_id, address) VALUES (4, 'PSC 6755, Box 6567, APO AE 96828');
INSERT INTO phone (person_id, phone_number) VALUES (4, '642-388-2810x92874');
INSERT INTO employee (person_id, job_title_id, department_id, manager_id, salary_history_id) VALUES (4, 3, 4, 1, 4);
INSERT INTO person (personal_number, first_name, last_name) VALUES ('700528-6947', 'Cameron', 'Schmidt');
INSERT INTO address (person_id, address) VALUES (5, '691 Parsons Loop, Garretttown, MO 81840');
INSERT INTO phone (person_id, phone_number) VALUES (5, '001-437-894-8778');
INSERT INTO employee (person_id, job_title_id, department_id, manager_id, salary_history_id) VALUES (5, 3, 2, 3, 5);
INSERT INTO person (personal_number, first_name, last_name) VALUES ('860517-8123', 'Joshua', 'Miller');
INSERT INTO address (person_id, address) VALUES (6, 'Unit 2263 Box 5356, DPO AA 94820');
INSERT INTO phone (person_id, phone_number) VALUES (6, '(866)442-3797x4331');
INSERT INTO employee (person_id, job_title_id, department_id, manager_id, salary_history_id) VALUES (6, 1, 4, 4, 6);
INSERT INTO person (personal_number, first_name, last_name) VALUES ('530707-2241', 'Daniel', 'Chen');
INSERT INTO address (person_id, address) VALUES (7, '909 Paul Land, Castrotown, CO 12012');
INSERT INTO phone (person_id, phone_number) VALUES (7, '(996)299-8584');
INSERT INTO employee (person_id, job_title_id, department_id, manager_id, salary_history_id) VALUES (7, 3, 4, 6, 7);
INSERT INTO person (personal_number, first_name, last_name) VALUES ('530816-8824', 'Brittany', 'Avila');
INSERT INTO address (person_id, address) VALUES (8, '4762 Jesse Drives Apt. 963, Graceborough, ID 75175');
INSERT INTO phone (person_id, phone_number) VALUES (8, '+1-563-898-0354x09027');
INSERT INTO employee (person_id, job_title_id, department_id, manager_id, salary_history_id) VALUES (8, 2, 3, 1, 8);
INSERT INTO person (personal_number, first_name, last_name) VALUES ('550127-8039', 'Yolanda', 'Aguilar');
INSERT INTO address (person_id, address) VALUES (9, '04962 Danielle Lakes Suite 509, North Karen, CT 22683');
INSERT INTO phone (person_id, phone_number) VALUES (9, '(609)392-8068x4424');
INSERT INTO employee (person_id, job_title_id, department_id, manager_id, salary_history_id) VALUES (9, 2, 4, 9, 9);
INSERT INTO person (personal_number, first_name, last_name) VALUES ('640819-8658', 'Jacqueline', 'Mills');
INSERT INTO address (person_id, address) VALUES (10, '304 Donna Green Apt. 359, East Austin, WY 66648');
INSERT INTO phone (person_id, phone_number) VALUES (10, '001-763-874-5888');
INSERT INTO employee (person_id, job_title_id, department_id, manager_id, salary_history_id) VALUES (10, 4, 4, 7, 10);
INSERT INTO person (personal_number, first_name, last_name) VALUES ('650123-7570', 'Sydney', 'Gonzalez');
INSERT INTO address (person_id, address) VALUES (11, 'USS Garcia, FPO AE 01319');
INSERT INTO phone (person_id, phone_number) VALUES (11, '813.664.8914');
INSERT INTO employee (person_id, job_title_id, department_id, manager_id, salary_history_id) VALUES (11, 3, 2, 8, 11);
INSERT INTO person (personal_number, first_name, last_name) VALUES ('710904-1304', 'Erika', 'Torres');
INSERT INTO address (person_id, address) VALUES (12, '6704 Bell Throughway, Sarahville, MH 82030');
INSERT INTO phone (person_id, phone_number) VALUES (12, '340.903.5234');
INSERT INTO employee (person_id, job_title_id, department_id, manager_id, salary_history_id) VALUES (12, 1, 1, 4, 12);
INSERT INTO person (personal_number, first_name, last_name) VALUES ('610904-3803', 'Frank', 'Robinson');
INSERT INTO address (person_id, address) VALUES (13, '815 Gregory Way Suite 557, East Karlabury, FM 10851');
INSERT INTO phone (person_id, phone_number) VALUES (13, '+1-283-941-9720');
INSERT INTO employee (person_id, job_title_id, department_id, manager_id, salary_history_id) VALUES (13, 3, 2, 1, 13);
INSERT INTO person (personal_number, first_name, last_name) VALUES ('610209-9769', 'Brooke', 'Brown');
INSERT INTO address (person_id, address) VALUES (14, '0621 Julie Cove, East Crystal, SD 96872');
INSERT INTO phone (person_id, phone_number) VALUES (14, '222.766.0915');
INSERT INTO employee (person_id, job_title_id, department_id, manager_id, salary_history_id) VALUES (14, 4, 1, 3, 14);
INSERT INTO person (personal_number, first_name, last_name) VALUES ('870415-6552', 'Shane', 'Lara');
INSERT INTO address (person_id, address) VALUES (15, '0133 Nicholson Corner, Philipmouth, DE 16691');
INSERT INTO phone (person_id, phone_number) VALUES (15, '8807031813');
INSERT INTO employee (person_id, job_title_id, department_id, manager_id, salary_history_id) VALUES (15, 5, 4, 4, 15);
INSERT INTO person (personal_number, first_name, last_name) VALUES ('801114-1127', 'Jeff', 'Kelly');
INSERT INTO address (person_id, address) VALUES (16, '412 Jasmine Wells, Calebview, ID 20628');
INSERT INTO phone (person_id, phone_number) VALUES (16, '960.697.1826x130');
INSERT INTO employee (person_id, job_title_id, department_id, manager_id, salary_history_id) VALUES (16, 3, 2, 3, 16);
INSERT INTO person (personal_number, first_name, last_name) VALUES ('890303-5894', 'Sharon', 'Bradley');
INSERT INTO address (person_id, address) VALUES (17, '6143 Dawn Well, West Javier, NM 66879');
INSERT INTO phone (person_id, phone_number) VALUES (17, '2654385879');
INSERT INTO employee (person_id, job_title_id, department_id, manager_id, salary_history_id) VALUES (17, 3, 4, 9, 17);
INSERT INTO person (personal_number, first_name, last_name) VALUES ('911026-7298', 'James', 'Martinez');
INSERT INTO address (person_id, address) VALUES (18, '3208 Alexander Circle, Leview, OK 95253');
INSERT INTO phone (person_id, phone_number) VALUES (18, '(794)736-7987x3021');
INSERT INTO employee (person_id, job_title_id, department_id, manager_id, salary_history_id) VALUES (18, 3, 4, 8, 18);
INSERT INTO person (personal_number, first_name, last_name) VALUES ('750605-9065', 'Walter', 'Charles');
INSERT INTO address (person_id, address) VALUES (19, '15168 Ramirez Estate, Rodriguezberg, IL 76220');
INSERT INTO phone (person_id, phone_number) VALUES (19, '001-964-878-7769');
INSERT INTO employee (person_id, job_title_id, department_id, manager_id, salary_history_id) VALUES (19, 3, 2, 13, 19);
INSERT INTO person (personal_number, first_name, last_name) VALUES ('680428-4090', 'Amanda', 'Moore');
INSERT INTO address (person_id, address) VALUES (20, '517 Franklin Road, East Jaclyn, MS 66515');
INSERT INTO phone (person_id, phone_number) VALUES (20, '821.858.0300');
INSERT INTO employee (person_id, job_title_id, department_id, manager_id, salary_history_id) VALUES (20, 4, 2, 15, 20);
INSERT INTO person (personal_number, first_name, last_name) VALUES ('561226-8679', 'Karen', 'George');
INSERT INTO address (person_id, address) VALUES (21, '915 Hayden Key, East Peterfurt, WV 06836');
INSERT INTO phone (person_id, phone_number) VALUES (21, '7262228881');
INSERT INTO employee (person_id, job_title_id, department_id, manager_id, salary_history_id) VALUES (21, 1, 3, 19, 21);
INSERT INTO person (personal_number, first_name, last_name) VALUES ('981016-5168', 'Jason', 'Ashley');
INSERT INTO address (person_id, address) VALUES (22, '77560 Hunt Greens, East Matthew, OR 62726');
INSERT INTO phone (person_id, phone_number) VALUES (22, '972-681-4608');
INSERT INTO employee (person_id, job_title_id, department_id, manager_id, salary_history_id) VALUES (22, 2, 1, 5, 22);
INSERT INTO person (personal_number, first_name, last_name) VALUES ('670126-6891', 'Justin', 'Joseph');
INSERT INTO address (person_id, address) VALUES (23, '8388 Lori Spring, Joannatown, NY 61955');
INSERT INTO phone (person_id, phone_number) VALUES (23, '+1-598-377-7059');
INSERT INTO employee (person_id, job_title_id, department_id, manager_id, salary_history_id) VALUES (23, 1, 2, 13, 23);
INSERT INTO person (personal_number, first_name, last_name) VALUES ('900613-7668', 'James', 'Massey');
INSERT INTO address (person_id, address) VALUES (24, '49587 Mcdaniel Cape Apt. 406, Lake Alyssachester, DE 65189');
INSERT INTO phone (person_id, phone_number) VALUES (24, '910.276.3807');
INSERT INTO employee (person_id, job_title_id, department_id, manager_id, salary_history_id) VALUES (24, 1, 3, 4, 24);
INSERT INTO person (personal_number, first_name, last_name) VALUES ('560127-2747', 'John', 'Vang');
INSERT INTO address (person_id, address) VALUES (25, '099 Hunter Expressway Suite 862, Jonathanchester, NV 74607');
INSERT INTO phone (person_id, phone_number) VALUES (25, '+1-337-598-0577x8312');
INSERT INTO employee (person_id, job_title_id, department_id, manager_id, salary_history_id) VALUES (25, 2, 4, 9, 25);
INSERT INTO person (personal_number, first_name, last_name) VALUES ('020810-8043', 'Cheryl', 'Bonilla');
INSERT INTO address (person_id, address) VALUES (26, '35221 Derek Heights, Lake Patricia, GU 54643');
INSERT INTO phone (person_id, phone_number) VALUES (26, '509-849-7791x8863');
INSERT INTO employee (person_id, job_title_id, department_id, manager_id, salary_history_id) VALUES (26, 1, 3, 26, 26);
INSERT INTO person (personal_number, first_name, last_name) VALUES ('910504-0662', 'Patricia', 'Thomas');
INSERT INTO address (person_id, address) VALUES (27, '871 Lance Drive Suite 596, Nicholsonton, NC 83575');
INSERT INTO phone (person_id, phone_number) VALUES (27, '001-647-745-7423x68820');
INSERT INTO employee (person_id, job_title_id, department_id, manager_id, salary_history_id) VALUES (27, 5, 1, 11, 27);
INSERT INTO person (personal_number, first_name, last_name) VALUES ('680223-8975', 'Ryan', 'Reese');
INSERT INTO address (person_id, address) VALUES (28, '6690 Nancy Isle Suite 048, North Jean, MH 16271');
INSERT INTO phone (person_id, phone_number) VALUES (28, '(388)658-6160x70734');
INSERT INTO employee (person_id, job_title_id, department_id, manager_id, salary_history_id) VALUES (28, 1, 2, 11, 28);
INSERT INTO person (personal_number, first_name, last_name) VALUES ('950403-0590', 'Robert', 'Oconnor');
INSERT INTO address (person_id, address) VALUES (29, '33801 Barbara Harbor, Hallberg, IA 69287');
INSERT INTO phone (person_id, phone_number) VALUES (29, '(212)379-9625x366');
INSERT INTO employee (person_id, job_title_id, department_id, manager_id, salary_history_id) VALUES (29, 5, 2, 17, 29);
INSERT INTO person (personal_number, first_name, last_name) VALUES ('780527-9957', 'Jessica', 'Espinoza');
INSERT INTO address (person_id, address) VALUES (30, '0116 Gregory Crest, Sanchezview, MA 83604');
INSERT INTO phone (person_id, phone_number) VALUES (30, '628.602.4864');
INSERT INTO employee (person_id, job_title_id, department_id, manager_id, salary_history_id) VALUES (30, 5, 4, 10, 30);
INSERT INTO person (personal_number, first_name, last_name) VALUES ('831212-7991', 'Robert', 'Miller');
INSERT INTO address (person_id, address) VALUES (31, '592 Jensen Pass, Staceyfurt, AK 52527');
INSERT INTO phone (person_id, phone_number) VALUES (31, '603-526-8647');
INSERT INTO employee (person_id, job_title_id, department_id, manager_id, salary_history_id) VALUES (31, 2, 3, 17, 31);
INSERT INTO person (personal_number, first_name, last_name) VALUES ('690322-6411', 'Anthony', 'Campbell');
INSERT INTO address (person_id, address) VALUES (32, '1481 Allen Mills, West Megantown, WA 46988');
INSERT INTO phone (person_id, phone_number) VALUES (32, '8126313821');
INSERT INTO employee (person_id, job_title_id, department_id, manager_id, salary_history_id) VALUES (32, 5, 3, 14, 32);
INSERT INTO person (personal_number, first_name, last_name) VALUES ('751017-5375', 'Joshua', 'Garner');
INSERT INTO address (person_id, address) VALUES (33, '706 Perez Spring, Martinville, NJ 00853');
INSERT INTO phone (person_id, phone_number) VALUES (33, '001-466-407-6392');
INSERT INTO employee (person_id, job_title_id, department_id, manager_id, salary_history_id) VALUES (33, 4, 2, 17, 33);
INSERT INTO person (personal_number, first_name, last_name) VALUES ('540922-3825', 'Sean', 'Archer');
INSERT INTO address (person_id, address) VALUES (34, '8356 Sean Radial Apt. 127, Michellemouth, CO 91963');
INSERT INTO phone (person_id, phone_number) VALUES (34, '(854)656-5679');
INSERT INTO employee (person_id, job_title_id, department_id, manager_id, salary_history_id) VALUES (34, 2, 2, 1, 34);
INSERT INTO person (personal_number, first_name, last_name) VALUES ('820606-2990', 'Jennifer', 'Graham');
INSERT INTO address (person_id, address) VALUES (35, '429 Steven Mission, Berryhaven, AL 07037');
INSERT INTO phone (person_id, phone_number) VALUES (35, '+1-809-354-2360x9551');
INSERT INTO employee (person_id, job_title_id, department_id, manager_id, salary_history_id) VALUES (35, 1, 3, 10, 35);
INSERT INTO person (personal_number, first_name, last_name) VALUES ('000611-3649', 'Cassandra', 'Smith');
INSERT INTO address (person_id, address) VALUES (36, '02253 Gina Motorway Suite 246, South Annfurt, PW 12647');
INSERT INTO phone (person_id, phone_number) VALUES (36, '(767)834-3606');
INSERT INTO employee (person_id, job_title_id, department_id, manager_id, salary_history_id) VALUES (36, 1, 4, 19, 36);
INSERT INTO person (personal_number, first_name, last_name) VALUES ('980806-8650', 'Patrick', 'Drake');
INSERT INTO address (person_id, address) VALUES (37, '3761 Griffith Valley Apt. 567, Kaylaland, WY 73332');
INSERT INTO phone (person_id, phone_number) VALUES (37, '396-946-3881');
INSERT INTO employee (person_id, job_title_id, department_id, manager_id, salary_history_id) VALUES (37, 1, 4, 37, 37);
INSERT INTO person (personal_number, first_name, last_name) VALUES ('750906-4612', 'Hayden', 'Bell');
INSERT INTO address (person_id, address) VALUES (38, '93673 Horn Groves, East Briannahaven, OH 16604');
INSERT INTO phone (person_id, phone_number) VALUES (38, '365-521-5234x69782');
INSERT INTO employee (person_id, job_title_id, department_id, manager_id, salary_history_id) VALUES (38, 1, 3, 28, 38);
INSERT INTO person (personal_number, first_name, last_name) VALUES ('730710-5797', 'Benjamin', 'Lee');
INSERT INTO address (person_id, address) VALUES (39, 'PSC 0705, Box 1988, APO AE 25091');
INSERT INTO phone (person_id, phone_number) VALUES (39, '741.709.3991');
INSERT INTO employee (person_id, job_title_id, department_id, manager_id, salary_history_id) VALUES (39, 2, 2, 8, 39);
INSERT INTO person (personal_number, first_name, last_name) VALUES ('531224-2595', 'Elizabeth', 'Anderson');
INSERT INTO address (person_id, address) VALUES (40, '654 Courtney Court Suite 157, South Benjamin, ID 01450');
INSERT INTO phone (person_id, phone_number) VALUES (40, '637.987.3346x38898');
INSERT INTO employee (person_id, job_title_id, department_id, manager_id, salary_history_id) VALUES (40, 3, 4, 32, 40);
INSERT INTO person (personal_number, first_name, last_name) VALUES ('560805-5609', 'Olivia', 'Torres');
INSERT INTO address (person_id, address) VALUES (41, '53410 Campbell River, Port Angelabury, AL 72314');
INSERT INTO phone (person_id, phone_number) VALUES (41, '262-257-3365x4192');
INSERT INTO employee (person_id, job_title_id, department_id, manager_id, salary_history_id) VALUES (41, 4, 2, 15, 41);
INSERT INTO person (personal_number, first_name, last_name) VALUES ('551007-8677', 'April', 'Price');
INSERT INTO address (person_id, address) VALUES (42, '57469 Bethany Green Suite 524, Wilsonmouth, AR 29916');
INSERT INTO phone (person_id, phone_number) VALUES (42, '994-553-7149x857');
INSERT INTO employee (person_id, job_title_id, department_id, manager_id, salary_history_id) VALUES (42, 5, 1, 29, 42);
INSERT INTO person (personal_number, first_name, last_name) VALUES ('580101-9754', 'Jeremy', 'Medina');
INSERT INTO address (person_id, address) VALUES (43, '9320 Ryan Junction Suite 192, Johnmouth, MN 68855');
INSERT INTO phone (person_id, phone_number) VALUES (43, '+1-830-247-1109x66192');
INSERT INTO employee (person_id, job_title_id, department_id, manager_id, salary_history_id) VALUES (43, 5, 3, 4, 43);
INSERT INTO person (personal_number, first_name, last_name) VALUES ('600320-2457', 'Jacob', 'Mitchell');
INSERT INTO address (person_id, address) VALUES (44, '94188 Billy Lodge Suite 013, East Lisaborough, TN 39400');
INSERT INTO phone (person_id, phone_number) VALUES (44, '921.767.2857x245');
INSERT INTO employee (person_id, job_title_id, department_id, manager_id, salary_history_id) VALUES (44, 1, 1, 1, 44);
INSERT INTO person (personal_number, first_name, last_name) VALUES ('890227-9908', 'Wanda', 'Obrien');
INSERT INTO address (person_id, address) VALUES (45, '02012 Donna Stream, Luisfort, NE 11999');
INSERT INTO phone (person_id, phone_number) VALUES (45, '001-911-790-0886x3719');
INSERT INTO employee (person_id, job_title_id, department_id, manager_id, salary_history_id) VALUES (45, 2, 1, 14, 45);
INSERT INTO person (personal_number, first_name, last_name) VALUES ('560413-8444', 'Maria', 'Esparza');
INSERT INTO address (person_id, address) VALUES (46, '79247 Hampton Islands, South Heatherton, OH 56571');
INSERT INTO phone (person_id, phone_number) VALUES (46, '(405)611-6521');
INSERT INTO employee (person_id, job_title_id, department_id, manager_id, salary_history_id) VALUES (46, 1, 1, 3, 46);
INSERT INTO person (personal_number, first_name, last_name) VALUES ('731123-9852', 'Jason', 'Jackson');
INSERT INTO address (person_id, address) VALUES (47, 'PSC 8619, Box 1462, APO AP 71177');
INSERT INTO phone (person_id, phone_number) VALUES (47, '941-855-7778x6938');
INSERT INTO employee (person_id, job_title_id, department_id, manager_id, salary_history_id) VALUES (47, 4, 2, 35, 47);
INSERT INTO person (personal_number, first_name, last_name) VALUES ('511203-1272', 'Ricky', 'Ramirez');
INSERT INTO address (person_id, address) VALUES (48, '990 Mary Pines, Phamfort, RI 59214');
INSERT INTO phone (person_id, phone_number) VALUES (48, '+1-397-493-4977');
INSERT INTO employee (person_id, job_title_id, department_id, manager_id, salary_history_id) VALUES (48, 3, 4, 23, 48);
INSERT INTO person (personal_number, first_name, last_name) VALUES ('670525-7246', 'Sally', 'Williams');
INSERT INTO address (person_id, address) VALUES (49, '383 Mitchell Skyway, East Ann, HI 07361');
INSERT INTO phone (person_id, phone_number) VALUES (49, '+1-312-428-0250x0328');
INSERT INTO employee (person_id, job_title_id, department_id, manager_id, salary_history_id) VALUES (49, 3, 4, 5, 49);
INSERT INTO person (personal_number, first_name, last_name) VALUES ('930321-3635', 'George', 'Hoffman');
INSERT INTO address (person_id, address) VALUES (50, '031 Theresa Islands Apt. 032, Nicholashaven, LA 36460');
INSERT INTO phone (person_id, phone_number) VALUES (50, '(362)396-4690x38787');
INSERT INTO employee (person_id, job_title_id, department_id, manager_id, salary_history_id) VALUES (50, 5, 2, 17, 50);

-- Salary History
INSERT INTO salary_history (salary_amount, valid_from, employee_id) VALUES (32672, DATE '2024-01-01', 1);
INSERT INTO salary_history (salary_amount, valid_from, employee_id) VALUES (35378, DATE '2024-01-01', 2);
INSERT INTO salary_history (salary_amount, valid_from, employee_id) VALUES (36539, DATE '2024-01-01', 3);
INSERT INTO salary_history (salary_amount, valid_from, employee_id) VALUES (58051, DATE '2024-01-01', 4);
INSERT INTO salary_history (salary_amount, valid_from, employee_id) VALUES (48939, DATE '2024-01-01', 5);
INSERT INTO salary_history (salary_amount, valid_from, employee_id) VALUES (34650, DATE '2024-01-01', 6);
INSERT INTO salary_history (salary_amount, valid_from, employee_id) VALUES (54915, DATE '2024-01-01', 7);
INSERT INTO salary_history (salary_amount, valid_from, employee_id) VALUES (47136, DATE '2024-01-01', 8);
INSERT INTO salary_history (salary_amount, valid_from, employee_id) VALUES (64561, DATE '2024-01-01', 9);
INSERT INTO salary_history (salary_amount, valid_from, employee_id) VALUES (43213, DATE '2024-01-01', 10);
INSERT INTO salary_history (salary_amount, valid_from, employee_id) VALUES (34997, DATE '2024-01-01', 11);
INSERT INTO salary_history (salary_amount, valid_from, employee_id) VALUES (50210, DATE '2024-01-01', 12);
INSERT INTO salary_history (salary_amount, valid_from, employee_id) VALUES (44869, DATE '2024-01-01', 13);
INSERT INTO salary_history (salary_amount, valid_from, employee_id) VALUES (64483, DATE '2024-01-01', 14);
INSERT INTO salary_history (salary_amount, valid_from, employee_id) VALUES (39662, DATE '2024-01-01', 15);
INSERT INTO salary_history (salary_amount, valid_from, employee_id) VALUES (40018, DATE '2024-01-01', 16);
INSERT INTO salary_history (salary_amount, valid_from, employee_id) VALUES (30540, DATE '2024-01-01', 17);
INSERT INTO salary_history (salary_amount, valid_from, employee_id) VALUES (38039, DATE '2024-01-01', 18);
INSERT INTO salary_history (salary_amount, valid_from, employee_id) VALUES (36787, DATE '2024-01-01', 19);
INSERT INTO salary_history (salary_amount, valid_from, employee_id) VALUES (42623, DATE '2024-01-01', 20);
INSERT INTO salary_history (salary_amount, valid_from, employee_id) VALUES (37136, DATE '2024-01-01', 21);
INSERT INTO salary_history (salary_amount, valid_from, employee_id) VALUES (34819, DATE '2024-01-01', 22);
INSERT INTO salary_history (salary_amount, valid_from, employee_id) VALUES (54887, DATE '2024-01-01', 23);
INSERT INTO salary_history (salary_amount, valid_from, employee_id) VALUES (56600, DATE '2024-01-01', 24);
INSERT INTO salary_history (salary_amount, valid_from, employee_id) VALUES (60733, DATE '2024-01-01', 25);
INSERT INTO salary_history (salary_amount, valid_from, employee_id) VALUES (57236, DATE '2024-01-01', 26);
INSERT INTO salary_history (salary_amount, valid_from, employee_id) VALUES (44090, DATE '2024-01-01', 27);
INSERT INTO salary_history (salary_amount, valid_from, employee_id) VALUES (49236, DATE '2024-01-01', 28);
INSERT INTO salary_history (salary_amount, valid_from, employee_id) VALUES (41856, DATE '2024-01-01', 29);
INSERT INTO salary_history (salary_amount, valid_from, employee_id) VALUES (57914, DATE '2024-01-01', 30);
INSERT INTO salary_history (salary_amount, valid_from, employee_id) VALUES (50494, DATE '2024-01-01', 31);
INSERT INTO salary_history (salary_amount, valid_from, employee_id) VALUES (32559, DATE '2024-01-01', 32);
INSERT INTO salary_history (salary_amount, valid_from, employee_id) VALUES (33739, DATE '2024-01-01', 33);
INSERT INTO salary_history (salary_amount, valid_from, employee_id) VALUES (52944, DATE '2024-01-01', 34);
INSERT INTO salary_history (salary_amount, valid_from, employee_id) VALUES (64343, DATE '2024-01-01', 35);
INSERT INTO salary_history (salary_amount, valid_from, employee_id) VALUES (38093, DATE '2024-01-01', 36);
INSERT INTO salary_history (salary_amount, valid_from, employee_id) VALUES (39613, DATE '2024-01-01', 37);
INSERT INTO salary_history (salary_amount, valid_from, employee_id) VALUES (52751, DATE '2024-01-01', 38);
INSERT INTO salary_history (salary_amount, valid_from, employee_id) VALUES (53461, DATE '2024-01-01', 39);
INSERT INTO salary_history (salary_amount, valid_from, employee_id) VALUES (55515, DATE '2024-01-01', 40);
INSERT INTO salary_history (salary_amount, valid_from, employee_id) VALUES (56827, DATE '2024-01-01', 41);
INSERT INTO salary_history (salary_amount, valid_from, employee_id) VALUES (42066, DATE '2024-01-01', 42);
INSERT INTO salary_history (salary_amount, valid_from, employee_id) VALUES (56179, DATE '2024-01-01', 43);
INSERT INTO salary_history (salary_amount, valid_from, employee_id) VALUES (42612, DATE '2024-01-01', 44);
INSERT INTO salary_history (salary_amount, valid_from, employee_id) VALUES (50169, DATE '2024-01-01', 45);
INSERT INTO salary_history (salary_amount, valid_from, employee_id) VALUES (44317, DATE '2024-01-01', 46);
INSERT INTO salary_history (salary_amount, valid_from, employee_id) VALUES (51782, DATE '2024-01-01', 47);
INSERT INTO salary_history (salary_amount, valid_from, employee_id) VALUES (49265, DATE '2024-01-01', 48);
INSERT INTO salary_history (salary_amount, valid_from, employee_id) VALUES (38477, DATE '2024-01-01', 49);
INSERT INTO salary_history (salary_amount, valid_from, employee_id) VALUES (55910, DATE '2024-01-01', 50);

-- Course Instances
INSERT INTO course_instance (num_students, study_year, course_layout_id) VALUES (62, '2024', 5);
INSERT INTO course_instance (num_students, study_year, course_layout_id) VALUES (68, '2024', 6);
INSERT INTO course_instance (num_students, study_year, course_layout_id) VALUES (44, '2024', 3);
INSERT INTO course_instance (num_students, study_year, course_layout_id) VALUES (73, '2024', 2);
INSERT INTO course_instance (num_students, study_year, course_layout_id) VALUES (66, '2024', 8);
INSERT INTO course_instance (num_students, study_year, course_layout_id) VALUES (55, '2024', 2);
INSERT INTO course_instance (num_students, study_year, course_layout_id) VALUES (48, '2024', 1);
INSERT INTO course_instance (num_students, study_year, course_layout_id) VALUES (16, '2024', 5);
INSERT INTO course_instance (num_students, study_year, course_layout_id) VALUES (15, '2024', 4);
INSERT INTO course_instance (num_students, study_year, course_layout_id) VALUES (47, '2024', 10);
INSERT INTO course_instance (num_students, study_year, course_layout_id) VALUES (43, '2024', 6);
INSERT INTO course_instance (num_students, study_year, course_layout_id) VALUES (32, '2024', 1);
INSERT INTO course_instance (num_students, study_year, course_layout_id) VALUES (41, '2024', 7);
INSERT INTO course_instance (num_students, study_year, course_layout_id) VALUES (64, '2024', 10);
INSERT INTO course_instance (num_students, study_year, course_layout_id) VALUES (33, '2024', 9);
INSERT INTO course_instance (num_students, study_year, course_layout_id) VALUES (15, '2024', 1);
INSERT INTO course_instance (num_students, study_year, course_layout_id) VALUES (27, '2024', 5);
INSERT INTO course_instance (num_students, study_year, course_layout_id) VALUES (42, '2024', 8);
INSERT INTO course_instance (num_students, study_year, course_layout_id) VALUES (47, '2024', 10);
INSERT INTO course_instance (num_students, study_year, course_layout_id) VALUES (70, '2024', 5);
INSERT INTO course_instance (num_students, study_year, course_layout_id) VALUES (56, '2024', 6);
INSERT INTO course_instance (num_students, study_year, course_layout_id) VALUES (38, '2024', 8);
INSERT INTO course_instance (num_students, study_year, course_layout_id) VALUES (28, '2024', 10);
INSERT INTO course_instance (num_students, study_year, course_layout_id) VALUES (31, '2024', 8);
INSERT INTO course_instance (num_students, study_year, course_layout_id) VALUES (38, '2024', 9);
INSERT INTO course_instance (num_students, study_year, course_layout_id) VALUES (68, '2024', 7);
INSERT INTO course_instance (num_students, study_year, course_layout_id) VALUES (45, '2024', 7);
INSERT INTO course_instance (num_students, study_year, course_layout_id) VALUES (59, '2024', 8);
INSERT INTO course_instance (num_students, study_year, course_layout_id) VALUES (26, '2024', 10);
INSERT INTO course_instance (num_students, study_year, course_layout_id) VALUES (49, '2024', 8);

-- Course Instance Periods
INSERT INTO course_instance_period (study_period_id) VALUES (1);
INSERT INTO course_instance_period (study_period_id) VALUES (1);
INSERT INTO course_instance_period (study_period_id) VALUES (4);
INSERT INTO course_instance_period (study_period_id) VALUES (3);
INSERT INTO course_instance_period (study_period_id) VALUES (4);
INSERT INTO course_instance_period (study_period_id) VALUES (1);
INSERT INTO course_instance_period (study_period_id) VALUES (3);
INSERT INTO course_instance_period (study_period_id) VALUES (1);
INSERT INTO course_instance_period (study_period_id) VALUES (2);
INSERT INTO course_instance_period (study_period_id) VALUES (4);
INSERT INTO course_instance_period (study_period_id) VALUES (4);
INSERT INTO course_instance_period (study_period_id) VALUES (3);
INSERT INTO course_instance_period (study_period_id) VALUES (4);
INSERT INTO course_instance_period (study_period_id) VALUES (1);
INSERT INTO course_instance_period (study_period_id) VALUES (4);
INSERT INTO course_instance_period (study_period_id) VALUES (3);
INSERT INTO course_instance_period (study_period_id) VALUES (2);
INSERT INTO course_instance_period (study_period_id) VALUES (3);
INSERT INTO course_instance_period (study_period_id) VALUES (2);
INSERT INTO course_instance_period (study_period_id) VALUES (4);
INSERT INTO course_instance_period (study_period_id) VALUES (4);
INSERT INTO course_instance_period (study_period_id) VALUES (4);
INSERT INTO course_instance_period (study_period_id) VALUES (3);
INSERT INTO course_instance_period (study_period_id) VALUES (4);
INSERT INTO course_instance_period (study_period_id) VALUES (1);
INSERT INTO course_instance_period (study_period_id) VALUES (2);
INSERT INTO course_instance_period (study_period_id) VALUES (3);
INSERT INTO course_instance_period (study_period_id) VALUES (2);
INSERT INTO course_instance_period (study_period_id) VALUES (4);
INSERT INTO course_instance_period (study_period_id) VALUES (3);

-- Employee Skills
INSERT INTO employee_skill (employee_id, skill_id) VALUES (1, 4);
INSERT INTO employee_skill (employee_id, skill_id) VALUES (2, 1);
INSERT INTO employee_skill (employee_id, skill_id) VALUES (3, 4);
INSERT INTO employee_skill (employee_id, skill_id) VALUES (4, 2);
INSERT INTO employee_skill (employee_id, skill_id) VALUES (4, 7);
INSERT INTO employee_skill (employee_id, skill_id) VALUES (4, 3);
INSERT INTO employee_skill (employee_id, skill_id) VALUES (5, 6);
INSERT INTO employee_skill (employee_id, skill_id) VALUES (5, 5);
INSERT INTO employee_skill (employee_id, skill_id) VALUES (5, 2);
INSERT INTO employee_skill (employee_id, skill_id) VALUES (6, 7);
INSERT INTO employee_skill (employee_id, skill_id) VALUES (6, 2);
INSERT INTO employee_skill (employee_id, skill_id) VALUES (7, 4);
INSERT INTO employee_skill (employee_id, skill_id) VALUES (8, 7);
INSERT INTO employee_skill (employee_id, skill_id) VALUES (8, 6);
INSERT INTO employee_skill (employee_id, skill_id) VALUES (8, 1);
INSERT INTO employee_skill (employee_id, skill_id) VALUES (9, 7);
INSERT INTO employee_skill (employee_id, skill_id) VALUES (9, 2);
INSERT INTO employee_skill (employee_id, skill_id) VALUES (9, 1);
INSERT INTO employee_skill (employee_id, skill_id) VALUES (10, 5);
INSERT INTO employee_skill (employee_id, skill_id) VALUES (11, 7);
INSERT INTO employee_skill (employee_id, skill_id) VALUES (11, 6);
INSERT INTO employee_skill (employee_id, skill_id) VALUES (12, 5);
INSERT INTO employee_skill (employee_id, skill_id) VALUES (13, 7);
INSERT INTO employee_skill (employee_id, skill_id) VALUES (14, 1);
INSERT INTO employee_skill (employee_id, skill_id) VALUES (14, 3);
INSERT INTO employee_skill (employee_id, skill_id) VALUES (14, 5);
INSERT INTO employee_skill (employee_id, skill_id) VALUES (15, 5);
INSERT INTO employee_skill (employee_id, skill_id) VALUES (15, 6);
INSERT INTO employee_skill (employee_id, skill_id) VALUES (16, 3);
INSERT INTO employee_skill (employee_id, skill_id) VALUES (16, 6);
INSERT INTO employee_skill (employee_id, skill_id) VALUES (16, 1);
INSERT INTO employee_skill (employee_id, skill_id) VALUES (17, 5);
INSERT INTO employee_skill (employee_id, skill_id) VALUES (18, 5);
INSERT INTO employee_skill (employee_id, skill_id) VALUES (18, 2);
INSERT INTO employee_skill (employee_id, skill_id) VALUES (19, 1);
INSERT INTO employee_skill (employee_id, skill_id) VALUES (20, 6);
INSERT INTO employee_skill (employee_id, skill_id) VALUES (20, 5);
INSERT INTO employee_skill (employee_id, skill_id) VALUES (20, 7);
INSERT INTO employee_skill (employee_id, skill_id) VALUES (21, 4);
INSERT INTO employee_skill (employee_id, skill_id) VALUES (22, 4);
INSERT INTO employee_skill (employee_id, skill_id) VALUES (23, 5);
INSERT INTO employee_skill (employee_id, skill_id) VALUES (23, 6);
INSERT INTO employee_skill (employee_id, skill_id) VALUES (23, 2);
INSERT INTO employee_skill (employee_id, skill_id) VALUES (24, 4);
INSERT INTO employee_skill (employee_id, skill_id) VALUES (24, 2);
INSERT INTO employee_skill (employee_id, skill_id) VALUES (25, 5);
INSERT INTO employee_skill (employee_id, skill_id) VALUES (26, 7);
INSERT INTO employee_skill (employee_id, skill_id) VALUES (27, 1);
INSERT INTO employee_skill (employee_id, skill_id) VALUES (27, 3);
INSERT INTO employee_skill (employee_id, skill_id) VALUES (27, 6);
INSERT INTO employee_skill (employee_id, skill_id) VALUES (28, 7);
INSERT INTO employee_skill (employee_id, skill_id) VALUES (29, 6);
INSERT INTO employee_skill (employee_id, skill_id) VALUES (30, 3);
INSERT INTO employee_skill (employee_id, skill_id) VALUES (30, 6);
INSERT INTO employee_skill (employee_id, skill_id) VALUES (31, 2);
INSERT INTO employee_skill (employee_id, skill_id) VALUES (32, 3);
INSERT INTO employee_skill (employee_id, skill_id) VALUES (32, 2);
INSERT INTO employee_skill (employee_id, skill_id) VALUES (32, 5);
INSERT INTO employee_skill (employee_id, skill_id) VALUES (33, 5);
INSERT INTO employee_skill (employee_id, skill_id) VALUES (34, 6);
INSERT INTO employee_skill (employee_id, skill_id) VALUES (34, 7);
INSERT INTO employee_skill (employee_id, skill_id) VALUES (34, 5);
INSERT INTO employee_skill (employee_id, skill_id) VALUES (35, 3);
INSERT INTO employee_skill (employee_id, skill_id) VALUES (35, 2);
INSERT INTO employee_skill (employee_id, skill_id) VALUES (36, 7);
INSERT INTO employee_skill (employee_id, skill_id) VALUES (36, 5);
INSERT INTO employee_skill (employee_id, skill_id) VALUES (37, 6);
INSERT INTO employee_skill (employee_id, skill_id) VALUES (37, 4);
INSERT INTO employee_skill (employee_id, skill_id) VALUES (37, 2);
INSERT INTO employee_skill (employee_id, skill_id) VALUES (38, 6);
INSERT INTO employee_skill (employee_id, skill_id) VALUES (39, 3);
INSERT INTO employee_skill (employee_id, skill_id) VALUES (39, 4);
INSERT INTO employee_skill (employee_id, skill_id) VALUES (40, 4);
INSERT INTO employee_skill (employee_id, skill_id) VALUES (40, 1);
INSERT INTO employee_skill (employee_id, skill_id) VALUES (41, 2);
INSERT INTO employee_skill (employee_id, skill_id) VALUES (42, 3);
INSERT INTO employee_skill (employee_id, skill_id) VALUES (42, 1);
INSERT INTO employee_skill (employee_id, skill_id) VALUES (43, 2);
INSERT INTO employee_skill (employee_id, skill_id) VALUES (43, 5);
INSERT INTO employee_skill (employee_id, skill_id) VALUES (44, 7);
INSERT INTO employee_skill (employee_id, skill_id) VALUES (44, 5);
INSERT INTO employee_skill (employee_id, skill_id) VALUES (44, 1);
INSERT INTO employee_skill (employee_id, skill_id) VALUES (45, 6);
INSERT INTO employee_skill (employee_id, skill_id) VALUES (46, 7);
INSERT INTO employee_skill (employee_id, skill_id) VALUES (46, 1);
INSERT INTO employee_skill (employee_id, skill_id) VALUES (46, 2);
INSERT INTO employee_skill (employee_id, skill_id) VALUES (47, 3);
INSERT INTO employee_skill (employee_id, skill_id) VALUES (48, 1);
INSERT INTO employee_skill (employee_id, skill_id) VALUES (48, 2);
INSERT INTO employee_skill (employee_id, skill_id) VALUES (49, 2);
INSERT INTO employee_skill (employee_id, skill_id) VALUES (50, 7);
INSERT INTO employee_skill (employee_id, skill_id) VALUES (50, 5);
INSERT INTO employee_skill (employee_id, skill_id) VALUES (50, 6);

-- Planned Activities
INSERT INTO planned_activity (teaching_activity_id, course_instance_id, study_period_id, planned_hours) VALUES (2, 1, 1, 38);
INSERT INTO planned_activity (teaching_activity_id, course_instance_id, study_period_id, planned_hours) VALUES (4, 2, 1, 18);
INSERT INTO planned_activity (teaching_activity_id, course_instance_id, study_period_id, planned_hours) VALUES (2, 3, 4, 27);
INSERT INTO planned_activity (teaching_activity_id, course_instance_id, study_period_id, planned_hours) VALUES (2, 4, 3, 28);
INSERT INTO planned_activity (teaching_activity_id, course_instance_id, study_period_id, planned_hours) VALUES (3, 5, 4, 36);
INSERT INTO planned_activity (teaching_activity_id, course_instance_id, study_period_id, planned_hours) VALUES (1, 6, 1, 34);
INSERT INTO planned_activity (teaching_activity_id, course_instance_id, study_period_id, planned_hours) VALUES (2, 7, 3, 48);
INSERT INTO planned_activity (teaching_activity_id, course_instance_id, study_period_id, planned_hours) VALUES (3, 8, 1, 25);
INSERT INTO planned_activity (teaching_activity_id, course_instance_id, study_period_id, planned_hours) VALUES (2, 9, 2, 34);
INSERT INTO planned_activity (teaching_activity_id, course_instance_id, study_period_id, planned_hours) VALUES (3, 10, 4, 15);
INSERT INTO planned_activity (teaching_activity_id, course_instance_id, study_period_id, planned_hours) VALUES (1, 11, 4, 40);
INSERT INTO planned_activity (teaching_activity_id, course_instance_id, study_period_id, planned_hours) VALUES (2, 12, 3, 20);
INSERT INTO planned_activity (teaching_activity_id, course_instance_id, study_period_id, planned_hours) VALUES (1, 13, 4, 10);
INSERT INTO planned_activity (teaching_activity_id, course_instance_id, study_period_id, planned_hours) VALUES (2, 14, 1, 39);
INSERT INTO planned_activity (teaching_activity_id, course_instance_id, study_period_id, planned_hours) VALUES (1, 15, 4, 39);
INSERT INTO planned_activity (teaching_activity_id, course_instance_id, study_period_id, planned_hours) VALUES (3, 16, 3, 15);
INSERT INTO planned_activity (teaching_activity_id, course_instance_id, study_period_id, planned_hours) VALUES (3, 17, 2, 26);
INSERT INTO planned_activity (teaching_activity_id, course_instance_id, study_period_id, planned_hours) VALUES (2, 18, 3, 16);
INSERT INTO planned_activity (teaching_activity_id, course_instance_id, study_period_id, planned_hours) VALUES (4, 19, 2, 24);
INSERT INTO planned_activity (teaching_activity_id, course_instance_id, study_period_id, planned_hours) VALUES (1, 20, 4, 39);
INSERT INTO planned_activity (teaching_activity_id, course_instance_id, study_period_id, planned_hours) VALUES (1, 21, 4, 47);
INSERT INTO planned_activity (teaching_activity_id, course_instance_id, study_period_id, planned_hours) VALUES (3, 22, 4, 44);
INSERT INTO planned_activity (teaching_activity_id, course_instance_id, study_period_id, planned_hours) VALUES (1, 23, 3, 50);
INSERT INTO planned_activity (teaching_activity_id, course_instance_id, study_period_id, planned_hours) VALUES (2, 24, 4, 24);
INSERT INTO planned_activity (teaching_activity_id, course_instance_id, study_period_id, planned_hours) VALUES (4, 25, 1, 39);
INSERT INTO planned_activity (teaching_activity_id, course_instance_id, study_period_id, planned_hours) VALUES (2, 26, 2, 43);
INSERT INTO planned_activity (teaching_activity_id, course_instance_id, study_period_id, planned_hours) VALUES (1, 27, 3, 39);
INSERT INTO planned_activity (teaching_activity_id, course_instance_id, study_period_id, planned_hours) VALUES (3, 28, 2, 15);
INSERT INTO planned_activity (teaching_activity_id, course_instance_id, study_period_id, planned_hours) VALUES (4, 29, 4, 15);
INSERT INTO planned_activity (teaching_activity_id, course_instance_id, study_period_id, planned_hours) VALUES (1, 30, 3, 49);

-- Activity Allocations
INSERT INTO activity_allocation (employee_id, teaching_activity_id, course_instance_id, study_period_id) VALUES (23, 2, 1, 1);
INSERT INTO activity_allocation (employee_id, teaching_activity_id, course_instance_id, study_period_id) VALUES (8, 4, 2, 1);
INSERT INTO activity_allocation (employee_id, teaching_activity_id, course_instance_id, study_period_id) VALUES (48, 2, 3, 4);
INSERT INTO activity_allocation (employee_id, teaching_activity_id, course_instance_id, study_period_id) VALUES (39, 2, 4, 3);
INSERT INTO activity_allocation (employee_id, teaching_activity_id, course_instance_id, study_period_id) VALUES (29, 3, 5, 4);
INSERT INTO activity_allocation (employee_id, teaching_activity_id, course_instance_id, study_period_id) VALUES (29, 1, 6, 1);
INSERT INTO activity_allocation (employee_id, teaching_activity_id, course_instance_id, study_period_id) VALUES (22, 2, 7, 3);
INSERT INTO activity_allocation (employee_id, teaching_activity_id, course_instance_id, study_period_id) VALUES (2, 3, 8, 1);
INSERT INTO activity_allocation (employee_id, teaching_activity_id, course_instance_id, study_period_id) VALUES (40, 2, 9, 2);
INSERT INTO activity_allocation (employee_id, teaching_activity_id, course_instance_id, study_period_id) VALUES (42, 3, 10, 4);
INSERT INTO activity_allocation (employee_id, teaching_activity_id, course_instance_id, study_period_id) VALUES (5, 1, 11, 4);
INSERT INTO activity_allocation (employee_id, teaching_activity_id, course_instance_id, study_period_id) VALUES (8, 2, 12, 3);
INSERT INTO activity_allocation (employee_id, teaching_activity_id, course_instance_id, study_period_id) VALUES (39, 1, 13, 4);
INSERT INTO activity_allocation (employee_id, teaching_activity_id, course_instance_id, study_period_id) VALUES (10, 2, 14, 1);
INSERT INTO activity_allocation (employee_id, teaching_activity_id, course_instance_id, study_period_id) VALUES (49, 1, 15, 4);
INSERT INTO activity_allocation (employee_id, teaching_activity_id, course_instance_id, study_period_id) VALUES (6, 3, 16, 3);
INSERT INTO activity_allocation (employee_id, teaching_activity_id, course_instance_id, study_period_id) VALUES (46, 3, 17, 2);
INSERT INTO activity_allocation (employee_id, teaching_activity_id, course_instance_id, study_period_id) VALUES (38, 2, 18, 3);
INSERT INTO activity_allocation (employee_id, teaching_activity_id, course_instance_id, study_period_id) VALUES (44, 4, 19, 2);
INSERT INTO activity_allocation (employee_id, teaching_activity_id, course_instance_id, study_period_id) VALUES (17, 1, 20, 4);
INSERT INTO activity_allocation (employee_id, teaching_activity_id, course_instance_id, study_period_id) VALUES (38, 1, 21, 4);
INSERT INTO activity_allocation (employee_id, teaching_activity_id, course_instance_id, study_period_id) VALUES (24, 3, 22, 4);
INSERT INTO activity_allocation (employee_id, teaching_activity_id, course_instance_id, study_period_id) VALUES (15, 1, 23, 3);
INSERT INTO activity_allocation (employee_id, teaching_activity_id, course_instance_id, study_period_id) VALUES (14, 2, 24, 4);
INSERT INTO activity_allocation (employee_id, teaching_activity_id, course_instance_id, study_period_id) VALUES (12, 4, 25, 1);
INSERT INTO activity_allocation (employee_id, teaching_activity_id, course_instance_id, study_period_id) VALUES (32, 2, 26, 2);
INSERT INTO activity_allocation (employee_id, teaching_activity_id, course_instance_id, study_period_id) VALUES (30, 1, 27, 3);
INSERT INTO activity_allocation (employee_id, teaching_activity_id, course_instance_id, study_period_id) VALUES (10, 3, 28, 2);
INSERT INTO activity_allocation (employee_id, teaching_activity_id, course_instance_id, study_period_id) VALUES (29, 4, 29, 4);
INSERT INTO activity_allocation (employee_id, teaching_activity_id, course_instance_id, study_period_id) VALUES (22, 1, 30, 3);

-- Update Departments Manager
UPDATE department SET manager_id = 21 WHERE department_id = 1;
UPDATE department SET manager_id = 29 WHERE department_id = 2;
UPDATE department SET manager_id = 25 WHERE department_id = 3;
UPDATE department SET manager_id = 28 WHERE department_id = 4;

-- Re-add circular salary constraints
ALTER TABLE salary_history ADD CONSTRAINT FK_salary_history_0 FOREIGN KEY (employee_id) REFERENCES employee (employee_id);
ALTER TABLE employee ADD CONSTRAINT FK_employee_4 FOREIGN KEY (salary_history_id) REFERENCES salary_history (salary_history_id);
