-- Generated Data Script (for updated schema with salary_history_id on employee)
-- NOTE: Run this on a clean database after running task1.sql

-- Temporarily drop circular salary constraints (if they exist)
ALTER TABLE employee DROP CONSTRAINT IF EXISTS FK_employee_4;
ALTER TABLE salary_history DROP CONSTRAINT IF EXISTS FK_salary_history_0;

-- Study Period Types
INSERT INTO study_period_type (study_period_id) VALUES (1);
INSERT INTO study_period_type (study_period_id) VALUES (2);
INSERT INTO study_period_type (study_period_id) VALUES (3);
INSERT INTO study_period_type (study_period_id) VALUES (4);

-- Departments
INSERT INTO department (department_name, manager_id) VALUES ('Civil Engineering', NULL);
INSERT INTO department (department_name, manager_id) VALUES ('Information Technology', NULL);
INSERT INTO department (department_name, manager_id) VALUES ('Architecture', NULL);
INSERT INTO department (department_name, manager_id) VALUES ('Urban Planning', NULL);

-- Job Titles
INSERT INTO job_title (job_title) VALUES ('Lecturer');
INSERT INTO job_title (job_title) VALUES ('Senior Lecturer');
INSERT INTO job_title (job_title) VALUES ('Professor');
INSERT INTO job_title (job_title) VALUES ('PhD Student');
INSERT INTO job_title (job_title) VALUES ('Administrator');

-- Skills
INSERT INTO skill (skill_name) VALUES ('Python');
INSERT INTO skill (skill_name) VALUES ('SQL');
INSERT INTO skill (skill_name) VALUES ('AutoCAD');
INSERT INTO skill (skill_name) VALUES ('Revit');
INSERT INTO skill (skill_name) VALUES ('GIS');
INSERT INTO skill (skill_name) VALUES ('Project Management');
INSERT INTO skill (skill_name) VALUES ('Matlab');

-- Teaching Activities
INSERT INTO teaching_activity (activity_name, factor) VALUES ('Lecture', 2.0);
INSERT INTO teaching_activity (activity_name, factor) VALUES ('Lab', 1.7);
INSERT INTO teaching_activity (activity_name, factor) VALUES ('Seminar', 1.5);
INSERT INTO teaching_activity (activity_name, factor) VALUES ('Project', 0.5);

-- Course Layouts
INSERT INTO course_layout (course_code, course_name, min_students, max_students, hp, valid_from) VALUES ('AL1523', 'Digitalisation and Innovation for Sustainable Development', 101, 214, 7.5, DATE '2020-01-01');
INSERT INTO course_layout (course_code, course_name, min_students, max_students, hp, valid_from) VALUES ('DD1351', 'Logic for Computer Scientists', 81, 207, 7.5, DATE '2020-01-01');
INSERT INTO course_layout (course_code, course_name, min_students, max_students, hp, valid_from) VALUES ('DD2350', 'Algorithms, Data Structures and Complexity', 52, 262, 9.5, DATE '2020-01-01');
INSERT INTO course_layout (course_code, course_name, min_students, max_students, hp, valid_from) VALUES ('DD2352', 'Algorithms and Complexity', 135, 275, 7.5, DATE '2020-01-01');
INSERT INTO course_layout (course_code, course_name, min_students, max_students, hp, valid_from) VALUES ('DD2401', 'Neuroscience', 94, 295, 7.5, DATE '2020-01-01');
INSERT INTO course_layout (course_code, course_name, min_students, max_students, hp, valid_from) VALUES ('DH2642', 'Interaction Programming and the Dynamic Web', 100, 205, 7.5, DATE '2020-01-01');
INSERT INTO course_layout (course_code, course_name, min_students, max_students, hp, valid_from) VALUES ('EL1020', 'Automatic Control, general course', 58, 200, 6.0, DATE '2020-01-01');
INSERT INTO course_layout (course_code, course_name, min_students, max_students, hp, valid_from) VALUES ('EQ1110', 'Continuous Time Signals and Systems', 59, 215, 6.0, DATE '2020-01-01');
INSERT INTO course_layout (course_code, course_name, min_students, max_students, hp, valid_from) VALUES ('EQ1120', 'Discrete Time Signals and Systems', 93, 282, 6.0, DATE '2020-01-01');
INSERT INTO course_layout (course_code, course_name, min_students, max_students, hp, valid_from) VALUES ('IA150X', 'Degree Project in Information and Communication Technology', 74, 265, 15.0, DATE '2020-01-01');
INSERT INTO course_layout (course_code, course_name, min_students, max_students, hp, valid_from) VALUES ('ID1018', 'Programming I', 86, 243, 7.5, DATE '2020-01-01');
INSERT INTO course_layout (course_code, course_name, min_students, max_students, hp, valid_from) VALUES ('ID1021', 'Algorithms and Data Structures', 115, 197, 7.5, DATE '2020-01-01');
INSERT INTO course_layout (course_code, course_name, min_students, max_students, hp, valid_from) VALUES ('ID1206', 'Operating Systems', 134, 200, 7.5, DATE '2020-01-01');
INSERT INTO course_layout (course_code, course_name, min_students, max_students, hp, valid_from) VALUES ('ID1214', 'Artificial Intelligence and Applied Methods', 80, 196, 7.5, DATE '2020-01-01');
INSERT INTO course_layout (course_code, course_name, min_students, max_students, hp, valid_from) VALUES ('ID1217', 'Concurrent Programming', 94, 175, 7.5, DATE '2020-01-01');
INSERT INTO course_layout (course_code, course_name, min_students, max_students, hp, valid_from) VALUES ('ID2201', 'Distributed Systems, Basic Course', 89, 252, 7.5, DATE '2020-01-01');
INSERT INTO course_layout (course_code, course_name, min_students, max_students, hp, valid_from) VALUES ('ID2202', 'Compilers and Execution Environments', 88, 231, 7.5, DATE '2020-01-01');
INSERT INTO course_layout (course_code, course_name, min_students, max_students, hp, valid_from) VALUES ('ID2216', 'Developing Mobile Applications', 137, 285, 7.5, DATE '2020-01-01');
INSERT INTO course_layout (course_code, course_name, min_students, max_students, hp, valid_from) VALUES ('IE1204', 'Digital Design', 54, 229, 7.5, DATE '2020-01-01');
INSERT INTO course_layout (course_code, course_name, min_students, max_students, hp, valid_from) VALUES ('IE1206', 'Embedded Electronics', 103, 181, 7.5, DATE '2020-01-01');
INSERT INTO course_layout (course_code, course_name, min_students, max_students, hp, valid_from) VALUES ('II1303', 'Signal Processing', 83, 265, 7.5, DATE '2020-01-01');
INSERT INTO course_layout (course_code, course_name, min_students, max_students, hp, valid_from) VALUES ('II1305', 'Project in Information and Communication Technology', 73, 166, 7.5, DATE '2020-01-01');
INSERT INTO course_layout (course_code, course_name, min_students, max_students, hp, valid_from) VALUES ('II1307', 'Active Career', 97, 218, 1.5, DATE '2020-01-01');
INSERT INTO course_layout (course_code, course_name, min_students, max_students, hp, valid_from) VALUES ('II1308', 'Introduction to Programming', 108, 237, 1.5, DATE '2020-01-01');
INSERT INTO course_layout (course_code, course_name, min_students, max_students, hp, valid_from) VALUES ('IK1203', 'Networks and Communication', 87, 223, 7.5, DATE '2020-01-01');
INSERT INTO course_layout (course_code, course_name, min_students, max_students, hp, valid_from) VALUES ('IK1330', 'Wireless Systems', 67, 206, 7.5, DATE '2020-01-01');
INSERT INTO course_layout (course_code, course_name, min_students, max_students, hp, valid_from) VALUES ('IL1333', 'Hardware Security', 108, 282, 7.5, DATE '2020-01-01');
INSERT INTO course_layout (course_code, course_name, min_students, max_students, hp, valid_from) VALUES ('IS1200', 'Computer Hardware Engineering', 67, 232, 7.5, DATE '2020-01-01');
INSERT INTO course_layout (course_code, course_name, min_students, max_students, hp, valid_from) VALUES ('IS1300', 'Embedded Systems', 149, 201, 7.5, DATE '2020-01-01');
INSERT INTO course_layout (course_code, course_name, min_students, max_students, hp, valid_from) VALUES ('IS2202', 'Computer Systems Architecture', 59, 294, 7.5, DATE '2020-01-01');
INSERT INTO course_layout (course_code, course_name, min_students, max_students, hp, valid_from) VALUES ('IV1013', 'Introduction to Computer Security', 89, 158, 7.5, DATE '2020-01-01');
INSERT INTO course_layout (course_code, course_name, min_students, max_students, hp, valid_from) VALUES ('IV1350', 'Object Oriented Design', 86, 283, 7.5, DATE '2020-01-01');
INSERT INTO course_layout (course_code, course_name, min_students, max_students, hp, valid_from) VALUES ('IV1351', 'Data Storage Paradigms', 117, 273, 7.5, DATE '2020-01-01');
INSERT INTO course_layout (course_code, course_name, min_students, max_students, hp, valid_from) VALUES ('LS1601', 'Intercultural competence', 82, 258, 4.5, DATE '2020-01-01');
INSERT INTO course_layout (course_code, course_name, min_students, max_students, hp, valid_from) VALUES ('LS2442', 'English for Employment', 78, 159, 7.5, DATE '2020-01-01');
INSERT INTO course_layout (course_code, course_name, min_students, max_students, hp, valid_from) VALUES ('ME1003', 'Industrial Management, Basic Course', 148, 251, 6.0, DATE '2020-01-01');
INSERT INTO course_layout (course_code, course_name, min_students, max_students, hp, valid_from) VALUES ('ME2016', 'Project Management: Leadership and Control', 83, 208, 6.0, DATE '2020-01-01');
INSERT INTO course_layout (course_code, course_name, min_students, max_students, hp, valid_from) VALUES ('ME2163', 'Leading People and Organizations in Different Contexts', 129, 204, 6.0, DATE '2020-01-01');
INSERT INTO course_layout (course_code, course_name, min_students, max_students, hp, valid_from) VALUES ('SF1546', 'Numerical Methods, Basic Course', 117, 261, 6.0, DATE '2020-01-01');
INSERT INTO course_layout (course_code, course_name, min_students, max_students, hp, valid_from) VALUES ('SF1610', 'Discrete Mathematics', 88, 169, 7.5, DATE '2020-01-01');
INSERT INTO course_layout (course_code, course_name, min_students, max_students, hp, valid_from) VALUES ('SF1624', 'Algebra and Geometry', 148, 269, 7.5, DATE '2020-01-01');
INSERT INTO course_layout (course_code, course_name, min_students, max_students, hp, valid_from) VALUES ('SF1625', 'Calculus in One Variable', 62, 182, 7.5, DATE '2020-01-01');
INSERT INTO course_layout (course_code, course_name, min_students, max_students, hp, valid_from) VALUES ('SF1633', 'Differential Equations I', 62, 232, 6.0, DATE '2020-01-01');
INSERT INTO course_layout (course_code, course_name, min_students, max_students, hp, valid_from) VALUES ('SF1683', 'Differential Equations and Transforms', 61, 273, 9.0, DATE '2020-01-01');
INSERT INTO course_layout (course_code, course_name, min_students, max_students, hp, valid_from) VALUES ('SF1686', 'Calculus in Several Variable', 142, 201, 7.5, DATE '2020-01-01');
INSERT INTO course_layout (course_code, course_name, min_students, max_students, hp, valid_from) VALUES ('SF1689', 'Basic Course in Mathematics', 115, 275, 6.0, DATE '2020-01-01');
INSERT INTO course_layout (course_code, course_name, min_students, max_students, hp, valid_from) VALUES ('SF1912', 'Probability Theory and Statistics', 73, 254, 6.0, DATE '2020-01-01');
INSERT INTO course_layout (course_code, course_name, min_students, max_students, hp, valid_from) VALUES ('SG1102', 'Mechanics, Smaller Course', 116, 156, 6.0, DATE '2020-01-01');
INSERT INTO course_layout (course_code, course_name, min_students, max_students, hp, valid_from) VALUES ('SH1011', 'Modern Physics', 113, 189, 7.5, DATE '2020-01-01');
INSERT INTO course_layout (course_code, course_name, min_students, max_students, hp, valid_from) VALUES ('SK1118', 'Electromagnetism and Waves', 71, 279, 7.5, DATE '2020-01-01');

-- People, Employees, Phones, Addresses
INSERT INTO person (personal_number, first_name, last_name) VALUES ('651114-0221', 'Maria', 'Diaz');
INSERT INTO address (person_id, address) VALUES (1, '3920 Brian Island Apt. 093, Whitetown, IN 16912');
INSERT INTO phone (person_id, phone_number) VALUES (1, '636.297.9160x9820');
INSERT INTO employee (person_id, job_title_id, department_id, manager_id, salary_history_id) VALUES (1, 4, 4, 1, 1);
INSERT INTO person (personal_number, first_name, last_name) VALUES ('610917-2299', 'Susan', 'Glover');
INSERT INTO address (person_id, address) VALUES (2, '0308 Ochoa Roads Suite 053, Port Stacey, VT 52921');
INSERT INTO phone (person_id, phone_number) VALUES (2, '555-381-5955x015');
INSERT INTO employee (person_id, job_title_id, department_id, manager_id, salary_history_id) VALUES (2, 2, 2, 2, 2);
INSERT INTO person (personal_number, first_name, last_name) VALUES ('650327-7922', 'Heather', 'Poole');
INSERT INTO address (person_id, address) VALUES (3, '002 Smith Route Apt. 045, Markbury, FL 73140');
INSERT INTO phone (person_id, phone_number) VALUES (3, '+1-478-386-1990');
INSERT INTO employee (person_id, job_title_id, department_id, manager_id, salary_history_id) VALUES (3, 3, 2, 3, 3);
INSERT INTO person (personal_number, first_name, last_name) VALUES ('630808-0481', 'Shawn', 'Johnston');
INSERT INTO address (person_id, address) VALUES (4, '12058 Oconnor Harbor Apt. 132, Nicholasside, UT 83329');
INSERT INTO phone (person_id, phone_number) VALUES (4, '855-842-7765');
INSERT INTO employee (person_id, job_title_id, department_id, manager_id, salary_history_id) VALUES (4, 1, 1, 4, 4);
INSERT INTO person (personal_number, first_name, last_name) VALUES ('631102-0239', 'Robert', 'Woodard');
INSERT INTO address (person_id, address) VALUES (5, '1962 Pratt Shores Apt. 449, Kristinaview, KY 91540');
INSERT INTO phone (person_id, phone_number) VALUES (5, '507.952.1575');
INSERT INTO employee (person_id, job_title_id, department_id, manager_id, salary_history_id) VALUES (5, 1, 1, 5, 5);
INSERT INTO person (personal_number, first_name, last_name) VALUES ('710201-6245', 'Christine', 'Dixon');
INSERT INTO address (person_id, address) VALUES (6, '06220 Warner Expressway Apt. 058, South Jesseville, LA 75595');
INSERT INTO phone (person_id, phone_number) VALUES (6, '627-679-4784');
INSERT INTO employee (person_id, job_title_id, department_id, manager_id, salary_history_id) VALUES (6, 3, 4, 2, 6);
INSERT INTO person (personal_number, first_name, last_name) VALUES ('730620-3303', 'Jason', 'Howard');
INSERT INTO address (person_id, address) VALUES (7, '54448 Kaitlin Curve, Randyview, WI 70978');
INSERT INTO phone (person_id, phone_number) VALUES (7, '001-920-329-8360x231');
INSERT INTO employee (person_id, job_title_id, department_id, manager_id, salary_history_id) VALUES (7, 5, 4, 5, 7);
INSERT INTO person (personal_number, first_name, last_name) VALUES ('840927-8222', 'Rachel', 'Molina');
INSERT INTO address (person_id, address) VALUES (8, '8431 Jones Terrace, East Jennifer, DE 20233');
INSERT INTO phone (person_id, phone_number) VALUES (8, '280.654.5363');
INSERT INTO employee (person_id, job_title_id, department_id, manager_id, salary_history_id) VALUES (8, 5, 4, 5, 8);
INSERT INTO person (personal_number, first_name, last_name) VALUES ('660121-6854', 'Jeffrey', 'Hester');
INSERT INTO address (person_id, address) VALUES (9, '48361 Bishop Ports Apt. 248, Dustinton, WI 30031');
INSERT INTO phone (person_id, phone_number) VALUES (9, '+1-269-761-3161');
INSERT INTO employee (person_id, job_title_id, department_id, manager_id, salary_history_id) VALUES (9, 1, 3, 2, 9);
INSERT INTO person (personal_number, first_name, last_name) VALUES ('600203-8944', 'Sarah', 'Moon');
INSERT INTO address (person_id, address) VALUES (10, '328 Hernandez Spring Suite 611, Lake Nicoleside, NH 57591');
INSERT INTO phone (person_id, phone_number) VALUES (10, '001-227-881-1891');
INSERT INTO employee (person_id, job_title_id, department_id, manager_id, salary_history_id) VALUES (10, 4, 3, 8, 10);
INSERT INTO person (personal_number, first_name, last_name) VALUES ('551201-3126', 'Chloe', 'Ryan');
INSERT INTO address (person_id, address) VALUES (11, '20560 Booker Circles, Jennifermouth, MT 59037');
INSERT INTO phone (person_id, phone_number) VALUES (11, '(778)993-4010x21694');
INSERT INTO employee (person_id, job_title_id, department_id, manager_id, salary_history_id) VALUES (11, 4, 1, 6, 11);
INSERT INTO person (personal_number, first_name, last_name) VALUES ('601227-8505', 'Alexandra', 'Reed');
INSERT INTO address (person_id, address) VALUES (12, '75736 Briggs Flats, Meghanburgh, DE 91173');
INSERT INTO phone (person_id, phone_number) VALUES (12, '+1-270-746-4595');
INSERT INTO employee (person_id, job_title_id, department_id, manager_id, salary_history_id) VALUES (12, 4, 3, 3, 12);
INSERT INTO person (personal_number, first_name, last_name) VALUES ('920622-4912', 'Candace', 'Edwards');
INSERT INTO address (person_id, address) VALUES (13, '574 Sandra Shores, Maureenland, WA 25750');
INSERT INTO phone (person_id, phone_number) VALUES (13, '+1-676-529-1710');
INSERT INTO employee (person_id, job_title_id, department_id, manager_id, salary_history_id) VALUES (13, 2, 1, 6, 13);
INSERT INTO person (personal_number, first_name, last_name) VALUES ('970614-5178', 'Morgan', 'Baker');
INSERT INTO address (person_id, address) VALUES (14, '90384 Emily Harbor Suite 728, Burnsmouth, CT 48508');
INSERT INTO phone (person_id, phone_number) VALUES (14, '(402)686-2039');
INSERT INTO employee (person_id, job_title_id, department_id, manager_id, salary_history_id) VALUES (14, 4, 1, 11, 14);
INSERT INTO person (personal_number, first_name, last_name) VALUES ('870701-1494', 'Bianca', 'Jones');
INSERT INTO address (person_id, address) VALUES (15, '2400 Adams Coves, Lake Emily, ID 87812');
INSERT INTO phone (person_id, phone_number) VALUES (15, '(745)509-0038x62946');
INSERT INTO employee (person_id, job_title_id, department_id, manager_id, salary_history_id) VALUES (15, 5, 4, 11, 15);
INSERT INTO person (personal_number, first_name, last_name) VALUES ('751118-6641', 'Mark', 'Johnson');
INSERT INTO address (person_id, address) VALUES (16, 'USNV Berger, FPO AP 60495');
INSERT INTO phone (person_id, phone_number) VALUES (16, '205.647.8071x1270');
INSERT INTO employee (person_id, job_title_id, department_id, manager_id, salary_history_id) VALUES (16, 5, 3, 13, 16);
INSERT INTO person (personal_number, first_name, last_name) VALUES ('620323-5103', 'Juan', 'Jimenez');
INSERT INTO address (person_id, address) VALUES (17, '92328 Edwards Drives, Mathewsland, TN 13686');
INSERT INTO phone (person_id, phone_number) VALUES (17, '(829)232-4079x64765');
INSERT INTO employee (person_id, job_title_id, department_id, manager_id, salary_history_id) VALUES (17, 3, 4, 4, 17);
INSERT INTO person (personal_number, first_name, last_name) VALUES ('530517-7879', 'Danielle', 'Hood');
INSERT INTO address (person_id, address) VALUES (18, '58031 Michelle Summit, Paulland, GU 46933');
INSERT INTO phone (person_id, phone_number) VALUES (18, '2866617669');
INSERT INTO employee (person_id, job_title_id, department_id, manager_id, salary_history_id) VALUES (18, 4, 4, 9, 18);
INSERT INTO person (personal_number, first_name, last_name) VALUES ('990307-0300', 'Jeffrey', 'Brown');
INSERT INTO address (person_id, address) VALUES (19, '9980 Jessica Fords, Mccormickland, PW 52214');
INSERT INTO phone (person_id, phone_number) VALUES (19, '+1-380-217-9008');
INSERT INTO employee (person_id, job_title_id, department_id, manager_id, salary_history_id) VALUES (19, 3, 3, 16, 19);
INSERT INTO person (personal_number, first_name, last_name) VALUES ('700515-2929', 'Antonio', 'Boyd');
INSERT INTO address (person_id, address) VALUES (20, '819 Figueroa Lake, South Joshuastad, HI 01880');
INSERT INTO phone (person_id, phone_number) VALUES (20, '(747)739-7453');
INSERT INTO employee (person_id, job_title_id, department_id, manager_id, salary_history_id) VALUES (20, 5, 3, 13, 20);
INSERT INTO person (personal_number, first_name, last_name) VALUES ('950404-7988', 'Jonathan', 'Evans');
INSERT INTO address (person_id, address) VALUES (21, '560 Cook Isle Suite 940, East Stephanie, MH 90581');
INSERT INTO phone (person_id, phone_number) VALUES (21, '428-860-2434');
INSERT INTO employee (person_id, job_title_id, department_id, manager_id, salary_history_id) VALUES (21, 1, 1, 5, 21);
INSERT INTO person (personal_number, first_name, last_name) VALUES ('810118-5541', 'Kelsey', 'Morris');
INSERT INTO address (person_id, address) VALUES (22, '144 Paul Key Suite 365, New Rossborough, IL 04734');
INSERT INTO phone (person_id, phone_number) VALUES (22, '(334)690-0730x103');
INSERT INTO employee (person_id, job_title_id, department_id, manager_id, salary_history_id) VALUES (22, 2, 2, 17, 22);
INSERT INTO person (personal_number, first_name, last_name) VALUES ('800108-4250', 'Melissa', 'Bennett');
INSERT INTO address (person_id, address) VALUES (23, '1465 Roberts Tunnel, Leetown, FL 97537');
INSERT INTO phone (person_id, phone_number) VALUES (23, '303.564.4783');
INSERT INTO employee (person_id, job_title_id, department_id, manager_id, salary_history_id) VALUES (23, 1, 1, 8, 23);
INSERT INTO person (personal_number, first_name, last_name) VALUES ('650303-8327', 'Taylor', 'Rivera');
INSERT INTO address (person_id, address) VALUES (24, '4246 Williams Way, West Marieland, GU 68265');
INSERT INTO phone (person_id, phone_number) VALUES (24, '001-840-565-9739x64186');
INSERT INTO employee (person_id, job_title_id, department_id, manager_id, salary_history_id) VALUES (24, 4, 4, 11, 24);
INSERT INTO person (personal_number, first_name, last_name) VALUES ('570108-3453', 'Aaron', 'Lopez');
INSERT INTO address (person_id, address) VALUES (25, '7563 Jennifer Via, Wilcoxville, MN 66159');
INSERT INTO phone (person_id, phone_number) VALUES (25, '+1-395-700-2192x8685');
INSERT INTO employee (person_id, job_title_id, department_id, manager_id, salary_history_id) VALUES (25, 4, 1, 24, 25);
INSERT INTO person (personal_number, first_name, last_name) VALUES ('800417-1400', 'Lauren', 'Hernandez');
INSERT INTO address (person_id, address) VALUES (26, '406 Julie Well, Buckleytown, AS 06962');
INSERT INTO phone (person_id, phone_number) VALUES (26, '(725)342-4338');
INSERT INTO employee (person_id, job_title_id, department_id, manager_id, salary_history_id) VALUES (26, 5, 3, 19, 26);
INSERT INTO person (personal_number, first_name, last_name) VALUES ('661013-2378', 'Paul', 'Osborne');
INSERT INTO address (person_id, address) VALUES (27, '92805 Jason Falls Apt. 940, Annbury, SD 46370');
INSERT INTO phone (person_id, phone_number) VALUES (27, '+1-364-284-4666');
INSERT INTO employee (person_id, job_title_id, department_id, manager_id, salary_history_id) VALUES (27, 5, 3, 19, 27);
INSERT INTO person (personal_number, first_name, last_name) VALUES ('501203-2711', 'Michael', 'Mccarthy');
INSERT INTO address (person_id, address) VALUES (28, '551 Smith Mission, Lake John, ID 58184');
INSERT INTO phone (person_id, phone_number) VALUES (28, '361.536.0143x5762');
INSERT INTO employee (person_id, job_title_id, department_id, manager_id, salary_history_id) VALUES (28, 3, 4, 19, 28);
INSERT INTO person (personal_number, first_name, last_name) VALUES ('570623-8440', 'Michael', 'Ramos');
INSERT INTO address (person_id, address) VALUES (29, '149 Dean Fall, Perezland, CO 75554');
INSERT INTO phone (person_id, phone_number) VALUES (29, '509-230-3198x17910');
INSERT INTO employee (person_id, job_title_id, department_id, manager_id, salary_history_id) VALUES (29, 4, 1, 17, 29);
INSERT INTO person (personal_number, first_name, last_name) VALUES ('780215-4114', 'Ryan', 'Williams');
INSERT INTO address (person_id, address) VALUES (30, '2049 Scott Shore, Frankville, CT 50143');
INSERT INTO phone (person_id, phone_number) VALUES (30, '8102953481');
INSERT INTO employee (person_id, job_title_id, department_id, manager_id, salary_history_id) VALUES (30, 4, 4, 16, 30);
INSERT INTO person (personal_number, first_name, last_name) VALUES ('970116-8279', 'Kelly', 'James');
INSERT INTO address (person_id, address) VALUES (31, '37203 Harrison Freeway, North Michaelfurt, WY 33057');
INSERT INTO phone (person_id, phone_number) VALUES (31, '438.912.1172x435');
INSERT INTO employee (person_id, job_title_id, department_id, manager_id, salary_history_id) VALUES (31, 2, 4, 25, 31);
INSERT INTO person (personal_number, first_name, last_name) VALUES ('750306-3577', 'Nicholas', 'Miller');
INSERT INTO address (person_id, address) VALUES (32, '9472 Wade Turnpike Suite 339, North Tinaburgh, UT 68350');
INSERT INTO phone (person_id, phone_number) VALUES (32, '9397220484');
INSERT INTO employee (person_id, job_title_id, department_id, manager_id, salary_history_id) VALUES (32, 4, 4, 5, 32);
INSERT INTO person (personal_number, first_name, last_name) VALUES ('601105-0473', 'Christopher', 'Paul');
INSERT INTO address (person_id, address) VALUES (33, '404 Morgan Estate Apt. 962, South Meganberg, OR 32485');
INSERT INTO phone (person_id, phone_number) VALUES (33, '(948)986-0174x7774');
INSERT INTO employee (person_id, job_title_id, department_id, manager_id, salary_history_id) VALUES (33, 2, 4, 19, 33);
INSERT INTO person (personal_number, first_name, last_name) VALUES ('820409-0278', 'Collin', 'Harris');
INSERT INTO address (person_id, address) VALUES (34, '684 Koch Court Apt. 002, West Virginiabury, CO 92294');
INSERT INTO phone (person_id, phone_number) VALUES (34, '656.436.5672x765');
INSERT INTO employee (person_id, job_title_id, department_id, manager_id, salary_history_id) VALUES (34, 2, 1, 12, 34);
INSERT INTO person (personal_number, first_name, last_name) VALUES ('680528-2001', 'Grace', 'Houston');
INSERT INTO address (person_id, address) VALUES (35, '70718 Steven Bridge, Matthewville, NM 65964');
INSERT INTO phone (person_id, phone_number) VALUES (35, '001-933-905-5911x907');
INSERT INTO employee (person_id, job_title_id, department_id, manager_id, salary_history_id) VALUES (35, 4, 1, 21, 35);
INSERT INTO person (personal_number, first_name, last_name) VALUES ('670614-3455', 'Lori', 'Garcia');
INSERT INTO address (person_id, address) VALUES (36, '88215 Paul Center Suite 760, Stuartchester, AK 37684');
INSERT INTO phone (person_id, phone_number) VALUES (36, '(805)222-4876x80360');
INSERT INTO employee (person_id, job_title_id, department_id, manager_id, salary_history_id) VALUES (36, 1, 1, 11, 36);
INSERT INTO person (personal_number, first_name, last_name) VALUES ('800404-4577', 'Jennifer', 'Herring');
INSERT INTO address (person_id, address) VALUES (37, '39617 Johnson Shores Apt. 508, West Brent, MS 37652');
INSERT INTO phone (person_id, phone_number) VALUES (37, '2406571211');
INSERT INTO employee (person_id, job_title_id, department_id, manager_id, salary_history_id) VALUES (37, 4, 4, 3, 37);
INSERT INTO person (personal_number, first_name, last_name) VALUES ('800517-6463', 'Jeremy', 'Sheppard');
INSERT INTO address (person_id, address) VALUES (38, '0463 Wilson Mills, Melissaburgh, WA 47413');
INSERT INTO phone (person_id, phone_number) VALUES (38, '330.860.9242');
INSERT INTO employee (person_id, job_title_id, department_id, manager_id, salary_history_id) VALUES (38, 2, 2, 21, 38);
INSERT INTO person (personal_number, first_name, last_name) VALUES ('680423-9972', 'Kevin', 'Fritz');
INSERT INTO address (person_id, address) VALUES (39, '39963 David Squares, Brewershire, DE 21098');
INSERT INTO phone (person_id, phone_number) VALUES (39, '001-232-307-1640x361');
INSERT INTO employee (person_id, job_title_id, department_id, manager_id, salary_history_id) VALUES (39, 1, 4, 5, 39);
INSERT INTO person (personal_number, first_name, last_name) VALUES ('921019-3367', 'Mary', 'Garcia');
INSERT INTO address (person_id, address) VALUES (40, '7815 Hernandez Rest Apt. 555, North Anna, WI 00683');
INSERT INTO phone (person_id, phone_number) VALUES (40, '+1-574-557-0982');
INSERT INTO employee (person_id, job_title_id, department_id, manager_id, salary_history_id) VALUES (40, 2, 3, 37, 40);
INSERT INTO person (personal_number, first_name, last_name) VALUES ('620220-5318', 'Jonathan', 'Skinner');
INSERT INTO address (person_id, address) VALUES (41, '412 Sanchez Rapid, Lake Rachelhaven, ND 31827');
INSERT INTO phone (person_id, phone_number) VALUES (41, '001-624-909-2832x71021');
INSERT INTO employee (person_id, job_title_id, department_id, manager_id, salary_history_id) VALUES (41, 4, 2, 34, 41);
INSERT INTO person (personal_number, first_name, last_name) VALUES ('620727-3428', 'Alice', 'Rodriguez');
INSERT INTO address (person_id, address) VALUES (42, '63358 Matthew Roads, Port Anthonyland, NH 51763');
INSERT INTO phone (person_id, phone_number) VALUES (42, '349.992.8527x558');
INSERT INTO employee (person_id, job_title_id, department_id, manager_id, salary_history_id) VALUES (42, 5, 4, 40, 42);
INSERT INTO person (personal_number, first_name, last_name) VALUES ('531111-9823', 'Allison', 'Holt');
INSERT INTO address (person_id, address) VALUES (43, '932 Alexander Ways, West Christopher, ME 23383');
INSERT INTO phone (person_id, phone_number) VALUES (43, '(316)660-5636x00106');
INSERT INTO employee (person_id, job_title_id, department_id, manager_id, salary_history_id) VALUES (43, 2, 3, 17, 43);
INSERT INTO person (personal_number, first_name, last_name) VALUES ('540311-6368', 'Tracy', 'Lopez');
INSERT INTO address (person_id, address) VALUES (44, '6234 Cassandra Mill, Maldonadoberg, MO 30878');
INSERT INTO phone (person_id, phone_number) VALUES (44, '(664)404-2319x1214');
INSERT INTO employee (person_id, job_title_id, department_id, manager_id, salary_history_id) VALUES (44, 1, 4, 19, 44);
INSERT INTO person (personal_number, first_name, last_name) VALUES ('851019-2370', 'Joshua', 'Andrade');
INSERT INTO address (person_id, address) VALUES (45, '4066 Robin Mountains Suite 975, New Ericville, MH 97663');
INSERT INTO phone (person_id, phone_number) VALUES (45, '001-817-962-7017x884');
INSERT INTO employee (person_id, job_title_id, department_id, manager_id, salary_history_id) VALUES (45, 5, 1, 8, 45);
INSERT INTO person (personal_number, first_name, last_name) VALUES ('571210-0765', 'James', 'Gonzalez');
INSERT INTO address (person_id, address) VALUES (46, '5997 Garcia Ford, Johnburgh, WV 36548');
INSERT INTO phone (person_id, phone_number) VALUES (46, '832.863.5875x51174');
INSERT INTO employee (person_id, job_title_id, department_id, manager_id, salary_history_id) VALUES (46, 2, 2, 42, 46);
INSERT INTO person (personal_number, first_name, last_name) VALUES ('991104-7732', 'Gerald', 'Aguilar');
INSERT INTO address (person_id, address) VALUES (47, '77829 Perez Plains, Shawtown, CT 51110');
INSERT INTO phone (person_id, phone_number) VALUES (47, '658.945.6439x1217');
INSERT INTO employee (person_id, job_title_id, department_id, manager_id, salary_history_id) VALUES (47, 5, 2, 40, 47);
INSERT INTO person (personal_number, first_name, last_name) VALUES ('981019-8113', 'Michelle', 'Frazier');
INSERT INTO address (person_id, address) VALUES (48, '0828 Kimberly Meadows, Sototon, FM 64412');
INSERT INTO phone (person_id, phone_number) VALUES (48, '334-951-8014x41946');
INSERT INTO employee (person_id, job_title_id, department_id, manager_id, salary_history_id) VALUES (48, 2, 1, 41, 48);
INSERT INTO person (personal_number, first_name, last_name) VALUES ('600606-4701', 'Dakota', 'Myers');
INSERT INTO address (person_id, address) VALUES (49, '1718 Ashley Vista, Butlerton, SC 01590');
INSERT INTO phone (person_id, phone_number) VALUES (49, '001-230-464-0490x5239');
INSERT INTO employee (person_id, job_title_id, department_id, manager_id, salary_history_id) VALUES (49, 1, 3, 49, 49);
INSERT INTO person (personal_number, first_name, last_name) VALUES ('670727-1184', 'Christina', 'Hodge');
INSERT INTO address (person_id, address) VALUES (50, '522 Levy Lodge, West Christopher, OH 84266');
INSERT INTO phone (person_id, phone_number) VALUES (50, '243-810-3656x772');
INSERT INTO employee (person_id, job_title_id, department_id, manager_id, salary_history_id) VALUES (50, 3, 3, 12, 50);
INSERT INTO person (personal_number, first_name, last_name) VALUES ('670525-6757', 'Emily', 'Johnson');
INSERT INTO address (person_id, address) VALUES (51, '011 Juan Crossing, Lake Rachel, AS 11216');
INSERT INTO phone (person_id, phone_number) VALUES (51, '001-475-838-9196');
INSERT INTO employee (person_id, job_title_id, department_id, manager_id, salary_history_id) VALUES (51, 2, 2, 16, 51);
INSERT INTO person (personal_number, first_name, last_name) VALUES ('940427-0741', 'Rachel', 'Zuniga');
INSERT INTO address (person_id, address) VALUES (52, '286 Jennifer Centers, Christianport, VT 11876');
INSERT INTO phone (person_id, phone_number) VALUES (52, '001-260-369-3564');
INSERT INTO employee (person_id, job_title_id, department_id, manager_id, salary_history_id) VALUES (52, 2, 4, 42, 52);
INSERT INTO person (personal_number, first_name, last_name) VALUES ('821209-3097', 'Debra', 'Contreras');
INSERT INTO address (person_id, address) VALUES (53, '7910 Selena Village Apt. 358, Davisfort, PW 62855');
INSERT INTO phone (person_id, phone_number) VALUES (53, '001-667-873-1733x41083');
INSERT INTO employee (person_id, job_title_id, department_id, manager_id, salary_history_id) VALUES (53, 1, 2, 37, 53);
INSERT INTO person (personal_number, first_name, last_name) VALUES ('560719-3122', 'Joshua', 'Hart');
INSERT INTO address (person_id, address) VALUES (54, '2712 Matthew Bridge Suite 499, New Amy, WI 87118');
INSERT INTO phone (person_id, phone_number) VALUES (54, '+1-996-780-1933x7819');
INSERT INTO employee (person_id, job_title_id, department_id, manager_id, salary_history_id) VALUES (54, 2, 4, 39, 54);
INSERT INTO person (personal_number, first_name, last_name) VALUES ('841112-6305', 'Stephanie', 'Fields');
INSERT INTO address (person_id, address) VALUES (55, '348 Jennifer Crossing Apt. 252, South Wanda, OH 00797');
INSERT INTO phone (person_id, phone_number) VALUES (55, '877-844-5626');
INSERT INTO employee (person_id, job_title_id, department_id, manager_id, salary_history_id) VALUES (55, 2, 4, 34, 55);
INSERT INTO person (personal_number, first_name, last_name) VALUES ('700714-7646', 'Kenneth', 'Gomez');
INSERT INTO address (person_id, address) VALUES (56, '6599 Cruz Extensions, Harperbury, NY 74545');
INSERT INTO phone (person_id, phone_number) VALUES (56, '+1-404-537-5793x4190');
INSERT INTO employee (person_id, job_title_id, department_id, manager_id, salary_history_id) VALUES (56, 1, 4, 54, 56);
INSERT INTO person (personal_number, first_name, last_name) VALUES ('780927-3674', 'Michael', 'Key');
INSERT INTO address (person_id, address) VALUES (57, '21556 Chad Rapids, New David, CO 79154');
INSERT INTO phone (person_id, phone_number) VALUES (57, '453-388-2522x7391');
INSERT INTO employee (person_id, job_title_id, department_id, manager_id, salary_history_id) VALUES (57, 1, 4, 31, 57);
INSERT INTO person (personal_number, first_name, last_name) VALUES ('970712-2780', 'Mark', 'Jones');
INSERT INTO address (person_id, address) VALUES (58, '8854 Martinez Route Apt. 300, Stephanieport, MD 89035');
INSERT INTO phone (person_id, phone_number) VALUES (58, '810-560-4438x59922');
INSERT INTO employee (person_id, job_title_id, department_id, manager_id, salary_history_id) VALUES (58, 5, 3, 38, 58);
INSERT INTO person (personal_number, first_name, last_name) VALUES ('901112-0368', 'Kenneth', 'Vaughn');
INSERT INTO address (person_id, address) VALUES (59, '694 Kelly Circle, Lake Karen, SC 72594');
INSERT INTO phone (person_id, phone_number) VALUES (59, '001-534-822-6864x007');
INSERT INTO employee (person_id, job_title_id, department_id, manager_id, salary_history_id) VALUES (59, 2, 2, 44, 59);
INSERT INTO person (personal_number, first_name, last_name) VALUES ('950327-1379', 'Ryan', 'Palmer');
INSERT INTO address (person_id, address) VALUES (60, '456 Molina Fields Apt. 768, Ericburgh, WI 97527');
INSERT INTO phone (person_id, phone_number) VALUES (60, '639-734-5126');
INSERT INTO employee (person_id, job_title_id, department_id, manager_id, salary_history_id) VALUES (60, 5, 3, 51, 60);
INSERT INTO person (personal_number, first_name, last_name) VALUES ('600811-0385', 'Charles', 'Dominguez');
INSERT INTO address (person_id, address) VALUES (61, '4555 Eric Plaza, Lake Amanda, SD 94840');
INSERT INTO phone (person_id, phone_number) VALUES (61, '6558470897');
INSERT INTO employee (person_id, job_title_id, department_id, manager_id, salary_history_id) VALUES (61, 1, 2, 53, 61);
INSERT INTO person (personal_number, first_name, last_name) VALUES ('730119-6955', 'Eric', 'Maxwell');
INSERT INTO address (person_id, address) VALUES (62, '68347 Frederick Plaza Suite 649, Amberton, MI 37924');
INSERT INTO phone (person_id, phone_number) VALUES (62, '650-941-8866x9332');
INSERT INTO employee (person_id, job_title_id, department_id, manager_id, salary_history_id) VALUES (62, 3, 1, 15, 62);
INSERT INTO person (personal_number, first_name, last_name) VALUES ('890412-9897', 'Joseph', 'Lloyd');
INSERT INTO address (person_id, address) VALUES (63, 'Unit 6236 Box 1735, DPO AP 20866');
INSERT INTO phone (person_id, phone_number) VALUES (63, '001-797-533-3582x299');
INSERT INTO employee (person_id, job_title_id, department_id, manager_id, salary_history_id) VALUES (63, 1, 2, 38, 63);
INSERT INTO person (personal_number, first_name, last_name) VALUES ('831227-3705', 'Wesley', 'Cruz');
INSERT INTO address (person_id, address) VALUES (64, 'USNV Smith, FPO AE 46578');
INSERT INTO phone (person_id, phone_number) VALUES (64, '8682618636');
INSERT INTO employee (person_id, job_title_id, department_id, manager_id, salary_history_id) VALUES (64, 2, 3, 12, 64);
INSERT INTO person (personal_number, first_name, last_name) VALUES ('500711-1093', 'Jennifer', 'Dean');
INSERT INTO address (person_id, address) VALUES (65, '5288 Mitchell Parkways Apt. 874, Kathrynburgh, PR 35749');
INSERT INTO phone (person_id, phone_number) VALUES (65, '937-670-6778x23273');
INSERT INTO employee (person_id, job_title_id, department_id, manager_id, salary_history_id) VALUES (65, 4, 3, 1, 65);
INSERT INTO person (personal_number, first_name, last_name) VALUES ('740213-9714', 'James', 'Davis');
INSERT INTO address (person_id, address) VALUES (66, '9944 Perez Locks, West Amandaview, CA 74377');
INSERT INTO phone (person_id, phone_number) VALUES (66, '(384)770-7536');
INSERT INTO employee (person_id, job_title_id, department_id, manager_id, salary_history_id) VALUES (66, 4, 1, 15, 66);
INSERT INTO person (personal_number, first_name, last_name) VALUES ('990809-0206', 'Nicholas', 'Carr');
INSERT INTO address (person_id, address) VALUES (67, '632 Mitchell Garden Apt. 895, Ruizmouth, TX 19345');
INSERT INTO phone (person_id, phone_number) VALUES (67, '3552258932');
INSERT INTO employee (person_id, job_title_id, department_id, manager_id, salary_history_id) VALUES (67, 3, 4, 8, 67);
INSERT INTO person (personal_number, first_name, last_name) VALUES ('970120-5655', 'Lisa', 'Barr');
INSERT INTO address (person_id, address) VALUES (68, '869 George Drive, Washingtonland, MD 57112');
INSERT INTO phone (person_id, phone_number) VALUES (68, '401.401.7938');
INSERT INTO employee (person_id, job_title_id, department_id, manager_id, salary_history_id) VALUES (68, 4, 3, 24, 68);
INSERT INTO person (personal_number, first_name, last_name) VALUES ('830122-7859', 'Sara', 'Fisher');
INSERT INTO address (person_id, address) VALUES (69, '1709 Morris Estate Apt. 570, Port Becky, MO 46961');
INSERT INTO phone (person_id, phone_number) VALUES (69, '001-230-556-8394x90619');
INSERT INTO employee (person_id, job_title_id, department_id, manager_id, salary_history_id) VALUES (69, 2, 4, 31, 69);
INSERT INTO person (personal_number, first_name, last_name) VALUES ('840922-0135', 'Desiree', 'Harrison');
INSERT INTO address (person_id, address) VALUES (70, '62766 Mary Mountain, Port Rachelburgh, RI 41430');
INSERT INTO phone (person_id, phone_number) VALUES (70, '+1-276-563-9775x2994');
INSERT INTO employee (person_id, job_title_id, department_id, manager_id, salary_history_id) VALUES (70, 4, 1, 3, 70);
INSERT INTO person (personal_number, first_name, last_name) VALUES ('560220-6206', 'Russell', 'Harper');
INSERT INTO address (person_id, address) VALUES (71, 'PSC 0940, Box 6539, APO AE 36139');
INSERT INTO phone (person_id, phone_number) VALUES (71, '001-479-702-8831x042');
INSERT INTO employee (person_id, job_title_id, department_id, manager_id, salary_history_id) VALUES (71, 5, 2, 61, 71);
INSERT INTO person (personal_number, first_name, last_name) VALUES ('720801-9580', 'Ronald', 'Moore');
INSERT INTO address (person_id, address) VALUES (72, '49112 Michael Row Suite 700, New Lisaport, PR 40669');
INSERT INTO phone (person_id, phone_number) VALUES (72, '476-582-1832x3505');
INSERT INTO employee (person_id, job_title_id, department_id, manager_id, salary_history_id) VALUES (72, 5, 2, 55, 72);
INSERT INTO person (personal_number, first_name, last_name) VALUES ('990811-7296', 'Kyle', 'Salazar');
INSERT INTO address (person_id, address) VALUES (73, '42631 Maria Lodge, East Terrishire, MD 75924');
INSERT INTO phone (person_id, phone_number) VALUES (73, '001-792-845-2227');
INSERT INTO employee (person_id, job_title_id, department_id, manager_id, salary_history_id) VALUES (73, 3, 4, 7, 73);
INSERT INTO person (personal_number, first_name, last_name) VALUES ('980810-6820', 'Andrew', 'Johnson');
INSERT INTO address (person_id, address) VALUES (74, '711 Laura Lodge, South Amy, HI 15791');
INSERT INTO phone (person_id, phone_number) VALUES (74, '293.439.6822x09474');
INSERT INTO employee (person_id, job_title_id, department_id, manager_id, salary_history_id) VALUES (74, 1, 1, 54, 74);
INSERT INTO person (personal_number, first_name, last_name) VALUES ('761122-5519', 'Ashley', 'Gilbert');
INSERT INTO address (person_id, address) VALUES (75, '248 Brandon Forges, North Raymond, WA 53620');
INSERT INTO phone (person_id, phone_number) VALUES (75, '935.737.1705x79924');
INSERT INTO employee (person_id, job_title_id, department_id, manager_id, salary_history_id) VALUES (75, 1, 1, 48, 75);
INSERT INTO person (personal_number, first_name, last_name) VALUES ('860126-6286', 'Alan', 'Vasquez');
INSERT INTO address (person_id, address) VALUES (76, '21108 Michael Pine, East Leahton, IL 00732');
INSERT INTO phone (person_id, phone_number) VALUES (76, '(705)773-6123x32774');
INSERT INTO employee (person_id, job_title_id, department_id, manager_id, salary_history_id) VALUES (76, 1, 3, 54, 76);
INSERT INTO person (personal_number, first_name, last_name) VALUES ('930513-8778', 'Jeffrey', 'Perez');
INSERT INTO address (person_id, address) VALUES (77, '3785 Gregory Extension, Kyleton, NE 54538');
INSERT INTO phone (person_id, phone_number) VALUES (77, '986.673.8223');
INSERT INTO employee (person_id, job_title_id, department_id, manager_id, salary_history_id) VALUES (77, 3, 3, 3, 77);
INSERT INTO person (personal_number, first_name, last_name) VALUES ('730301-7959', 'Ashley', 'Brewer');
INSERT INTO address (person_id, address) VALUES (78, '48418 Cheryl Turnpike, New Adam, AR 12943');
INSERT INTO phone (person_id, phone_number) VALUES (78, '629.608.6148');
INSERT INTO employee (person_id, job_title_id, department_id, manager_id, salary_history_id) VALUES (78, 3, 1, 64, 78);
INSERT INTO person (personal_number, first_name, last_name) VALUES ('820309-4207', 'Bradley', 'Hayes');
INSERT INTO address (person_id, address) VALUES (79, '7938 Martin Parkways Suite 728, South Christian, NM 56429');
INSERT INTO phone (person_id, phone_number) VALUES (79, '626-920-8997x07547');
INSERT INTO employee (person_id, job_title_id, department_id, manager_id, salary_history_id) VALUES (79, 3, 1, 38, 79);
INSERT INTO person (personal_number, first_name, last_name) VALUES ('900726-7030', 'Jim', 'Barr');
INSERT INTO address (person_id, address) VALUES (80, '37996 Sweeney Dale, Port Laurafurt, NM 71175');
INSERT INTO phone (person_id, phone_number) VALUES (80, '577-218-0131');
INSERT INTO employee (person_id, job_title_id, department_id, manager_id, salary_history_id) VALUES (80, 1, 2, 53, 80);
INSERT INTO person (personal_number, first_name, last_name) VALUES ('590923-7873', 'Bill', 'Mcguire');
INSERT INTO address (person_id, address) VALUES (81, '0568 Joseph Groves, Ryanshire, OR 08596');
INSERT INTO phone (person_id, phone_number) VALUES (81, '+1-715-834-2729x376');
INSERT INTO employee (person_id, job_title_id, department_id, manager_id, salary_history_id) VALUES (81, 3, 2, 8, 81);
INSERT INTO person (personal_number, first_name, last_name) VALUES ('971108-7432', 'John', 'Reynolds');
INSERT INTO address (person_id, address) VALUES (82, '7516 Seth Spur, Victortown, DE 62439');
INSERT INTO phone (person_id, phone_number) VALUES (82, '001-205-428-4187x125');
INSERT INTO employee (person_id, job_title_id, department_id, manager_id, salary_history_id) VALUES (82, 2, 3, 75, 82);
INSERT INTO person (personal_number, first_name, last_name) VALUES ('001201-2298', 'Tiffany', 'Watson');
INSERT INTO address (person_id, address) VALUES (83, '54554 Michelle Camp, Barkerfurt, FL 08540');
INSERT INTO phone (person_id, phone_number) VALUES (83, '458.569.1615x75936');
INSERT INTO employee (person_id, job_title_id, department_id, manager_id, salary_history_id) VALUES (83, 1, 3, 57, 83);
INSERT INTO person (personal_number, first_name, last_name) VALUES ('950322-7854', 'Sarah', 'Parker');
INSERT INTO address (person_id, address) VALUES (84, '869 Santos Drive Apt. 630, Davidborough, NC 64297');
INSERT INTO phone (person_id, phone_number) VALUES (84, '219.754.9578x67606');
INSERT INTO employee (person_id, job_title_id, department_id, manager_id, salary_history_id) VALUES (84, 4, 2, 35, 84);
INSERT INTO person (personal_number, first_name, last_name) VALUES ('630526-2112', 'Jackie', 'Mcdonald');
INSERT INTO address (person_id, address) VALUES (85, 'Unit 5403 Box 2742, DPO AA 39983');
INSERT INTO phone (person_id, phone_number) VALUES (85, '+1-489-421-3318x396');
INSERT INTO employee (person_id, job_title_id, department_id, manager_id, salary_history_id) VALUES (85, 4, 3, 15, 85);
INSERT INTO person (personal_number, first_name, last_name) VALUES ('880925-6398', 'Nicole', 'Hodges');
INSERT INTO address (person_id, address) VALUES (86, '86269 Bradshaw Parks, Mccallhaven, NY 38224');
INSERT INTO phone (person_id, phone_number) VALUES (86, '001-263-533-8645x55276');
INSERT INTO employee (person_id, job_title_id, department_id, manager_id, salary_history_id) VALUES (86, 1, 1, 15, 86);
INSERT INTO person (personal_number, first_name, last_name) VALUES ('911214-6297', 'Erin', 'Acosta');
INSERT INTO address (person_id, address) VALUES (87, '922 Denise Course, West Haley, VI 74379');
INSERT INTO phone (person_id, phone_number) VALUES (87, '765-624-6422x9683');
INSERT INTO employee (person_id, job_title_id, department_id, manager_id, salary_history_id) VALUES (87, 3, 1, 11, 87);
INSERT INTO person (personal_number, first_name, last_name) VALUES ('740918-6139', 'Alvin', 'Hanson');
INSERT INTO address (person_id, address) VALUES (88, '017 Gonzalez Turnpike, Bruceburgh, ME 40785');
INSERT INTO phone (person_id, phone_number) VALUES (88, '(501)531-8504');
INSERT INTO employee (person_id, job_title_id, department_id, manager_id, salary_history_id) VALUES (88, 3, 4, 50, 88);
INSERT INTO person (personal_number, first_name, last_name) VALUES ('580420-5119', 'Meagan', 'Martinez');
INSERT INTO address (person_id, address) VALUES (89, '44001 Kayla Neck Suite 144, Lake Patrick, WI 28672');
INSERT INTO phone (person_id, phone_number) VALUES (89, '+1-919-893-3071');
INSERT INTO employee (person_id, job_title_id, department_id, manager_id, salary_history_id) VALUES (89, 4, 3, 79, 89);
INSERT INTO person (personal_number, first_name, last_name) VALUES ('710501-3658', 'Daniel', 'Williams');
INSERT INTO address (person_id, address) VALUES (90, '549 Hannah Mission, Georgechester, NH 42392');
INSERT INTO phone (person_id, phone_number) VALUES (90, '451-831-7908');
INSERT INTO employee (person_id, job_title_id, department_id, manager_id, salary_history_id) VALUES (90, 1, 3, 7, 90);
INSERT INTO person (personal_number, first_name, last_name) VALUES ('711222-3423', 'Miranda', 'Ross');
INSERT INTO address (person_id, address) VALUES (91, '5689 Jackson Lakes Apt. 541, New Susan, NC 80597');
INSERT INTO phone (person_id, phone_number) VALUES (91, '(771)748-9703x71100');
INSERT INTO employee (person_id, job_title_id, department_id, manager_id, salary_history_id) VALUES (91, 3, 3, 8, 91);
INSERT INTO person (personal_number, first_name, last_name) VALUES ('870102-3533', 'Brian', 'Jacobs');
INSERT INTO address (person_id, address) VALUES (92, '479 Daniel Street Apt. 965, East Kennethmouth, MN 51919');
INSERT INTO phone (person_id, phone_number) VALUES (92, '001-300-625-8579x73295');
INSERT INTO employee (person_id, job_title_id, department_id, manager_id, salary_history_id) VALUES (92, 5, 1, 18, 92);
INSERT INTO person (personal_number, first_name, last_name) VALUES ('610214-5769', 'James', 'Meyer');
INSERT INTO address (person_id, address) VALUES (93, '51930 Brianna Courts, Sarahfurt, DE 83153');
INSERT INTO phone (person_id, phone_number) VALUES (93, '(208)296-1359');
INSERT INTO employee (person_id, job_title_id, department_id, manager_id, salary_history_id) VALUES (93, 3, 1, 78, 93);
INSERT INTO person (personal_number, first_name, last_name) VALUES ('741011-3614', 'Jennifer', 'Mosley');
INSERT INTO address (person_id, address) VALUES (94, '5466 Wolf Mount, Rodrigueztown, ID 02082');
INSERT INTO phone (person_id, phone_number) VALUES (94, '(329)590-7518x7981');
INSERT INTO employee (person_id, job_title_id, department_id, manager_id, salary_history_id) VALUES (94, 5, 3, 48, 94);
INSERT INTO person (personal_number, first_name, last_name) VALUES ('621012-7004', 'Brittney', 'Carpenter');
INSERT INTO address (person_id, address) VALUES (95, '42630 Laura Hill Apt. 797, South Brian, NE 19893');
INSERT INTO phone (person_id, phone_number) VALUES (95, '878-343-2486x415');
INSERT INTO employee (person_id, job_title_id, department_id, manager_id, salary_history_id) VALUES (95, 2, 3, 55, 95);
INSERT INTO person (personal_number, first_name, last_name) VALUES ('801004-1817', 'Patrick', 'Madden');
INSERT INTO address (person_id, address) VALUES (96, '9867 Susan Oval, Williamside, OR 79095');
INSERT INTO phone (person_id, phone_number) VALUES (96, '375-895-4027x9402');
INSERT INTO employee (person_id, job_title_id, department_id, manager_id, salary_history_id) VALUES (96, 1, 3, 35, 96);
INSERT INTO person (personal_number, first_name, last_name) VALUES ('700424-1836', 'Rebecca', 'Lee');
INSERT INTO address (person_id, address) VALUES (97, '80823 Kenneth Wells, Martinezchester, HI 64241');
INSERT INTO phone (person_id, phone_number) VALUES (97, '+1-908-622-6509');
INSERT INTO employee (person_id, job_title_id, department_id, manager_id, salary_history_id) VALUES (97, 3, 4, 27, 97);
INSERT INTO person (personal_number, first_name, last_name) VALUES ('971127-8996', 'Emily', 'Mathews');
INSERT INTO address (person_id, address) VALUES (98, '588 Deanna Ports, New Ronald, AR 89752');
INSERT INTO phone (person_id, phone_number) VALUES (98, '+1-672-864-9622x89898');
INSERT INTO employee (person_id, job_title_id, department_id, manager_id, salary_history_id) VALUES (98, 4, 3, 60, 98);
INSERT INTO person (personal_number, first_name, last_name) VALUES ('940925-0996', 'Judy', 'Mullins');
INSERT INTO address (person_id, address) VALUES (99, '8526 Andrew Loaf, Nathanberg, CO 55044');
INSERT INTO phone (person_id, phone_number) VALUES (99, '2844638615');
INSERT INTO employee (person_id, job_title_id, department_id, manager_id, salary_history_id) VALUES (99, 5, 1, 41, 99);
INSERT INTO person (personal_number, first_name, last_name) VALUES ('761223-4414', 'Harold', 'Jones');
INSERT INTO address (person_id, address) VALUES (100, '0723 Andrew Field, Juanview, MH 66700');
INSERT INTO phone (person_id, phone_number) VALUES (100, '(486)613-3146x833');
INSERT INTO employee (person_id, job_title_id, department_id, manager_id, salary_history_id) VALUES (100, 1, 4, 68, 100);

-- Salary History
INSERT INTO salary_history (salary_amount, valid_from, employee_id) VALUES (39527, DATE '2024-01-01', 1);
INSERT INTO salary_history (salary_amount, valid_from, employee_id) VALUES (58066, DATE '2024-01-01', 2);
INSERT INTO salary_history (salary_amount, valid_from, employee_id) VALUES (56791, DATE '2024-01-01', 3);
INSERT INTO salary_history (salary_amount, valid_from, employee_id) VALUES (61901, DATE '2024-01-01', 4);
INSERT INTO salary_history (salary_amount, valid_from, employee_id) VALUES (48019, DATE '2024-01-01', 5);
INSERT INTO salary_history (salary_amount, valid_from, employee_id) VALUES (49937, DATE '2024-01-01', 6);
INSERT INTO salary_history (salary_amount, valid_from, employee_id) VALUES (40410, DATE '2024-01-01', 7);
INSERT INTO salary_history (salary_amount, valid_from, employee_id) VALUES (39650, DATE '2024-01-01', 8);
INSERT INTO salary_history (salary_amount, valid_from, employee_id) VALUES (59596, DATE '2024-01-01', 9);
INSERT INTO salary_history (salary_amount, valid_from, employee_id) VALUES (40396, DATE '2024-01-01', 10);
INSERT INTO salary_history (salary_amount, valid_from, employee_id) VALUES (40785, DATE '2024-01-01', 11);
INSERT INTO salary_history (salary_amount, valid_from, employee_id) VALUES (51261, DATE '2024-01-01', 12);
INSERT INTO salary_history (salary_amount, valid_from, employee_id) VALUES (52508, DATE '2024-01-01', 13);
INSERT INTO salary_history (salary_amount, valid_from, employee_id) VALUES (49498, DATE '2024-01-01', 14);
INSERT INTO salary_history (salary_amount, valid_from, employee_id) VALUES (31036, DATE '2024-01-01', 15);
INSERT INTO salary_history (salary_amount, valid_from, employee_id) VALUES (32661, DATE '2024-01-01', 16);
INSERT INTO salary_history (salary_amount, valid_from, employee_id) VALUES (49623, DATE '2024-01-01', 17);
INSERT INTO salary_history (salary_amount, valid_from, employee_id) VALUES (47023, DATE '2024-01-01', 18);
INSERT INTO salary_history (salary_amount, valid_from, employee_id) VALUES (36788, DATE '2024-01-01', 19);
INSERT INTO salary_history (salary_amount, valid_from, employee_id) VALUES (61132, DATE '2024-01-01', 20);
INSERT INTO salary_history (salary_amount, valid_from, employee_id) VALUES (36919, DATE '2024-01-01', 21);
INSERT INTO salary_history (salary_amount, valid_from, employee_id) VALUES (34420, DATE '2024-01-01', 22);
INSERT INTO salary_history (salary_amount, valid_from, employee_id) VALUES (37632, DATE '2024-01-01', 23);
INSERT INTO salary_history (salary_amount, valid_from, employee_id) VALUES (40976, DATE '2024-01-01', 24);
INSERT INTO salary_history (salary_amount, valid_from, employee_id) VALUES (56106, DATE '2024-01-01', 25);
INSERT INTO salary_history (salary_amount, valid_from, employee_id) VALUES (42336, DATE '2024-01-01', 26);
INSERT INTO salary_history (salary_amount, valid_from, employee_id) VALUES (44837, DATE '2024-01-01', 27);
INSERT INTO salary_history (salary_amount, valid_from, employee_id) VALUES (60090, DATE '2024-01-01', 28);
INSERT INTO salary_history (salary_amount, valid_from, employee_id) VALUES (31955, DATE '2024-01-01', 29);
INSERT INTO salary_history (salary_amount, valid_from, employee_id) VALUES (42829, DATE '2024-01-01', 30);
INSERT INTO salary_history (salary_amount, valid_from, employee_id) VALUES (38925, DATE '2024-01-01', 31);
INSERT INTO salary_history (salary_amount, valid_from, employee_id) VALUES (56493, DATE '2024-01-01', 32);
INSERT INTO salary_history (salary_amount, valid_from, employee_id) VALUES (34508, DATE '2024-01-01', 33);
INSERT INTO salary_history (salary_amount, valid_from, employee_id) VALUES (55384, DATE '2024-01-01', 34);
INSERT INTO salary_history (salary_amount, valid_from, employee_id) VALUES (36941, DATE '2024-01-01', 35);
INSERT INTO salary_history (salary_amount, valid_from, employee_id) VALUES (36042, DATE '2024-01-01', 36);
INSERT INTO salary_history (salary_amount, valid_from, employee_id) VALUES (31648, DATE '2024-01-01', 37);
INSERT INTO salary_history (salary_amount, valid_from, employee_id) VALUES (41508, DATE '2024-01-01', 38);
INSERT INTO salary_history (salary_amount, valid_from, employee_id) VALUES (37216, DATE '2024-01-01', 39);
INSERT INTO salary_history (salary_amount, valid_from, employee_id) VALUES (43720, DATE '2024-01-01', 40);
INSERT INTO salary_history (salary_amount, valid_from, employee_id) VALUES (35459, DATE '2024-01-01', 41);
INSERT INTO salary_history (salary_amount, valid_from, employee_id) VALUES (34926, DATE '2024-01-01', 42);
INSERT INTO salary_history (salary_amount, valid_from, employee_id) VALUES (47126, DATE '2024-01-01', 43);
INSERT INTO salary_history (salary_amount, valid_from, employee_id) VALUES (38878, DATE '2024-01-01', 44);
INSERT INTO salary_history (salary_amount, valid_from, employee_id) VALUES (37315, DATE '2024-01-01', 45);
INSERT INTO salary_history (salary_amount, valid_from, employee_id) VALUES (53185, DATE '2024-01-01', 46);
INSERT INTO salary_history (salary_amount, valid_from, employee_id) VALUES (57110, DATE '2024-01-01', 47);
INSERT INTO salary_history (salary_amount, valid_from, employee_id) VALUES (62714, DATE '2024-01-01', 48);
INSERT INTO salary_history (salary_amount, valid_from, employee_id) VALUES (49152, DATE '2024-01-01', 49);
INSERT INTO salary_history (salary_amount, valid_from, employee_id) VALUES (61730, DATE '2024-01-01', 50);
INSERT INTO salary_history (salary_amount, valid_from, employee_id) VALUES (50323, DATE '2024-01-01', 51);
INSERT INTO salary_history (salary_amount, valid_from, employee_id) VALUES (49568, DATE '2024-01-01', 52);
INSERT INTO salary_history (salary_amount, valid_from, employee_id) VALUES (61440, DATE '2024-01-01', 53);
INSERT INTO salary_history (salary_amount, valid_from, employee_id) VALUES (61139, DATE '2024-01-01', 54);
INSERT INTO salary_history (salary_amount, valid_from, employee_id) VALUES (54513, DATE '2024-01-01', 55);
INSERT INTO salary_history (salary_amount, valid_from, employee_id) VALUES (55803, DATE '2024-01-01', 56);
INSERT INTO salary_history (salary_amount, valid_from, employee_id) VALUES (41806, DATE '2024-01-01', 57);
INSERT INTO salary_history (salary_amount, valid_from, employee_id) VALUES (37426, DATE '2024-01-01', 58);
INSERT INTO salary_history (salary_amount, valid_from, employee_id) VALUES (58798, DATE '2024-01-01', 59);
INSERT INTO salary_history (salary_amount, valid_from, employee_id) VALUES (60390, DATE '2024-01-01', 60);
INSERT INTO salary_history (salary_amount, valid_from, employee_id) VALUES (58172, DATE '2024-01-01', 61);
INSERT INTO salary_history (salary_amount, valid_from, employee_id) VALUES (50843, DATE '2024-01-01', 62);
INSERT INTO salary_history (salary_amount, valid_from, employee_id) VALUES (53865, DATE '2024-01-01', 63);
INSERT INTO salary_history (salary_amount, valid_from, employee_id) VALUES (55121, DATE '2024-01-01', 64);
INSERT INTO salary_history (salary_amount, valid_from, employee_id) VALUES (47634, DATE '2024-01-01', 65);
INSERT INTO salary_history (salary_amount, valid_from, employee_id) VALUES (34652, DATE '2024-01-01', 66);
INSERT INTO salary_history (salary_amount, valid_from, employee_id) VALUES (58915, DATE '2024-01-01', 67);
INSERT INTO salary_history (salary_amount, valid_from, employee_id) VALUES (58398, DATE '2024-01-01', 68);
INSERT INTO salary_history (salary_amount, valid_from, employee_id) VALUES (41351, DATE '2024-01-01', 69);
INSERT INTO salary_history (salary_amount, valid_from, employee_id) VALUES (60068, DATE '2024-01-01', 70);
INSERT INTO salary_history (salary_amount, valid_from, employee_id) VALUES (55273, DATE '2024-01-01', 71);
INSERT INTO salary_history (salary_amount, valid_from, employee_id) VALUES (39953, DATE '2024-01-01', 72);
INSERT INTO salary_history (salary_amount, valid_from, employee_id) VALUES (37056, DATE '2024-01-01', 73);
INSERT INTO salary_history (salary_amount, valid_from, employee_id) VALUES (59178, DATE '2024-01-01', 74);
INSERT INTO salary_history (salary_amount, valid_from, employee_id) VALUES (55624, DATE '2024-01-01', 75);
INSERT INTO salary_history (salary_amount, valid_from, employee_id) VALUES (55824, DATE '2024-01-01', 76);
INSERT INTO salary_history (salary_amount, valid_from, employee_id) VALUES (30655, DATE '2024-01-01', 77);
INSERT INTO salary_history (salary_amount, valid_from, employee_id) VALUES (57758, DATE '2024-01-01', 78);
INSERT INTO salary_history (salary_amount, valid_from, employee_id) VALUES (61753, DATE '2024-01-01', 79);
INSERT INTO salary_history (salary_amount, valid_from, employee_id) VALUES (61913, DATE '2024-01-01', 80);
INSERT INTO salary_history (salary_amount, valid_from, employee_id) VALUES (60150, DATE '2024-01-01', 81);
INSERT INTO salary_history (salary_amount, valid_from, employee_id) VALUES (37586, DATE '2024-01-01', 82);
INSERT INTO salary_history (salary_amount, valid_from, employee_id) VALUES (49836, DATE '2024-01-01', 83);
INSERT INTO salary_history (salary_amount, valid_from, employee_id) VALUES (52902, DATE '2024-01-01', 84);
INSERT INTO salary_history (salary_amount, valid_from, employee_id) VALUES (58579, DATE '2024-01-01', 85);
INSERT INTO salary_history (salary_amount, valid_from, employee_id) VALUES (31688, DATE '2024-01-01', 86);
INSERT INTO salary_history (salary_amount, valid_from, employee_id) VALUES (50679, DATE '2024-01-01', 87);
INSERT INTO salary_history (salary_amount, valid_from, employee_id) VALUES (35781, DATE '2024-01-01', 88);
INSERT INTO salary_history (salary_amount, valid_from, employee_id) VALUES (38556, DATE '2024-01-01', 89);
INSERT INTO salary_history (salary_amount, valid_from, employee_id) VALUES (62728, DATE '2024-01-01', 90);
INSERT INTO salary_history (salary_amount, valid_from, employee_id) VALUES (48484, DATE '2024-01-01', 91);
INSERT INTO salary_history (salary_amount, valid_from, employee_id) VALUES (63288, DATE '2024-01-01', 92);
INSERT INTO salary_history (salary_amount, valid_from, employee_id) VALUES (41970, DATE '2024-01-01', 93);
INSERT INTO salary_history (salary_amount, valid_from, employee_id) VALUES (36470, DATE '2024-01-01', 94);
INSERT INTO salary_history (salary_amount, valid_from, employee_id) VALUES (33832, DATE '2024-01-01', 95);
INSERT INTO salary_history (salary_amount, valid_from, employee_id) VALUES (55143, DATE '2024-01-01', 96);
INSERT INTO salary_history (salary_amount, valid_from, employee_id) VALUES (52160, DATE '2024-01-01', 97);
INSERT INTO salary_history (salary_amount, valid_from, employee_id) VALUES (59903, DATE '2024-01-01', 98);
INSERT INTO salary_history (salary_amount, valid_from, employee_id) VALUES (36233, DATE '2024-01-01', 99);
INSERT INTO salary_history (salary_amount, valid_from, employee_id) VALUES (36326, DATE '2024-01-01', 100);

-- Course Instances
INSERT INTO course_instance (num_students, study_year, course_layout_id) VALUES (15, '2024', 35);
INSERT INTO course_instance (num_students, study_year, course_layout_id) VALUES (74, '2024', 35);
INSERT INTO course_instance (num_students, study_year, course_layout_id) VALUES (46, '2024', 3);
INSERT INTO course_instance (num_students, study_year, course_layout_id) VALUES (65, '2024', 13);
INSERT INTO course_instance (num_students, study_year, course_layout_id) VALUES (68, '2024', 22);
INSERT INTO course_instance (num_students, study_year, course_layout_id) VALUES (78, '2024', 21);
INSERT INTO course_instance (num_students, study_year, course_layout_id) VALUES (16, '2024', 33);
INSERT INTO course_instance (num_students, study_year, course_layout_id) VALUES (16, '2024', 40);
INSERT INTO course_instance (num_students, study_year, course_layout_id) VALUES (64, '2024', 15);
INSERT INTO course_instance (num_students, study_year, course_layout_id) VALUES (50, '2024', 4);
INSERT INTO course_instance (num_students, study_year, course_layout_id) VALUES (47, '2024', 39);
INSERT INTO course_instance (num_students, study_year, course_layout_id) VALUES (25, '2024', 30);
INSERT INTO course_instance (num_students, study_year, course_layout_id) VALUES (59, '2024', 17);
INSERT INTO course_instance (num_students, study_year, course_layout_id) VALUES (23, '2024', 40);
INSERT INTO course_instance (num_students, study_year, course_layout_id) VALUES (27, '2024', 7);
INSERT INTO course_instance (num_students, study_year, course_layout_id) VALUES (74, '2024', 39);
INSERT INTO course_instance (num_students, study_year, course_layout_id) VALUES (71, '2024', 48);
INSERT INTO course_instance (num_students, study_year, course_layout_id) VALUES (46, '2024', 18);
INSERT INTO course_instance (num_students, study_year, course_layout_id) VALUES (55, '2024', 40);
INSERT INTO course_instance (num_students, study_year, course_layout_id) VALUES (78, '2024', 18);
INSERT INTO course_instance (num_students, study_year, course_layout_id) VALUES (44, '2024', 46);
INSERT INTO course_instance (num_students, study_year, course_layout_id) VALUES (49, '2024', 38);
INSERT INTO course_instance (num_students, study_year, course_layout_id) VALUES (36, '2024', 4);
INSERT INTO course_instance (num_students, study_year, course_layout_id) VALUES (70, '2024', 40);
INSERT INTO course_instance (num_students, study_year, course_layout_id) VALUES (74, '2024', 3);
INSERT INTO course_instance (num_students, study_year, course_layout_id) VALUES (27, '2024', 47);
INSERT INTO course_instance (num_students, study_year, course_layout_id) VALUES (55, '2024', 36);
INSERT INTO course_instance (num_students, study_year, course_layout_id) VALUES (26, '2024', 48);
INSERT INTO course_instance (num_students, study_year, course_layout_id) VALUES (18, '2024', 7);
INSERT INTO course_instance (num_students, study_year, course_layout_id) VALUES (62, '2024', 22);
INSERT INTO course_instance (num_students, study_year, course_layout_id) VALUES (31, '2024', 47);
INSERT INTO course_instance (num_students, study_year, course_layout_id) VALUES (46, '2024', 32);
INSERT INTO course_instance (num_students, study_year, course_layout_id) VALUES (23, '2024', 31);
INSERT INTO course_instance (num_students, study_year, course_layout_id) VALUES (18, '2024', 19);
INSERT INTO course_instance (num_students, study_year, course_layout_id) VALUES (67, '2024', 33);
INSERT INTO course_instance (num_students, study_year, course_layout_id) VALUES (60, '2024', 11);
INSERT INTO course_instance (num_students, study_year, course_layout_id) VALUES (44, '2024', 12);
INSERT INTO course_instance (num_students, study_year, course_layout_id) VALUES (26, '2024', 22);
INSERT INTO course_instance (num_students, study_year, course_layout_id) VALUES (45, '2024', 20);
INSERT INTO course_instance (num_students, study_year, course_layout_id) VALUES (54, '2024', 48);
INSERT INTO course_instance (num_students, study_year, course_layout_id) VALUES (17, '2024', 7);
INSERT INTO course_instance (num_students, study_year, course_layout_id) VALUES (75, '2024', 2);
INSERT INTO course_instance (num_students, study_year, course_layout_id) VALUES (41, '2024', 19);
INSERT INTO course_instance (num_students, study_year, course_layout_id) VALUES (34, '2024', 30);
INSERT INTO course_instance (num_students, study_year, course_layout_id) VALUES (58, '2024', 28);
INSERT INTO course_instance (num_students, study_year, course_layout_id) VALUES (73, '2024', 3);
INSERT INTO course_instance (num_students, study_year, course_layout_id) VALUES (28, '2024', 9);
INSERT INTO course_instance (num_students, study_year, course_layout_id) VALUES (74, '2024', 19);
INSERT INTO course_instance (num_students, study_year, course_layout_id) VALUES (25, '2024', 3);
INSERT INTO course_instance (num_students, study_year, course_layout_id) VALUES (18, '2024', 48);
INSERT INTO course_instance (num_students, study_year, course_layout_id) VALUES (60, '2024', 9);
INSERT INTO course_instance (num_students, study_year, course_layout_id) VALUES (39, '2024', 29);
INSERT INTO course_instance (num_students, study_year, course_layout_id) VALUES (44, '2024', 7);
INSERT INTO course_instance (num_students, study_year, course_layout_id) VALUES (48, '2024', 22);
INSERT INTO course_instance (num_students, study_year, course_layout_id) VALUES (30, '2024', 3);
INSERT INTO course_instance (num_students, study_year, course_layout_id) VALUES (38, '2024', 38);
INSERT INTO course_instance (num_students, study_year, course_layout_id) VALUES (59, '2024', 19);
INSERT INTO course_instance (num_students, study_year, course_layout_id) VALUES (53, '2024', 39);
INSERT INTO course_instance (num_students, study_year, course_layout_id) VALUES (76, '2024', 25);
INSERT INTO course_instance (num_students, study_year, course_layout_id) VALUES (28, '2024', 31);
INSERT INTO course_instance (num_students, study_year, course_layout_id) VALUES (69, '2024', 47);
INSERT INTO course_instance (num_students, study_year, course_layout_id) VALUES (57, '2024', 19);
INSERT INTO course_instance (num_students, study_year, course_layout_id) VALUES (63, '2024', 20);
INSERT INTO course_instance (num_students, study_year, course_layout_id) VALUES (31, '2024', 47);
INSERT INTO course_instance (num_students, study_year, course_layout_id) VALUES (19, '2024', 4);
INSERT INTO course_instance (num_students, study_year, course_layout_id) VALUES (48, '2024', 9);
INSERT INTO course_instance (num_students, study_year, course_layout_id) VALUES (58, '2024', 12);
INSERT INTO course_instance (num_students, study_year, course_layout_id) VALUES (44, '2024', 30);
INSERT INTO course_instance (num_students, study_year, course_layout_id) VALUES (29, '2024', 47);
INSERT INTO course_instance (num_students, study_year, course_layout_id) VALUES (56, '2024', 30);
INSERT INTO course_instance (num_students, study_year, course_layout_id) VALUES (55, '2024', 48);
INSERT INTO course_instance (num_students, study_year, course_layout_id) VALUES (79, '2024', 23);
INSERT INTO course_instance (num_students, study_year, course_layout_id) VALUES (27, '2024', 7);
INSERT INTO course_instance (num_students, study_year, course_layout_id) VALUES (62, '2024', 41);
INSERT INTO course_instance (num_students, study_year, course_layout_id) VALUES (35, '2024', 45);
INSERT INTO course_instance (num_students, study_year, course_layout_id) VALUES (73, '2024', 7);
INSERT INTO course_instance (num_students, study_year, course_layout_id) VALUES (67, '2024', 40);
INSERT INTO course_instance (num_students, study_year, course_layout_id) VALUES (32, '2024', 48);
INSERT INTO course_instance (num_students, study_year, course_layout_id) VALUES (37, '2024', 44);
INSERT INTO course_instance (num_students, study_year, course_layout_id) VALUES (61, '2024', 27);
INSERT INTO course_instance (num_students, study_year, course_layout_id) VALUES (46, '2024', 1);
INSERT INTO course_instance (num_students, study_year, course_layout_id) VALUES (78, '2024', 26);
INSERT INTO course_instance (num_students, study_year, course_layout_id) VALUES (44, '2024', 18);
INSERT INTO course_instance (num_students, study_year, course_layout_id) VALUES (67, '2024', 16);
INSERT INTO course_instance (num_students, study_year, course_layout_id) VALUES (35, '2024', 9);
INSERT INTO course_instance (num_students, study_year, course_layout_id) VALUES (15, '2024', 17);
INSERT INTO course_instance (num_students, study_year, course_layout_id) VALUES (57, '2024', 49);
INSERT INTO course_instance (num_students, study_year, course_layout_id) VALUES (27, '2024', 2);
INSERT INTO course_instance (num_students, study_year, course_layout_id) VALUES (40, '2024', 24);
INSERT INTO course_instance (num_students, study_year, course_layout_id) VALUES (26, '2024', 13);
INSERT INTO course_instance (num_students, study_year, course_layout_id) VALUES (42, '2024', 2);
INSERT INTO course_instance (num_students, study_year, course_layout_id) VALUES (72, '2024', 34);
INSERT INTO course_instance (num_students, study_year, course_layout_id) VALUES (50, '2024', 2);
INSERT INTO course_instance (num_students, study_year, course_layout_id) VALUES (33, '2024', 45);
INSERT INTO course_instance (num_students, study_year, course_layout_id) VALUES (80, '2024', 37);
INSERT INTO course_instance (num_students, study_year, course_layout_id) VALUES (73, '2024', 37);
INSERT INTO course_instance (num_students, study_year, course_layout_id) VALUES (26, '2024', 49);
INSERT INTO course_instance (num_students, study_year, course_layout_id) VALUES (25, '2024', 34);
INSERT INTO course_instance (num_students, study_year, course_layout_id) VALUES (56, '2024', 31);
INSERT INTO course_instance (num_students, study_year, course_layout_id) VALUES (54, '2024', 18);

-- Course Instance Periods
INSERT INTO course_instance_period (study_period_id) VALUES (1);
INSERT INTO course_instance_period (study_period_id) VALUES (2);
INSERT INTO course_instance_period (study_period_id) VALUES (4);
INSERT INTO course_instance_period (study_period_id) VALUES (3);
INSERT INTO course_instance_period (study_period_id) VALUES (2);
INSERT INTO course_instance_period (study_period_id) VALUES (3);
INSERT INTO course_instance_period (study_period_id) VALUES (1);
INSERT INTO course_instance_period (study_period_id) VALUES (4);
INSERT INTO course_instance_period (study_period_id) VALUES (2);
INSERT INTO course_instance_period (study_period_id) VALUES (4);
INSERT INTO course_instance_period (study_period_id) VALUES (4);
INSERT INTO course_instance_period (study_period_id) VALUES (4);
INSERT INTO course_instance_period (study_period_id) VALUES (1);
INSERT INTO course_instance_period (study_period_id) VALUES (1);
INSERT INTO course_instance_period (study_period_id) VALUES (3);
INSERT INTO course_instance_period (study_period_id) VALUES (1);
INSERT INTO course_instance_period (study_period_id) VALUES (2);
INSERT INTO course_instance_period (study_period_id) VALUES (2);
INSERT INTO course_instance_period (study_period_id) VALUES (4);
INSERT INTO course_instance_period (study_period_id) VALUES (3);
INSERT INTO course_instance_period (study_period_id) VALUES (2);
INSERT INTO course_instance_period (study_period_id) VALUES (2);
INSERT INTO course_instance_period (study_period_id) VALUES (1);
INSERT INTO course_instance_period (study_period_id) VALUES (2);
INSERT INTO course_instance_period (study_period_id) VALUES (4);
INSERT INTO course_instance_period (study_period_id) VALUES (4);
INSERT INTO course_instance_period (study_period_id) VALUES (3);
INSERT INTO course_instance_period (study_period_id) VALUES (4);
INSERT INTO course_instance_period (study_period_id) VALUES (4);
INSERT INTO course_instance_period (study_period_id) VALUES (3);
INSERT INTO course_instance_period (study_period_id) VALUES (2);
INSERT INTO course_instance_period (study_period_id) VALUES (3);
INSERT INTO course_instance_period (study_period_id) VALUES (3);
INSERT INTO course_instance_period (study_period_id) VALUES (1);
INSERT INTO course_instance_period (study_period_id) VALUES (3);
INSERT INTO course_instance_period (study_period_id) VALUES (1);
INSERT INTO course_instance_period (study_period_id) VALUES (2);
INSERT INTO course_instance_period (study_period_id) VALUES (4);
INSERT INTO course_instance_period (study_period_id) VALUES (2);
INSERT INTO course_instance_period (study_period_id) VALUES (2);
INSERT INTO course_instance_period (study_period_id) VALUES (4);
INSERT INTO course_instance_period (study_period_id) VALUES (4);
INSERT INTO course_instance_period (study_period_id) VALUES (2);
INSERT INTO course_instance_period (study_period_id) VALUES (3);
INSERT INTO course_instance_period (study_period_id) VALUES (4);
INSERT INTO course_instance_period (study_period_id) VALUES (2);
INSERT INTO course_instance_period (study_period_id) VALUES (2);
INSERT INTO course_instance_period (study_period_id) VALUES (1);
INSERT INTO course_instance_period (study_period_id) VALUES (1);
INSERT INTO course_instance_period (study_period_id) VALUES (3);
INSERT INTO course_instance_period (study_period_id) VALUES (4);
INSERT INTO course_instance_period (study_period_id) VALUES (1);
INSERT INTO course_instance_period (study_period_id) VALUES (1);
INSERT INTO course_instance_period (study_period_id) VALUES (4);
INSERT INTO course_instance_period (study_period_id) VALUES (3);
INSERT INTO course_instance_period (study_period_id) VALUES (2);
INSERT INTO course_instance_period (study_period_id) VALUES (3);
INSERT INTO course_instance_period (study_period_id) VALUES (2);
INSERT INTO course_instance_period (study_period_id) VALUES (4);
INSERT INTO course_instance_period (study_period_id) VALUES (4);
INSERT INTO course_instance_period (study_period_id) VALUES (2);
INSERT INTO course_instance_period (study_period_id) VALUES (2);
INSERT INTO course_instance_period (study_period_id) VALUES (2);
INSERT INTO course_instance_period (study_period_id) VALUES (4);
INSERT INTO course_instance_period (study_period_id) VALUES (4);
INSERT INTO course_instance_period (study_period_id) VALUES (3);
INSERT INTO course_instance_period (study_period_id) VALUES (4);
INSERT INTO course_instance_period (study_period_id) VALUES (3);
INSERT INTO course_instance_period (study_period_id) VALUES (4);
INSERT INTO course_instance_period (study_period_id) VALUES (4);
INSERT INTO course_instance_period (study_period_id) VALUES (2);
INSERT INTO course_instance_period (study_period_id) VALUES (1);
INSERT INTO course_instance_period (study_period_id) VALUES (4);
INSERT INTO course_instance_period (study_period_id) VALUES (2);
INSERT INTO course_instance_period (study_period_id) VALUES (1);
INSERT INTO course_instance_period (study_period_id) VALUES (1);
INSERT INTO course_instance_period (study_period_id) VALUES (3);
INSERT INTO course_instance_period (study_period_id) VALUES (2);
INSERT INTO course_instance_period (study_period_id) VALUES (2);
INSERT INTO course_instance_period (study_period_id) VALUES (1);
INSERT INTO course_instance_period (study_period_id) VALUES (1);
INSERT INTO course_instance_period (study_period_id) VALUES (1);
INSERT INTO course_instance_period (study_period_id) VALUES (1);
INSERT INTO course_instance_period (study_period_id) VALUES (4);
INSERT INTO course_instance_period (study_period_id) VALUES (2);
INSERT INTO course_instance_period (study_period_id) VALUES (1);
INSERT INTO course_instance_period (study_period_id) VALUES (2);
INSERT INTO course_instance_period (study_period_id) VALUES (4);
INSERT INTO course_instance_period (study_period_id) VALUES (3);
INSERT INTO course_instance_period (study_period_id) VALUES (1);
INSERT INTO course_instance_period (study_period_id) VALUES (1);
INSERT INTO course_instance_period (study_period_id) VALUES (2);
INSERT INTO course_instance_period (study_period_id) VALUES (3);
INSERT INTO course_instance_period (study_period_id) VALUES (1);
INSERT INTO course_instance_period (study_period_id) VALUES (1);
INSERT INTO course_instance_period (study_period_id) VALUES (2);
INSERT INTO course_instance_period (study_period_id) VALUES (1);
INSERT INTO course_instance_period (study_period_id) VALUES (3);
INSERT INTO course_instance_period (study_period_id) VALUES (3);
INSERT INTO course_instance_period (study_period_id) VALUES (4);

-- Employee Skills
INSERT INTO employee_skill (employee_id, skill_id) VALUES (1, 2);
INSERT INTO employee_skill (employee_id, skill_id) VALUES (1, 6);
INSERT INTO employee_skill (employee_id, skill_id) VALUES (1, 1);
INSERT INTO employee_skill (employee_id, skill_id) VALUES (2, 7);
INSERT INTO employee_skill (employee_id, skill_id) VALUES (2, 1);
INSERT INTO employee_skill (employee_id, skill_id) VALUES (2, 2);
INSERT INTO employee_skill (employee_id, skill_id) VALUES (3, 3);
INSERT INTO employee_skill (employee_id, skill_id) VALUES (3, 6);
INSERT INTO employee_skill (employee_id, skill_id) VALUES (4, 1);
INSERT INTO employee_skill (employee_id, skill_id) VALUES (5, 7);
INSERT INTO employee_skill (employee_id, skill_id) VALUES (5, 2);
INSERT INTO employee_skill (employee_id, skill_id) VALUES (5, 4);
INSERT INTO employee_skill (employee_id, skill_id) VALUES (6, 3);
INSERT INTO employee_skill (employee_id, skill_id) VALUES (7, 1);
INSERT INTO employee_skill (employee_id, skill_id) VALUES (7, 7);
INSERT INTO employee_skill (employee_id, skill_id) VALUES (8, 5);
INSERT INTO employee_skill (employee_id, skill_id) VALUES (9, 2);
INSERT INTO employee_skill (employee_id, skill_id) VALUES (9, 7);
INSERT INTO employee_skill (employee_id, skill_id) VALUES (10, 6);
INSERT INTO employee_skill (employee_id, skill_id) VALUES (11, 7);
INSERT INTO employee_skill (employee_id, skill_id) VALUES (12, 5);
INSERT INTO employee_skill (employee_id, skill_id) VALUES (13, 4);
INSERT INTO employee_skill (employee_id, skill_id) VALUES (13, 1);
INSERT INTO employee_skill (employee_id, skill_id) VALUES (13, 7);
INSERT INTO employee_skill (employee_id, skill_id) VALUES (14, 2);
INSERT INTO employee_skill (employee_id, skill_id) VALUES (14, 7);
INSERT INTO employee_skill (employee_id, skill_id) VALUES (14, 3);
INSERT INTO employee_skill (employee_id, skill_id) VALUES (15, 5);
INSERT INTO employee_skill (employee_id, skill_id) VALUES (16, 1);
INSERT INTO employee_skill (employee_id, skill_id) VALUES (17, 6);
INSERT INTO employee_skill (employee_id, skill_id) VALUES (18, 3);
INSERT INTO employee_skill (employee_id, skill_id) VALUES (18, 5);
INSERT INTO employee_skill (employee_id, skill_id) VALUES (18, 7);
INSERT INTO employee_skill (employee_id, skill_id) VALUES (19, 4);
INSERT INTO employee_skill (employee_id, skill_id) VALUES (19, 2);
INSERT INTO employee_skill (employee_id, skill_id) VALUES (20, 2);
INSERT INTO employee_skill (employee_id, skill_id) VALUES (21, 3);
INSERT INTO employee_skill (employee_id, skill_id) VALUES (22, 4);
INSERT INTO employee_skill (employee_id, skill_id) VALUES (22, 5);
INSERT INTO employee_skill (employee_id, skill_id) VALUES (22, 7);
INSERT INTO employee_skill (employee_id, skill_id) VALUES (23, 2);
INSERT INTO employee_skill (employee_id, skill_id) VALUES (23, 6);
INSERT INTO employee_skill (employee_id, skill_id) VALUES (24, 1);
INSERT INTO employee_skill (employee_id, skill_id) VALUES (24, 5);
INSERT INTO employee_skill (employee_id, skill_id) VALUES (25, 4);
INSERT INTO employee_skill (employee_id, skill_id) VALUES (26, 6);
INSERT INTO employee_skill (employee_id, skill_id) VALUES (26, 1);
INSERT INTO employee_skill (employee_id, skill_id) VALUES (26, 3);
INSERT INTO employee_skill (employee_id, skill_id) VALUES (27, 4);
INSERT INTO employee_skill (employee_id, skill_id) VALUES (28, 3);
INSERT INTO employee_skill (employee_id, skill_id) VALUES (29, 1);
INSERT INTO employee_skill (employee_id, skill_id) VALUES (29, 5);
INSERT INTO employee_skill (employee_id, skill_id) VALUES (30, 3);
INSERT INTO employee_skill (employee_id, skill_id) VALUES (31, 4);
INSERT INTO employee_skill (employee_id, skill_id) VALUES (31, 7);
INSERT INTO employee_skill (employee_id, skill_id) VALUES (32, 1);
INSERT INTO employee_skill (employee_id, skill_id) VALUES (32, 5);
INSERT INTO employee_skill (employee_id, skill_id) VALUES (33, 2);
INSERT INTO employee_skill (employee_id, skill_id) VALUES (34, 2);
INSERT INTO employee_skill (employee_id, skill_id) VALUES (35, 4);
INSERT INTO employee_skill (employee_id, skill_id) VALUES (36, 1);
INSERT INTO employee_skill (employee_id, skill_id) VALUES (36, 6);
INSERT INTO employee_skill (employee_id, skill_id) VALUES (36, 7);
INSERT INTO employee_skill (employee_id, skill_id) VALUES (37, 6);
INSERT INTO employee_skill (employee_id, skill_id) VALUES (38, 2);
INSERT INTO employee_skill (employee_id, skill_id) VALUES (39, 4);
INSERT INTO employee_skill (employee_id, skill_id) VALUES (39, 3);
INSERT INTO employee_skill (employee_id, skill_id) VALUES (40, 4);
INSERT INTO employee_skill (employee_id, skill_id) VALUES (40, 7);
INSERT INTO employee_skill (employee_id, skill_id) VALUES (40, 2);
INSERT INTO employee_skill (employee_id, skill_id) VALUES (41, 7);
INSERT INTO employee_skill (employee_id, skill_id) VALUES (41, 5);
INSERT INTO employee_skill (employee_id, skill_id) VALUES (41, 2);
INSERT INTO employee_skill (employee_id, skill_id) VALUES (42, 3);
INSERT INTO employee_skill (employee_id, skill_id) VALUES (42, 7);
INSERT INTO employee_skill (employee_id, skill_id) VALUES (42, 1);
INSERT INTO employee_skill (employee_id, skill_id) VALUES (43, 1);
INSERT INTO employee_skill (employee_id, skill_id) VALUES (43, 2);
INSERT INTO employee_skill (employee_id, skill_id) VALUES (43, 7);
INSERT INTO employee_skill (employee_id, skill_id) VALUES (44, 3);
INSERT INTO employee_skill (employee_id, skill_id) VALUES (45, 1);
INSERT INTO employee_skill (employee_id, skill_id) VALUES (46, 6);
INSERT INTO employee_skill (employee_id, skill_id) VALUES (46, 2);
INSERT INTO employee_skill (employee_id, skill_id) VALUES (46, 1);
INSERT INTO employee_skill (employee_id, skill_id) VALUES (47, 3);
INSERT INTO employee_skill (employee_id, skill_id) VALUES (47, 4);
INSERT INTO employee_skill (employee_id, skill_id) VALUES (47, 7);
INSERT INTO employee_skill (employee_id, skill_id) VALUES (48, 2);
INSERT INTO employee_skill (employee_id, skill_id) VALUES (49, 6);
INSERT INTO employee_skill (employee_id, skill_id) VALUES (50, 1);
INSERT INTO employee_skill (employee_id, skill_id) VALUES (50, 7);
INSERT INTO employee_skill (employee_id, skill_id) VALUES (51, 6);
INSERT INTO employee_skill (employee_id, skill_id) VALUES (52, 3);
INSERT INTO employee_skill (employee_id, skill_id) VALUES (52, 6);
INSERT INTO employee_skill (employee_id, skill_id) VALUES (52, 5);
INSERT INTO employee_skill (employee_id, skill_id) VALUES (53, 5);
INSERT INTO employee_skill (employee_id, skill_id) VALUES (53, 7);
INSERT INTO employee_skill (employee_id, skill_id) VALUES (54, 5);
INSERT INTO employee_skill (employee_id, skill_id) VALUES (54, 1);
INSERT INTO employee_skill (employee_id, skill_id) VALUES (55, 5);
INSERT INTO employee_skill (employee_id, skill_id) VALUES (56, 5);
INSERT INTO employee_skill (employee_id, skill_id) VALUES (56, 4);
INSERT INTO employee_skill (employee_id, skill_id) VALUES (56, 1);
INSERT INTO employee_skill (employee_id, skill_id) VALUES (57, 6);
INSERT INTO employee_skill (employee_id, skill_id) VALUES (58, 6);
INSERT INTO employee_skill (employee_id, skill_id) VALUES (58, 2);
INSERT INTO employee_skill (employee_id, skill_id) VALUES (58, 3);
INSERT INTO employee_skill (employee_id, skill_id) VALUES (59, 3);
INSERT INTO employee_skill (employee_id, skill_id) VALUES (60, 1);
INSERT INTO employee_skill (employee_id, skill_id) VALUES (60, 5);
INSERT INTO employee_skill (employee_id, skill_id) VALUES (60, 4);
INSERT INTO employee_skill (employee_id, skill_id) VALUES (61, 5);
INSERT INTO employee_skill (employee_id, skill_id) VALUES (61, 7);
INSERT INTO employee_skill (employee_id, skill_id) VALUES (61, 1);
INSERT INTO employee_skill (employee_id, skill_id) VALUES (62, 4);
INSERT INTO employee_skill (employee_id, skill_id) VALUES (63, 7);
INSERT INTO employee_skill (employee_id, skill_id) VALUES (63, 6);
INSERT INTO employee_skill (employee_id, skill_id) VALUES (64, 4);
INSERT INTO employee_skill (employee_id, skill_id) VALUES (64, 5);
INSERT INTO employee_skill (employee_id, skill_id) VALUES (65, 5);
INSERT INTO employee_skill (employee_id, skill_id) VALUES (65, 7);
INSERT INTO employee_skill (employee_id, skill_id) VALUES (65, 3);
INSERT INTO employee_skill (employee_id, skill_id) VALUES (66, 7);
INSERT INTO employee_skill (employee_id, skill_id) VALUES (67, 7);
INSERT INTO employee_skill (employee_id, skill_id) VALUES (67, 5);
INSERT INTO employee_skill (employee_id, skill_id) VALUES (67, 2);
INSERT INTO employee_skill (employee_id, skill_id) VALUES (68, 2);
INSERT INTO employee_skill (employee_id, skill_id) VALUES (68, 1);
INSERT INTO employee_skill (employee_id, skill_id) VALUES (68, 4);
INSERT INTO employee_skill (employee_id, skill_id) VALUES (69, 7);
INSERT INTO employee_skill (employee_id, skill_id) VALUES (70, 4);
INSERT INTO employee_skill (employee_id, skill_id) VALUES (71, 5);
INSERT INTO employee_skill (employee_id, skill_id) VALUES (72, 5);
INSERT INTO employee_skill (employee_id, skill_id) VALUES (72, 1);
INSERT INTO employee_skill (employee_id, skill_id) VALUES (73, 3);
INSERT INTO employee_skill (employee_id, skill_id) VALUES (74, 4);
INSERT INTO employee_skill (employee_id, skill_id) VALUES (74, 3);
INSERT INTO employee_skill (employee_id, skill_id) VALUES (74, 1);
INSERT INTO employee_skill (employee_id, skill_id) VALUES (75, 1);
INSERT INTO employee_skill (employee_id, skill_id) VALUES (75, 3);
INSERT INTO employee_skill (employee_id, skill_id) VALUES (76, 4);
INSERT INTO employee_skill (employee_id, skill_id) VALUES (77, 4);
INSERT INTO employee_skill (employee_id, skill_id) VALUES (77, 5);
INSERT INTO employee_skill (employee_id, skill_id) VALUES (78, 3);
INSERT INTO employee_skill (employee_id, skill_id) VALUES (78, 6);
INSERT INTO employee_skill (employee_id, skill_id) VALUES (78, 1);
INSERT INTO employee_skill (employee_id, skill_id) VALUES (79, 3);
INSERT INTO employee_skill (employee_id, skill_id) VALUES (79, 4);
INSERT INTO employee_skill (employee_id, skill_id) VALUES (80, 2);
INSERT INTO employee_skill (employee_id, skill_id) VALUES (80, 1);
INSERT INTO employee_skill (employee_id, skill_id) VALUES (81, 2);
INSERT INTO employee_skill (employee_id, skill_id) VALUES (81, 5);
INSERT INTO employee_skill (employee_id, skill_id) VALUES (82, 1);
INSERT INTO employee_skill (employee_id, skill_id) VALUES (83, 2);
INSERT INTO employee_skill (employee_id, skill_id) VALUES (83, 1);
INSERT INTO employee_skill (employee_id, skill_id) VALUES (83, 4);
INSERT INTO employee_skill (employee_id, skill_id) VALUES (84, 2);
INSERT INTO employee_skill (employee_id, skill_id) VALUES (85, 3);
INSERT INTO employee_skill (employee_id, skill_id) VALUES (85, 1);
INSERT INTO employee_skill (employee_id, skill_id) VALUES (86, 4);
INSERT INTO employee_skill (employee_id, skill_id) VALUES (86, 5);
INSERT INTO employee_skill (employee_id, skill_id) VALUES (86, 1);
INSERT INTO employee_skill (employee_id, skill_id) VALUES (87, 6);
INSERT INTO employee_skill (employee_id, skill_id) VALUES (87, 7);
INSERT INTO employee_skill (employee_id, skill_id) VALUES (87, 5);
INSERT INTO employee_skill (employee_id, skill_id) VALUES (88, 4);
INSERT INTO employee_skill (employee_id, skill_id) VALUES (89, 5);
INSERT INTO employee_skill (employee_id, skill_id) VALUES (89, 4);
INSERT INTO employee_skill (employee_id, skill_id) VALUES (90, 1);
INSERT INTO employee_skill (employee_id, skill_id) VALUES (90, 3);
INSERT INTO employee_skill (employee_id, skill_id) VALUES (90, 6);
INSERT INTO employee_skill (employee_id, skill_id) VALUES (91, 3);
INSERT INTO employee_skill (employee_id, skill_id) VALUES (92, 3);
INSERT INTO employee_skill (employee_id, skill_id) VALUES (93, 5);
INSERT INTO employee_skill (employee_id, skill_id) VALUES (94, 7);
INSERT INTO employee_skill (employee_id, skill_id) VALUES (95, 6);
INSERT INTO employee_skill (employee_id, skill_id) VALUES (95, 7);
INSERT INTO employee_skill (employee_id, skill_id) VALUES (95, 3);
INSERT INTO employee_skill (employee_id, skill_id) VALUES (96, 7);
INSERT INTO employee_skill (employee_id, skill_id) VALUES (96, 1);
INSERT INTO employee_skill (employee_id, skill_id) VALUES (96, 6);
INSERT INTO employee_skill (employee_id, skill_id) VALUES (97, 2);
INSERT INTO employee_skill (employee_id, skill_id) VALUES (97, 3);
INSERT INTO employee_skill (employee_id, skill_id) VALUES (97, 6);
INSERT INTO employee_skill (employee_id, skill_id) VALUES (98, 5);
INSERT INTO employee_skill (employee_id, skill_id) VALUES (98, 4);
INSERT INTO employee_skill (employee_id, skill_id) VALUES (98, 2);
INSERT INTO employee_skill (employee_id, skill_id) VALUES (99, 4);
INSERT INTO employee_skill (employee_id, skill_id) VALUES (100, 3);
INSERT INTO employee_skill (employee_id, skill_id) VALUES (100, 5);
INSERT INTO employee_skill (employee_id, skill_id) VALUES (100, 7);

-- Planned Activities
INSERT INTO planned_activity (teaching_activity_id, course_instance_id, study_period_id, planned_hours) VALUES (1, 1, 1, 45);
INSERT INTO planned_activity (teaching_activity_id, course_instance_id, study_period_id, planned_hours) VALUES (3, 2, 2, 14);
INSERT INTO planned_activity (teaching_activity_id, course_instance_id, study_period_id, planned_hours) VALUES (4, 3, 4, 49);
INSERT INTO planned_activity (teaching_activity_id, course_instance_id, study_period_id, planned_hours) VALUES (2, 4, 3, 23);
INSERT INTO planned_activity (teaching_activity_id, course_instance_id, study_period_id, planned_hours) VALUES (2, 5, 2, 49);
INSERT INTO planned_activity (teaching_activity_id, course_instance_id, study_period_id, planned_hours) VALUES (2, 6, 3, 43);
INSERT INTO planned_activity (teaching_activity_id, course_instance_id, study_period_id, planned_hours) VALUES (1, 7, 1, 22);
INSERT INTO planned_activity (teaching_activity_id, course_instance_id, study_period_id, planned_hours) VALUES (1, 8, 4, 38);
INSERT INTO planned_activity (teaching_activity_id, course_instance_id, study_period_id, planned_hours) VALUES (2, 9, 2, 17);
INSERT INTO planned_activity (teaching_activity_id, course_instance_id, study_period_id, planned_hours) VALUES (2, 10, 4, 33);
INSERT INTO planned_activity (teaching_activity_id, course_instance_id, study_period_id, planned_hours) VALUES (4, 11, 4, 24);
INSERT INTO planned_activity (teaching_activity_id, course_instance_id, study_period_id, planned_hours) VALUES (2, 12, 4, 48);
INSERT INTO planned_activity (teaching_activity_id, course_instance_id, study_period_id, planned_hours) VALUES (3, 13, 1, 17);
INSERT INTO planned_activity (teaching_activity_id, course_instance_id, study_period_id, planned_hours) VALUES (4, 14, 1, 30);
INSERT INTO planned_activity (teaching_activity_id, course_instance_id, study_period_id, planned_hours) VALUES (3, 15, 3, 48);
INSERT INTO planned_activity (teaching_activity_id, course_instance_id, study_period_id, planned_hours) VALUES (4, 16, 1, 15);
INSERT INTO planned_activity (teaching_activity_id, course_instance_id, study_period_id, planned_hours) VALUES (3, 17, 2, 20);
INSERT INTO planned_activity (teaching_activity_id, course_instance_id, study_period_id, planned_hours) VALUES (2, 18, 2, 38);
INSERT INTO planned_activity (teaching_activity_id, course_instance_id, study_period_id, planned_hours) VALUES (2, 19, 4, 20);
INSERT INTO planned_activity (teaching_activity_id, course_instance_id, study_period_id, planned_hours) VALUES (3, 20, 3, 41);
INSERT INTO planned_activity (teaching_activity_id, course_instance_id, study_period_id, planned_hours) VALUES (1, 21, 2, 24);
INSERT INTO planned_activity (teaching_activity_id, course_instance_id, study_period_id, planned_hours) VALUES (1, 22, 2, 50);
INSERT INTO planned_activity (teaching_activity_id, course_instance_id, study_period_id, planned_hours) VALUES (1, 23, 1, 16);
INSERT INTO planned_activity (teaching_activity_id, course_instance_id, study_period_id, planned_hours) VALUES (3, 24, 2, 38);
INSERT INTO planned_activity (teaching_activity_id, course_instance_id, study_period_id, planned_hours) VALUES (1, 25, 4, 37);
INSERT INTO planned_activity (teaching_activity_id, course_instance_id, study_period_id, planned_hours) VALUES (2, 26, 4, 39);
INSERT INTO planned_activity (teaching_activity_id, course_instance_id, study_period_id, planned_hours) VALUES (4, 27, 3, 19);
INSERT INTO planned_activity (teaching_activity_id, course_instance_id, study_period_id, planned_hours) VALUES (4, 28, 4, 20);
INSERT INTO planned_activity (teaching_activity_id, course_instance_id, study_period_id, planned_hours) VALUES (2, 29, 4, 21);
INSERT INTO planned_activity (teaching_activity_id, course_instance_id, study_period_id, planned_hours) VALUES (3, 30, 3, 41);
INSERT INTO planned_activity (teaching_activity_id, course_instance_id, study_period_id, planned_hours) VALUES (2, 31, 2, 37);
INSERT INTO planned_activity (teaching_activity_id, course_instance_id, study_period_id, planned_hours) VALUES (4, 32, 3, 40);
INSERT INTO planned_activity (teaching_activity_id, course_instance_id, study_period_id, planned_hours) VALUES (4, 33, 3, 45);
INSERT INTO planned_activity (teaching_activity_id, course_instance_id, study_period_id, planned_hours) VALUES (2, 34, 1, 14);
INSERT INTO planned_activity (teaching_activity_id, course_instance_id, study_period_id, planned_hours) VALUES (3, 35, 3, 19);
INSERT INTO planned_activity (teaching_activity_id, course_instance_id, study_period_id, planned_hours) VALUES (4, 36, 1, 44);
INSERT INTO planned_activity (teaching_activity_id, course_instance_id, study_period_id, planned_hours) VALUES (3, 37, 2, 11);
INSERT INTO planned_activity (teaching_activity_id, course_instance_id, study_period_id, planned_hours) VALUES (4, 38, 4, 15);
INSERT INTO planned_activity (teaching_activity_id, course_instance_id, study_period_id, planned_hours) VALUES (4, 39, 2, 27);
INSERT INTO planned_activity (teaching_activity_id, course_instance_id, study_period_id, planned_hours) VALUES (1, 40, 2, 34);
INSERT INTO planned_activity (teaching_activity_id, course_instance_id, study_period_id, planned_hours) VALUES (3, 41, 4, 34);
INSERT INTO planned_activity (teaching_activity_id, course_instance_id, study_period_id, planned_hours) VALUES (3, 42, 4, 38);
INSERT INTO planned_activity (teaching_activity_id, course_instance_id, study_period_id, planned_hours) VALUES (4, 43, 2, 27);
INSERT INTO planned_activity (teaching_activity_id, course_instance_id, study_period_id, planned_hours) VALUES (4, 44, 3, 28);
INSERT INTO planned_activity (teaching_activity_id, course_instance_id, study_period_id, planned_hours) VALUES (3, 45, 4, 42);
INSERT INTO planned_activity (teaching_activity_id, course_instance_id, study_period_id, planned_hours) VALUES (1, 46, 2, 32);
INSERT INTO planned_activity (teaching_activity_id, course_instance_id, study_period_id, planned_hours) VALUES (4, 47, 2, 35);
INSERT INTO planned_activity (teaching_activity_id, course_instance_id, study_period_id, planned_hours) VALUES (2, 48, 1, 23);
INSERT INTO planned_activity (teaching_activity_id, course_instance_id, study_period_id, planned_hours) VALUES (1, 49, 1, 16);
INSERT INTO planned_activity (teaching_activity_id, course_instance_id, study_period_id, planned_hours) VALUES (4, 50, 3, 50);
INSERT INTO planned_activity (teaching_activity_id, course_instance_id, study_period_id, planned_hours) VALUES (4, 51, 4, 29);
INSERT INTO planned_activity (teaching_activity_id, course_instance_id, study_period_id, planned_hours) VALUES (2, 52, 1, 14);
INSERT INTO planned_activity (teaching_activity_id, course_instance_id, study_period_id, planned_hours) VALUES (3, 53, 1, 50);
INSERT INTO planned_activity (teaching_activity_id, course_instance_id, study_period_id, planned_hours) VALUES (4, 54, 4, 50);
INSERT INTO planned_activity (teaching_activity_id, course_instance_id, study_period_id, planned_hours) VALUES (1, 55, 3, 43);
INSERT INTO planned_activity (teaching_activity_id, course_instance_id, study_period_id, planned_hours) VALUES (4, 56, 2, 34);
INSERT INTO planned_activity (teaching_activity_id, course_instance_id, study_period_id, planned_hours) VALUES (1, 57, 3, 29);
INSERT INTO planned_activity (teaching_activity_id, course_instance_id, study_period_id, planned_hours) VALUES (4, 58, 2, 15);
INSERT INTO planned_activity (teaching_activity_id, course_instance_id, study_period_id, planned_hours) VALUES (3, 59, 4, 47);
INSERT INTO planned_activity (teaching_activity_id, course_instance_id, study_period_id, planned_hours) VALUES (1, 60, 4, 40);
INSERT INTO planned_activity (teaching_activity_id, course_instance_id, study_period_id, planned_hours) VALUES (4, 61, 2, 42);
INSERT INTO planned_activity (teaching_activity_id, course_instance_id, study_period_id, planned_hours) VALUES (4, 62, 2, 36);
INSERT INTO planned_activity (teaching_activity_id, course_instance_id, study_period_id, planned_hours) VALUES (3, 63, 2, 11);
INSERT INTO planned_activity (teaching_activity_id, course_instance_id, study_period_id, planned_hours) VALUES (2, 64, 4, 26);
INSERT INTO planned_activity (teaching_activity_id, course_instance_id, study_period_id, planned_hours) VALUES (1, 65, 4, 16);
INSERT INTO planned_activity (teaching_activity_id, course_instance_id, study_period_id, planned_hours) VALUES (1, 66, 3, 36);
INSERT INTO planned_activity (teaching_activity_id, course_instance_id, study_period_id, planned_hours) VALUES (3, 67, 4, 15);
INSERT INTO planned_activity (teaching_activity_id, course_instance_id, study_period_id, planned_hours) VALUES (2, 68, 3, 21);
INSERT INTO planned_activity (teaching_activity_id, course_instance_id, study_period_id, planned_hours) VALUES (2, 69, 4, 22);
INSERT INTO planned_activity (teaching_activity_id, course_instance_id, study_period_id, planned_hours) VALUES (2, 70, 4, 34);
INSERT INTO planned_activity (teaching_activity_id, course_instance_id, study_period_id, planned_hours) VALUES (4, 71, 2, 42);
INSERT INTO planned_activity (teaching_activity_id, course_instance_id, study_period_id, planned_hours) VALUES (2, 72, 1, 18);
INSERT INTO planned_activity (teaching_activity_id, course_instance_id, study_period_id, planned_hours) VALUES (4, 73, 4, 16);
INSERT INTO planned_activity (teaching_activity_id, course_instance_id, study_period_id, planned_hours) VALUES (4, 74, 2, 37);
INSERT INTO planned_activity (teaching_activity_id, course_instance_id, study_period_id, planned_hours) VALUES (2, 75, 1, 42);
INSERT INTO planned_activity (teaching_activity_id, course_instance_id, study_period_id, planned_hours) VALUES (2, 76, 1, 35);
INSERT INTO planned_activity (teaching_activity_id, course_instance_id, study_period_id, planned_hours) VALUES (2, 77, 3, 26);
INSERT INTO planned_activity (teaching_activity_id, course_instance_id, study_period_id, planned_hours) VALUES (3, 78, 2, 33);
INSERT INTO planned_activity (teaching_activity_id, course_instance_id, study_period_id, planned_hours) VALUES (4, 79, 2, 29);
INSERT INTO planned_activity (teaching_activity_id, course_instance_id, study_period_id, planned_hours) VALUES (3, 80, 1, 18);
INSERT INTO planned_activity (teaching_activity_id, course_instance_id, study_period_id, planned_hours) VALUES (4, 81, 1, 13);
INSERT INTO planned_activity (teaching_activity_id, course_instance_id, study_period_id, planned_hours) VALUES (4, 82, 1, 23);
INSERT INTO planned_activity (teaching_activity_id, course_instance_id, study_period_id, planned_hours) VALUES (1, 83, 1, 35);
INSERT INTO planned_activity (teaching_activity_id, course_instance_id, study_period_id, planned_hours) VALUES (2, 84, 4, 23);
INSERT INTO planned_activity (teaching_activity_id, course_instance_id, study_period_id, planned_hours) VALUES (2, 85, 2, 39);
INSERT INTO planned_activity (teaching_activity_id, course_instance_id, study_period_id, planned_hours) VALUES (4, 86, 1, 39);
INSERT INTO planned_activity (teaching_activity_id, course_instance_id, study_period_id, planned_hours) VALUES (2, 87, 2, 19);
INSERT INTO planned_activity (teaching_activity_id, course_instance_id, study_period_id, planned_hours) VALUES (2, 88, 4, 27);
INSERT INTO planned_activity (teaching_activity_id, course_instance_id, study_period_id, planned_hours) VALUES (3, 89, 3, 29);
INSERT INTO planned_activity (teaching_activity_id, course_instance_id, study_period_id, planned_hours) VALUES (4, 90, 1, 17);
INSERT INTO planned_activity (teaching_activity_id, course_instance_id, study_period_id, planned_hours) VALUES (4, 91, 1, 11);
INSERT INTO planned_activity (teaching_activity_id, course_instance_id, study_period_id, planned_hours) VALUES (1, 92, 2, 32);
INSERT INTO planned_activity (teaching_activity_id, course_instance_id, study_period_id, planned_hours) VALUES (1, 93, 3, 45);
INSERT INTO planned_activity (teaching_activity_id, course_instance_id, study_period_id, planned_hours) VALUES (2, 94, 1, 43);
INSERT INTO planned_activity (teaching_activity_id, course_instance_id, study_period_id, planned_hours) VALUES (1, 95, 1, 41);
INSERT INTO planned_activity (teaching_activity_id, course_instance_id, study_period_id, planned_hours) VALUES (4, 96, 2, 45);
INSERT INTO planned_activity (teaching_activity_id, course_instance_id, study_period_id, planned_hours) VALUES (3, 97, 1, 24);
INSERT INTO planned_activity (teaching_activity_id, course_instance_id, study_period_id, planned_hours) VALUES (4, 98, 3, 24);
INSERT INTO planned_activity (teaching_activity_id, course_instance_id, study_period_id, planned_hours) VALUES (2, 99, 3, 47);
INSERT INTO planned_activity (teaching_activity_id, course_instance_id, study_period_id, planned_hours) VALUES (2, 100, 4, 48);

-- Activity Allocations
INSERT INTO activity_allocation (employee_id, teaching_activity_id, course_instance_id, study_period_id) VALUES (27, 1, 1, 1);
INSERT INTO activity_allocation (employee_id, teaching_activity_id, course_instance_id, study_period_id) VALUES (95, 1, 1, 1);
INSERT INTO activity_allocation (employee_id, teaching_activity_id, course_instance_id, study_period_id) VALUES (23, 3, 2, 2);
INSERT INTO activity_allocation (employee_id, teaching_activity_id, course_instance_id, study_period_id) VALUES (63, 3, 2, 2);
INSERT INTO activity_allocation (employee_id, teaching_activity_id, course_instance_id, study_period_id) VALUES (80, 3, 2, 2);
INSERT INTO activity_allocation (employee_id, teaching_activity_id, course_instance_id, study_period_id) VALUES (40, 4, 3, 4);
INSERT INTO activity_allocation (employee_id, teaching_activity_id, course_instance_id, study_period_id) VALUES (95, 4, 3, 4);
INSERT INTO activity_allocation (employee_id, teaching_activity_id, course_instance_id, study_period_id) VALUES (21, 2, 4, 3);
INSERT INTO activity_allocation (employee_id, teaching_activity_id, course_instance_id, study_period_id) VALUES (90, 2, 4, 3);
INSERT INTO activity_allocation (employee_id, teaching_activity_id, course_instance_id, study_period_id) VALUES (85, 2, 4, 3);
INSERT INTO activity_allocation (employee_id, teaching_activity_id, course_instance_id, study_period_id) VALUES (60, 2, 4, 3);
INSERT INTO activity_allocation (employee_id, teaching_activity_id, course_instance_id, study_period_id) VALUES (4, 2, 4, 3);
INSERT INTO activity_allocation (employee_id, teaching_activity_id, course_instance_id, study_period_id) VALUES (41, 2, 5, 2);
INSERT INTO activity_allocation (employee_id, teaching_activity_id, course_instance_id, study_period_id) VALUES (93, 2, 5, 2);
INSERT INTO activity_allocation (employee_id, teaching_activity_id, course_instance_id, study_period_id) VALUES (95, 2, 5, 2);
INSERT INTO activity_allocation (employee_id, teaching_activity_id, course_instance_id, study_period_id) VALUES (11, 2, 6, 3);
INSERT INTO activity_allocation (employee_id, teaching_activity_id, course_instance_id, study_period_id) VALUES (76, 2, 6, 3);
INSERT INTO activity_allocation (employee_id, teaching_activity_id, course_instance_id, study_period_id) VALUES (57, 2, 6, 3);
INSERT INTO activity_allocation (employee_id, teaching_activity_id, course_instance_id, study_period_id) VALUES (77, 1, 7, 1);
INSERT INTO activity_allocation (employee_id, teaching_activity_id, course_instance_id, study_period_id) VALUES (16, 1, 7, 1);
INSERT INTO activity_allocation (employee_id, teaching_activity_id, course_instance_id, study_period_id) VALUES (89, 1, 8, 4);
INSERT INTO activity_allocation (employee_id, teaching_activity_id, course_instance_id, study_period_id) VALUES (68, 1, 8, 4);
INSERT INTO activity_allocation (employee_id, teaching_activity_id, course_instance_id, study_period_id) VALUES (2, 1, 8, 4);
INSERT INTO activity_allocation (employee_id, teaching_activity_id, course_instance_id, study_period_id) VALUES (24, 2, 9, 2);
INSERT INTO activity_allocation (employee_id, teaching_activity_id, course_instance_id, study_period_id) VALUES (2, 2, 9, 2);
INSERT INTO activity_allocation (employee_id, teaching_activity_id, course_instance_id, study_period_id) VALUES (4, 2, 9, 2);
INSERT INTO activity_allocation (employee_id, teaching_activity_id, course_instance_id, study_period_id) VALUES (21, 2, 9, 2);
INSERT INTO activity_allocation (employee_id, teaching_activity_id, course_instance_id, study_period_id) VALUES (22, 2, 9, 2);
INSERT INTO activity_allocation (employee_id, teaching_activity_id, course_instance_id, study_period_id) VALUES (41, 2, 10, 4);
INSERT INTO activity_allocation (employee_id, teaching_activity_id, course_instance_id, study_period_id) VALUES (69, 2, 10, 4);
INSERT INTO activity_allocation (employee_id, teaching_activity_id, course_instance_id, study_period_id) VALUES (74, 2, 10, 4);
INSERT INTO activity_allocation (employee_id, teaching_activity_id, course_instance_id, study_period_id) VALUES (59, 4, 11, 4);
INSERT INTO activity_allocation (employee_id, teaching_activity_id, course_instance_id, study_period_id) VALUES (49, 4, 11, 4);
INSERT INTO activity_allocation (employee_id, teaching_activity_id, course_instance_id, study_period_id) VALUES (16, 4, 11, 4);
INSERT INTO activity_allocation (employee_id, teaching_activity_id, course_instance_id, study_period_id) VALUES (34, 2, 12, 4);
INSERT INTO activity_allocation (employee_id, teaching_activity_id, course_instance_id, study_period_id) VALUES (43, 2, 12, 4);
INSERT INTO activity_allocation (employee_id, teaching_activity_id, course_instance_id, study_period_id) VALUES (77, 2, 12, 4);
INSERT INTO activity_allocation (employee_id, teaching_activity_id, course_instance_id, study_period_id) VALUES (29, 2, 12, 4);
INSERT INTO activity_allocation (employee_id, teaching_activity_id, course_instance_id, study_period_id) VALUES (28, 3, 13, 1);
INSERT INTO activity_allocation (employee_id, teaching_activity_id, course_instance_id, study_period_id) VALUES (32, 3, 13, 1);
INSERT INTO activity_allocation (employee_id, teaching_activity_id, course_instance_id, study_period_id) VALUES (74, 3, 13, 1);
INSERT INTO activity_allocation (employee_id, teaching_activity_id, course_instance_id, study_period_id) VALUES (17, 3, 13, 1);
INSERT INTO activity_allocation (employee_id, teaching_activity_id, course_instance_id, study_period_id) VALUES (43, 4, 14, 1);
INSERT INTO activity_allocation (employee_id, teaching_activity_id, course_instance_id, study_period_id) VALUES (64, 4, 14, 1);
INSERT INTO activity_allocation (employee_id, teaching_activity_id, course_instance_id, study_period_id) VALUES (6, 4, 14, 1);
INSERT INTO activity_allocation (employee_id, teaching_activity_id, course_instance_id, study_period_id) VALUES (65, 3, 15, 3);
INSERT INTO activity_allocation (employee_id, teaching_activity_id, course_instance_id, study_period_id) VALUES (26, 3, 15, 3);
INSERT INTO activity_allocation (employee_id, teaching_activity_id, course_instance_id, study_period_id) VALUES (54, 3, 15, 3);
INSERT INTO activity_allocation (employee_id, teaching_activity_id, course_instance_id, study_period_id) VALUES (45, 4, 16, 1);
INSERT INTO activity_allocation (employee_id, teaching_activity_id, course_instance_id, study_period_id) VALUES (19, 4, 16, 1);
INSERT INTO activity_allocation (employee_id, teaching_activity_id, course_instance_id, study_period_id) VALUES (32, 4, 16, 1);
INSERT INTO activity_allocation (employee_id, teaching_activity_id, course_instance_id, study_period_id) VALUES (44, 3, 17, 2);
INSERT INTO activity_allocation (employee_id, teaching_activity_id, course_instance_id, study_period_id) VALUES (73, 3, 17, 2);
INSERT INTO activity_allocation (employee_id, teaching_activity_id, course_instance_id, study_period_id) VALUES (86, 3, 17, 2);
INSERT INTO activity_allocation (employee_id, teaching_activity_id, course_instance_id, study_period_id) VALUES (57, 2, 18, 2);
INSERT INTO activity_allocation (employee_id, teaching_activity_id, course_instance_id, study_period_id) VALUES (89, 2, 18, 2);
INSERT INTO activity_allocation (employee_id, teaching_activity_id, course_instance_id, study_period_id) VALUES (99, 2, 18, 2);
INSERT INTO activity_allocation (employee_id, teaching_activity_id, course_instance_id, study_period_id) VALUES (33, 2, 18, 2);
INSERT INTO activity_allocation (employee_id, teaching_activity_id, course_instance_id, study_period_id) VALUES (37, 2, 18, 2);
INSERT INTO activity_allocation (employee_id, teaching_activity_id, course_instance_id, study_period_id) VALUES (13, 2, 19, 4);
INSERT INTO activity_allocation (employee_id, teaching_activity_id, course_instance_id, study_period_id) VALUES (73, 2, 19, 4);
INSERT INTO activity_allocation (employee_id, teaching_activity_id, course_instance_id, study_period_id) VALUES (87, 2, 19, 4);
INSERT INTO activity_allocation (employee_id, teaching_activity_id, course_instance_id, study_period_id) VALUES (51, 3, 20, 3);
INSERT INTO activity_allocation (employee_id, teaching_activity_id, course_instance_id, study_period_id) VALUES (18, 3, 20, 3);
INSERT INTO activity_allocation (employee_id, teaching_activity_id, course_instance_id, study_period_id) VALUES (65, 1, 21, 2);
INSERT INTO activity_allocation (employee_id, teaching_activity_id, course_instance_id, study_period_id) VALUES (90, 1, 21, 2);
INSERT INTO activity_allocation (employee_id, teaching_activity_id, course_instance_id, study_period_id) VALUES (73, 1, 21, 2);
INSERT INTO activity_allocation (employee_id, teaching_activity_id, course_instance_id, study_period_id) VALUES (27, 1, 22, 2);
INSERT INTO activity_allocation (employee_id, teaching_activity_id, course_instance_id, study_period_id) VALUES (22, 1, 22, 2);
INSERT INTO activity_allocation (employee_id, teaching_activity_id, course_instance_id, study_period_id) VALUES (52, 1, 22, 2);
INSERT INTO activity_allocation (employee_id, teaching_activity_id, course_instance_id, study_period_id) VALUES (86, 1, 22, 2);
INSERT INTO activity_allocation (employee_id, teaching_activity_id, course_instance_id, study_period_id) VALUES (4, 1, 23, 1);
INSERT INTO activity_allocation (employee_id, teaching_activity_id, course_instance_id, study_period_id) VALUES (17, 1, 23, 1);
INSERT INTO activity_allocation (employee_id, teaching_activity_id, course_instance_id, study_period_id) VALUES (38, 3, 24, 2);
INSERT INTO activity_allocation (employee_id, teaching_activity_id, course_instance_id, study_period_id) VALUES (36, 3, 24, 2);
INSERT INTO activity_allocation (employee_id, teaching_activity_id, course_instance_id, study_period_id) VALUES (3, 3, 24, 2);
INSERT INTO activity_allocation (employee_id, teaching_activity_id, course_instance_id, study_period_id) VALUES (86, 3, 24, 2);
INSERT INTO activity_allocation (employee_id, teaching_activity_id, course_instance_id, study_period_id) VALUES (48, 1, 25, 4);
INSERT INTO activity_allocation (employee_id, teaching_activity_id, course_instance_id, study_period_id) VALUES (31, 1, 25, 4);
INSERT INTO activity_allocation (employee_id, teaching_activity_id, course_instance_id, study_period_id) VALUES (77, 1, 25, 4);
INSERT INTO activity_allocation (employee_id, teaching_activity_id, course_instance_id, study_period_id) VALUES (34, 1, 25, 4);
INSERT INTO activity_allocation (employee_id, teaching_activity_id, course_instance_id, study_period_id) VALUES (98, 1, 25, 4);
INSERT INTO activity_allocation (employee_id, teaching_activity_id, course_instance_id, study_period_id) VALUES (69, 1, 25, 4);
INSERT INTO activity_allocation (employee_id, teaching_activity_id, course_instance_id, study_period_id) VALUES (57, 2, 26, 4);
INSERT INTO activity_allocation (employee_id, teaching_activity_id, course_instance_id, study_period_id) VALUES (17, 2, 26, 4);
INSERT INTO activity_allocation (employee_id, teaching_activity_id, course_instance_id, study_period_id) VALUES (90, 4, 27, 3);
INSERT INTO activity_allocation (employee_id, teaching_activity_id, course_instance_id, study_period_id) VALUES (65, 4, 27, 3);
INSERT INTO activity_allocation (employee_id, teaching_activity_id, course_instance_id, study_period_id) VALUES (24, 4, 27, 3);
INSERT INTO activity_allocation (employee_id, teaching_activity_id, course_instance_id, study_period_id) VALUES (50, 4, 28, 4);
INSERT INTO activity_allocation (employee_id, teaching_activity_id, course_instance_id, study_period_id) VALUES (24, 4, 28, 4);
INSERT INTO activity_allocation (employee_id, teaching_activity_id, course_instance_id, study_period_id) VALUES (97, 4, 28, 4);
INSERT INTO activity_allocation (employee_id, teaching_activity_id, course_instance_id, study_period_id) VALUES (69, 2, 29, 4);
INSERT INTO activity_allocation (employee_id, teaching_activity_id, course_instance_id, study_period_id) VALUES (68, 2, 29, 4);
INSERT INTO activity_allocation (employee_id, teaching_activity_id, course_instance_id, study_period_id) VALUES (76, 2, 29, 4);
INSERT INTO activity_allocation (employee_id, teaching_activity_id, course_instance_id, study_period_id) VALUES (92, 3, 30, 3);
INSERT INTO activity_allocation (employee_id, teaching_activity_id, course_instance_id, study_period_id) VALUES (97, 3, 30, 3);
INSERT INTO activity_allocation (employee_id, teaching_activity_id, course_instance_id, study_period_id) VALUES (83, 3, 30, 3);
INSERT INTO activity_allocation (employee_id, teaching_activity_id, course_instance_id, study_period_id) VALUES (21, 3, 30, 3);
INSERT INTO activity_allocation (employee_id, teaching_activity_id, course_instance_id, study_period_id) VALUES (39, 3, 30, 3);
INSERT INTO activity_allocation (employee_id, teaching_activity_id, course_instance_id, study_period_id) VALUES (46, 3, 30, 3);
INSERT INTO activity_allocation (employee_id, teaching_activity_id, course_instance_id, study_period_id) VALUES (27, 2, 31, 2);
INSERT INTO activity_allocation (employee_id, teaching_activity_id, course_instance_id, study_period_id) VALUES (37, 2, 31, 2);
INSERT INTO activity_allocation (employee_id, teaching_activity_id, course_instance_id, study_period_id) VALUES (66, 4, 32, 3);
INSERT INTO activity_allocation (employee_id, teaching_activity_id, course_instance_id, study_period_id) VALUES (48, 4, 32, 3);
INSERT INTO activity_allocation (employee_id, teaching_activity_id, course_instance_id, study_period_id) VALUES (28, 4, 32, 3);
INSERT INTO activity_allocation (employee_id, teaching_activity_id, course_instance_id, study_period_id) VALUES (74, 4, 33, 3);
INSERT INTO activity_allocation (employee_id, teaching_activity_id, course_instance_id, study_period_id) VALUES (29, 4, 33, 3);
INSERT INTO activity_allocation (employee_id, teaching_activity_id, course_instance_id, study_period_id) VALUES (100, 4, 33, 3);
INSERT INTO activity_allocation (employee_id, teaching_activity_id, course_instance_id, study_period_id) VALUES (84, 4, 33, 3);
INSERT INTO activity_allocation (employee_id, teaching_activity_id, course_instance_id, study_period_id) VALUES (95, 2, 34, 1);
INSERT INTO activity_allocation (employee_id, teaching_activity_id, course_instance_id, study_period_id) VALUES (33, 2, 34, 1);
INSERT INTO activity_allocation (employee_id, teaching_activity_id, course_instance_id, study_period_id) VALUES (17, 2, 34, 1);
INSERT INTO activity_allocation (employee_id, teaching_activity_id, course_instance_id, study_period_id) VALUES (34, 2, 34, 1);
INSERT INTO activity_allocation (employee_id, teaching_activity_id, course_instance_id, study_period_id) VALUES (11, 2, 34, 1);
INSERT INTO activity_allocation (employee_id, teaching_activity_id, course_instance_id, study_period_id) VALUES (9, 2, 34, 1);
INSERT INTO activity_allocation (employee_id, teaching_activity_id, course_instance_id, study_period_id) VALUES (76, 3, 35, 3);
INSERT INTO activity_allocation (employee_id, teaching_activity_id, course_instance_id, study_period_id) VALUES (8, 3, 35, 3);
INSERT INTO activity_allocation (employee_id, teaching_activity_id, course_instance_id, study_period_id) VALUES (83, 4, 36, 1);
INSERT INTO activity_allocation (employee_id, teaching_activity_id, course_instance_id, study_period_id) VALUES (68, 4, 36, 1);
INSERT INTO activity_allocation (employee_id, teaching_activity_id, course_instance_id, study_period_id) VALUES (42, 3, 37, 2);
INSERT INTO activity_allocation (employee_id, teaching_activity_id, course_instance_id, study_period_id) VALUES (89, 3, 37, 2);
INSERT INTO activity_allocation (employee_id, teaching_activity_id, course_instance_id, study_period_id) VALUES (9, 3, 37, 2);
INSERT INTO activity_allocation (employee_id, teaching_activity_id, course_instance_id, study_period_id) VALUES (56, 4, 38, 4);
INSERT INTO activity_allocation (employee_id, teaching_activity_id, course_instance_id, study_period_id) VALUES (26, 4, 38, 4);
INSERT INTO activity_allocation (employee_id, teaching_activity_id, course_instance_id, study_period_id) VALUES (44, 4, 38, 4);
INSERT INTO activity_allocation (employee_id, teaching_activity_id, course_instance_id, study_period_id) VALUES (11, 4, 38, 4);
INSERT INTO activity_allocation (employee_id, teaching_activity_id, course_instance_id, study_period_id) VALUES (42, 4, 38, 4);
INSERT INTO activity_allocation (employee_id, teaching_activity_id, course_instance_id, study_period_id) VALUES (39, 4, 39, 2);
INSERT INTO activity_allocation (employee_id, teaching_activity_id, course_instance_id, study_period_id) VALUES (56, 4, 39, 2);
INSERT INTO activity_allocation (employee_id, teaching_activity_id, course_instance_id, study_period_id) VALUES (34, 1, 40, 2);
INSERT INTO activity_allocation (employee_id, teaching_activity_id, course_instance_id, study_period_id) VALUES (33, 1, 40, 2);
INSERT INTO activity_allocation (employee_id, teaching_activity_id, course_instance_id, study_period_id) VALUES (38, 1, 40, 2);
INSERT INTO activity_allocation (employee_id, teaching_activity_id, course_instance_id, study_period_id) VALUES (41, 1, 40, 2);
INSERT INTO activity_allocation (employee_id, teaching_activity_id, course_instance_id, study_period_id) VALUES (2, 1, 40, 2);
INSERT INTO activity_allocation (employee_id, teaching_activity_id, course_instance_id, study_period_id) VALUES (56, 3, 41, 4);
INSERT INTO activity_allocation (employee_id, teaching_activity_id, course_instance_id, study_period_id) VALUES (96, 3, 41, 4);
INSERT INTO activity_allocation (employee_id, teaching_activity_id, course_instance_id, study_period_id) VALUES (35, 3, 41, 4);
INSERT INTO activity_allocation (employee_id, teaching_activity_id, course_instance_id, study_period_id) VALUES (3, 3, 42, 4);
INSERT INTO activity_allocation (employee_id, teaching_activity_id, course_instance_id, study_period_id) VALUES (69, 4, 43, 2);
INSERT INTO activity_allocation (employee_id, teaching_activity_id, course_instance_id, study_period_id) VALUES (98, 4, 43, 2);
INSERT INTO activity_allocation (employee_id, teaching_activity_id, course_instance_id, study_period_id) VALUES (79, 4, 43, 2);
INSERT INTO activity_allocation (employee_id, teaching_activity_id, course_instance_id, study_period_id) VALUES (14, 4, 43, 2);
INSERT INTO activity_allocation (employee_id, teaching_activity_id, course_instance_id, study_period_id) VALUES (52, 4, 44, 3);
INSERT INTO activity_allocation (employee_id, teaching_activity_id, course_instance_id, study_period_id) VALUES (93, 4, 44, 3);
INSERT INTO activity_allocation (employee_id, teaching_activity_id, course_instance_id, study_period_id) VALUES (46, 4, 44, 3);
INSERT INTO activity_allocation (employee_id, teaching_activity_id, course_instance_id, study_period_id) VALUES (24, 3, 45, 4);
INSERT INTO activity_allocation (employee_id, teaching_activity_id, course_instance_id, study_period_id) VALUES (22, 3, 45, 4);
INSERT INTO activity_allocation (employee_id, teaching_activity_id, course_instance_id, study_period_id) VALUES (79, 3, 45, 4);
INSERT INTO activity_allocation (employee_id, teaching_activity_id, course_instance_id, study_period_id) VALUES (33, 3, 45, 4);
INSERT INTO activity_allocation (employee_id, teaching_activity_id, course_instance_id, study_period_id) VALUES (34, 1, 46, 2);
INSERT INTO activity_allocation (employee_id, teaching_activity_id, course_instance_id, study_period_id) VALUES (66, 1, 46, 2);
INSERT INTO activity_allocation (employee_id, teaching_activity_id, course_instance_id, study_period_id) VALUES (9, 4, 47, 2);
INSERT INTO activity_allocation (employee_id, teaching_activity_id, course_instance_id, study_period_id) VALUES (25, 4, 47, 2);
INSERT INTO activity_allocation (employee_id, teaching_activity_id, course_instance_id, study_period_id) VALUES (75, 4, 47, 2);
INSERT INTO activity_allocation (employee_id, teaching_activity_id, course_instance_id, study_period_id) VALUES (66, 4, 47, 2);
INSERT INTO activity_allocation (employee_id, teaching_activity_id, course_instance_id, study_period_id) VALUES (33, 2, 48, 1);
INSERT INTO activity_allocation (employee_id, teaching_activity_id, course_instance_id, study_period_id) VALUES (77, 2, 48, 1);
INSERT INTO activity_allocation (employee_id, teaching_activity_id, course_instance_id, study_period_id) VALUES (95, 2, 48, 1);
INSERT INTO activity_allocation (employee_id, teaching_activity_id, course_instance_id, study_period_id) VALUES (8, 2, 48, 1);
INSERT INTO activity_allocation (employee_id, teaching_activity_id, course_instance_id, study_period_id) VALUES (53, 1, 49, 1);
INSERT INTO activity_allocation (employee_id, teaching_activity_id, course_instance_id, study_period_id) VALUES (61, 1, 49, 1);
INSERT INTO activity_allocation (employee_id, teaching_activity_id, course_instance_id, study_period_id) VALUES (28, 1, 49, 1);
INSERT INTO activity_allocation (employee_id, teaching_activity_id, course_instance_id, study_period_id) VALUES (59, 4, 50, 3);
INSERT INTO activity_allocation (employee_id, teaching_activity_id, course_instance_id, study_period_id) VALUES (3, 4, 51, 4);
INSERT INTO activity_allocation (employee_id, teaching_activity_id, course_instance_id, study_period_id) VALUES (87, 4, 51, 4);
INSERT INTO activity_allocation (employee_id, teaching_activity_id, course_instance_id, study_period_id) VALUES (23, 2, 52, 1);
INSERT INTO activity_allocation (employee_id, teaching_activity_id, course_instance_id, study_period_id) VALUES (83, 2, 52, 1);
INSERT INTO activity_allocation (employee_id, teaching_activity_id, course_instance_id, study_period_id) VALUES (93, 2, 52, 1);
INSERT INTO activity_allocation (employee_id, teaching_activity_id, course_instance_id, study_period_id) VALUES (76, 3, 53, 1);
INSERT INTO activity_allocation (employee_id, teaching_activity_id, course_instance_id, study_period_id) VALUES (27, 3, 53, 1);
INSERT INTO activity_allocation (employee_id, teaching_activity_id, course_instance_id, study_period_id) VALUES (54, 3, 53, 1);
INSERT INTO activity_allocation (employee_id, teaching_activity_id, course_instance_id, study_period_id) VALUES (88, 3, 53, 1);
INSERT INTO activity_allocation (employee_id, teaching_activity_id, course_instance_id, study_period_id) VALUES (82, 4, 54, 4);
INSERT INTO activity_allocation (employee_id, teaching_activity_id, course_instance_id, study_period_id) VALUES (33, 4, 54, 4);
INSERT INTO activity_allocation (employee_id, teaching_activity_id, course_instance_id, study_period_id) VALUES (12, 4, 54, 4);
INSERT INTO activity_allocation (employee_id, teaching_activity_id, course_instance_id, study_period_id) VALUES (57, 4, 54, 4);
INSERT INTO activity_allocation (employee_id, teaching_activity_id, course_instance_id, study_period_id) VALUES (79, 4, 54, 4);
INSERT INTO activity_allocation (employee_id, teaching_activity_id, course_instance_id, study_period_id) VALUES (99, 4, 54, 4);
INSERT INTO activity_allocation (employee_id, teaching_activity_id, course_instance_id, study_period_id) VALUES (78, 1, 55, 3);
INSERT INTO activity_allocation (employee_id, teaching_activity_id, course_instance_id, study_period_id) VALUES (39, 1, 55, 3);
INSERT INTO activity_allocation (employee_id, teaching_activity_id, course_instance_id, study_period_id) VALUES (83, 4, 56, 2);
INSERT INTO activity_allocation (employee_id, teaching_activity_id, course_instance_id, study_period_id) VALUES (54, 4, 56, 2);
INSERT INTO activity_allocation (employee_id, teaching_activity_id, course_instance_id, study_period_id) VALUES (39, 4, 56, 2);
INSERT INTO activity_allocation (employee_id, teaching_activity_id, course_instance_id, study_period_id) VALUES (2, 1, 57, 3);
INSERT INTO activity_allocation (employee_id, teaching_activity_id, course_instance_id, study_period_id) VALUES (34, 1, 57, 3);
INSERT INTO activity_allocation (employee_id, teaching_activity_id, course_instance_id, study_period_id) VALUES (50, 1, 57, 3);
INSERT INTO activity_allocation (employee_id, teaching_activity_id, course_instance_id, study_period_id) VALUES (61, 1, 57, 3);
INSERT INTO activity_allocation (employee_id, teaching_activity_id, course_instance_id, study_period_id) VALUES (39, 1, 57, 3);
INSERT INTO activity_allocation (employee_id, teaching_activity_id, course_instance_id, study_period_id) VALUES (1, 1, 57, 3);
INSERT INTO activity_allocation (employee_id, teaching_activity_id, course_instance_id, study_period_id) VALUES (76, 4, 58, 2);
INSERT INTO activity_allocation (employee_id, teaching_activity_id, course_instance_id, study_period_id) VALUES (86, 4, 58, 2);
INSERT INTO activity_allocation (employee_id, teaching_activity_id, course_instance_id, study_period_id) VALUES (65, 4, 58, 2);
INSERT INTO activity_allocation (employee_id, teaching_activity_id, course_instance_id, study_period_id) VALUES (12, 4, 58, 2);
INSERT INTO activity_allocation (employee_id, teaching_activity_id, course_instance_id, study_period_id) VALUES (33, 4, 58, 2);
INSERT INTO activity_allocation (employee_id, teaching_activity_id, course_instance_id, study_period_id) VALUES (27, 3, 59, 4);
INSERT INTO activity_allocation (employee_id, teaching_activity_id, course_instance_id, study_period_id) VALUES (22, 3, 59, 4);
INSERT INTO activity_allocation (employee_id, teaching_activity_id, course_instance_id, study_period_id) VALUES (82, 3, 59, 4);
INSERT INTO activity_allocation (employee_id, teaching_activity_id, course_instance_id, study_period_id) VALUES (3, 1, 60, 4);
INSERT INTO activity_allocation (employee_id, teaching_activity_id, course_instance_id, study_period_id) VALUES (13, 1, 60, 4);
INSERT INTO activity_allocation (employee_id, teaching_activity_id, course_instance_id, study_period_id) VALUES (37, 1, 60, 4);
INSERT INTO activity_allocation (employee_id, teaching_activity_id, course_instance_id, study_period_id) VALUES (89, 4, 61, 2);
INSERT INTO activity_allocation (employee_id, teaching_activity_id, course_instance_id, study_period_id) VALUES (53, 4, 61, 2);
INSERT INTO activity_allocation (employee_id, teaching_activity_id, course_instance_id, study_period_id) VALUES (49, 4, 61, 2);
INSERT INTO activity_allocation (employee_id, teaching_activity_id, course_instance_id, study_period_id) VALUES (42, 4, 62, 2);
INSERT INTO activity_allocation (employee_id, teaching_activity_id, course_instance_id, study_period_id) VALUES (57, 4, 62, 2);
INSERT INTO activity_allocation (employee_id, teaching_activity_id, course_instance_id, study_period_id) VALUES (30, 3, 63, 2);
INSERT INTO activity_allocation (employee_id, teaching_activity_id, course_instance_id, study_period_id) VALUES (98, 3, 63, 2);
INSERT INTO activity_allocation (employee_id, teaching_activity_id, course_instance_id, study_period_id) VALUES (68, 3, 63, 2);
INSERT INTO activity_allocation (employee_id, teaching_activity_id, course_instance_id, study_period_id) VALUES (75, 2, 64, 4);
INSERT INTO activity_allocation (employee_id, teaching_activity_id, course_instance_id, study_period_id) VALUES (64, 2, 64, 4);
INSERT INTO activity_allocation (employee_id, teaching_activity_id, course_instance_id, study_period_id) VALUES (27, 2, 64, 4);
INSERT INTO activity_allocation (employee_id, teaching_activity_id, course_instance_id, study_period_id) VALUES (57, 2, 64, 4);
INSERT INTO activity_allocation (employee_id, teaching_activity_id, course_instance_id, study_period_id) VALUES (45, 2, 64, 4);
INSERT INTO activity_allocation (employee_id, teaching_activity_id, course_instance_id, study_period_id) VALUES (3, 1, 65, 4);
INSERT INTO activity_allocation (employee_id, teaching_activity_id, course_instance_id, study_period_id) VALUES (66, 1, 65, 4);
INSERT INTO activity_allocation (employee_id, teaching_activity_id, course_instance_id, study_period_id) VALUES (45, 1, 66, 3);
INSERT INTO activity_allocation (employee_id, teaching_activity_id, course_instance_id, study_period_id) VALUES (41, 3, 67, 4);
INSERT INTO activity_allocation (employee_id, teaching_activity_id, course_instance_id, study_period_id) VALUES (2, 3, 67, 4);
INSERT INTO activity_allocation (employee_id, teaching_activity_id, course_instance_id, study_period_id) VALUES (26, 3, 67, 4);
INSERT INTO activity_allocation (employee_id, teaching_activity_id, course_instance_id, study_period_id) VALUES (9, 3, 67, 4);
INSERT INTO activity_allocation (employee_id, teaching_activity_id, course_instance_id, study_period_id) VALUES (68, 2, 68, 3);
INSERT INTO activity_allocation (employee_id, teaching_activity_id, course_instance_id, study_period_id) VALUES (25, 2, 68, 3);
INSERT INTO activity_allocation (employee_id, teaching_activity_id, course_instance_id, study_period_id) VALUES (81, 2, 68, 3);
INSERT INTO activity_allocation (employee_id, teaching_activity_id, course_instance_id, study_period_id) VALUES (98, 2, 68, 3);
INSERT INTO activity_allocation (employee_id, teaching_activity_id, course_instance_id, study_period_id) VALUES (6, 2, 68, 3);
INSERT INTO activity_allocation (employee_id, teaching_activity_id, course_instance_id, study_period_id) VALUES (49, 2, 68, 3);
INSERT INTO activity_allocation (employee_id, teaching_activity_id, course_instance_id, study_period_id) VALUES (23, 2, 69, 4);
INSERT INTO activity_allocation (employee_id, teaching_activity_id, course_instance_id, study_period_id) VALUES (39, 2, 69, 4);
INSERT INTO activity_allocation (employee_id, teaching_activity_id, course_instance_id, study_period_id) VALUES (49, 2, 70, 4);
INSERT INTO activity_allocation (employee_id, teaching_activity_id, course_instance_id, study_period_id) VALUES (4, 2, 70, 4);
INSERT INTO activity_allocation (employee_id, teaching_activity_id, course_instance_id, study_period_id) VALUES (69, 2, 70, 4);
INSERT INTO activity_allocation (employee_id, teaching_activity_id, course_instance_id, study_period_id) VALUES (94, 2, 70, 4);
INSERT INTO activity_allocation (employee_id, teaching_activity_id, course_instance_id, study_period_id) VALUES (73, 4, 71, 2);
INSERT INTO activity_allocation (employee_id, teaching_activity_id, course_instance_id, study_period_id) VALUES (48, 4, 71, 2);
INSERT INTO activity_allocation (employee_id, teaching_activity_id, course_instance_id, study_period_id) VALUES (62, 2, 72, 1);
INSERT INTO activity_allocation (employee_id, teaching_activity_id, course_instance_id, study_period_id) VALUES (2, 2, 72, 1);
INSERT INTO activity_allocation (employee_id, teaching_activity_id, course_instance_id, study_period_id) VALUES (35, 2, 72, 1);
INSERT INTO activity_allocation (employee_id, teaching_activity_id, course_instance_id, study_period_id) VALUES (33, 4, 73, 4);
INSERT INTO activity_allocation (employee_id, teaching_activity_id, course_instance_id, study_period_id) VALUES (39, 4, 74, 2);
INSERT INTO activity_allocation (employee_id, teaching_activity_id, course_instance_id, study_period_id) VALUES (7, 4, 74, 2);
INSERT INTO activity_allocation (employee_id, teaching_activity_id, course_instance_id, study_period_id) VALUES (22, 2, 75, 1);
INSERT INTO activity_allocation (employee_id, teaching_activity_id, course_instance_id, study_period_id) VALUES (41, 2, 75, 1);
INSERT INTO activity_allocation (employee_id, teaching_activity_id, course_instance_id, study_period_id) VALUES (53, 2, 75, 1);
INSERT INTO activity_allocation (employee_id, teaching_activity_id, course_instance_id, study_period_id) VALUES (77, 2, 76, 1);
INSERT INTO activity_allocation (employee_id, teaching_activity_id, course_instance_id, study_period_id) VALUES (41, 2, 76, 1);
INSERT INTO activity_allocation (employee_id, teaching_activity_id, course_instance_id, study_period_id) VALUES (62, 2, 76, 1);
INSERT INTO activity_allocation (employee_id, teaching_activity_id, course_instance_id, study_period_id) VALUES (55, 2, 77, 3);
INSERT INTO activity_allocation (employee_id, teaching_activity_id, course_instance_id, study_period_id) VALUES (99, 2, 77, 3);
INSERT INTO activity_allocation (employee_id, teaching_activity_id, course_instance_id, study_period_id) VALUES (44, 2, 77, 3);
INSERT INTO activity_allocation (employee_id, teaching_activity_id, course_instance_id, study_period_id) VALUES (1, 2, 77, 3);
INSERT INTO activity_allocation (employee_id, teaching_activity_id, course_instance_id, study_period_id) VALUES (17, 2, 77, 3);
INSERT INTO activity_allocation (employee_id, teaching_activity_id, course_instance_id, study_period_id) VALUES (19, 3, 78, 2);
INSERT INTO activity_allocation (employee_id, teaching_activity_id, course_instance_id, study_period_id) VALUES (79, 3, 78, 2);
INSERT INTO activity_allocation (employee_id, teaching_activity_id, course_instance_id, study_period_id) VALUES (50, 3, 78, 2);
INSERT INTO activity_allocation (employee_id, teaching_activity_id, course_instance_id, study_period_id) VALUES (35, 3, 78, 2);
INSERT INTO activity_allocation (employee_id, teaching_activity_id, course_instance_id, study_period_id) VALUES (56, 3, 78, 2);
INSERT INTO activity_allocation (employee_id, teaching_activity_id, course_instance_id, study_period_id) VALUES (89, 4, 79, 2);
INSERT INTO activity_allocation (employee_id, teaching_activity_id, course_instance_id, study_period_id) VALUES (12, 4, 79, 2);
INSERT INTO activity_allocation (employee_id, teaching_activity_id, course_instance_id, study_period_id) VALUES (79, 4, 79, 2);
INSERT INTO activity_allocation (employee_id, teaching_activity_id, course_instance_id, study_period_id) VALUES (100, 4, 79, 2);
INSERT INTO activity_allocation (employee_id, teaching_activity_id, course_instance_id, study_period_id) VALUES (27, 3, 80, 1);
INSERT INTO activity_allocation (employee_id, teaching_activity_id, course_instance_id, study_period_id) VALUES (26, 4, 81, 1);
INSERT INTO activity_allocation (employee_id, teaching_activity_id, course_instance_id, study_period_id) VALUES (69, 4, 81, 1);
INSERT INTO activity_allocation (employee_id, teaching_activity_id, course_instance_id, study_period_id) VALUES (57, 4, 81, 1);
INSERT INTO activity_allocation (employee_id, teaching_activity_id, course_instance_id, study_period_id) VALUES (85, 4, 81, 1);
INSERT INTO activity_allocation (employee_id, teaching_activity_id, course_instance_id, study_period_id) VALUES (51, 4, 82, 1);
INSERT INTO activity_allocation (employee_id, teaching_activity_id, course_instance_id, study_period_id) VALUES (52, 4, 82, 1);
INSERT INTO activity_allocation (employee_id, teaching_activity_id, course_instance_id, study_period_id) VALUES (34, 1, 83, 1);
INSERT INTO activity_allocation (employee_id, teaching_activity_id, course_instance_id, study_period_id) VALUES (43, 1, 83, 1);
INSERT INTO activity_allocation (employee_id, teaching_activity_id, course_instance_id, study_period_id) VALUES (74, 1, 83, 1);
INSERT INTO activity_allocation (employee_id, teaching_activity_id, course_instance_id, study_period_id) VALUES (78, 1, 83, 1);
INSERT INTO activity_allocation (employee_id, teaching_activity_id, course_instance_id, study_period_id) VALUES (37, 2, 84, 4);
INSERT INTO activity_allocation (employee_id, teaching_activity_id, course_instance_id, study_period_id) VALUES (12, 2, 84, 4);
INSERT INTO activity_allocation (employee_id, teaching_activity_id, course_instance_id, study_period_id) VALUES (83, 2, 84, 4);
INSERT INTO activity_allocation (employee_id, teaching_activity_id, course_instance_id, study_period_id) VALUES (85, 2, 84, 4);
INSERT INTO activity_allocation (employee_id, teaching_activity_id, course_instance_id, study_period_id) VALUES (1, 2, 84, 4);
INSERT INTO activity_allocation (employee_id, teaching_activity_id, course_instance_id, study_period_id) VALUES (1, 2, 85, 2);
INSERT INTO activity_allocation (employee_id, teaching_activity_id, course_instance_id, study_period_id) VALUES (46, 2, 85, 2);
INSERT INTO activity_allocation (employee_id, teaching_activity_id, course_instance_id, study_period_id) VALUES (79, 2, 85, 2);
INSERT INTO activity_allocation (employee_id, teaching_activity_id, course_instance_id, study_period_id) VALUES (61, 2, 85, 2);
INSERT INTO activity_allocation (employee_id, teaching_activity_id, course_instance_id, study_period_id) VALUES (39, 2, 85, 2);
INSERT INTO activity_allocation (employee_id, teaching_activity_id, course_instance_id, study_period_id) VALUES (27, 2, 85, 2);
INSERT INTO activity_allocation (employee_id, teaching_activity_id, course_instance_id, study_period_id) VALUES (94, 4, 86, 1);
INSERT INTO activity_allocation (employee_id, teaching_activity_id, course_instance_id, study_period_id) VALUES (13, 4, 86, 1);
INSERT INTO activity_allocation (employee_id, teaching_activity_id, course_instance_id, study_period_id) VALUES (11, 4, 86, 1);
INSERT INTO activity_allocation (employee_id, teaching_activity_id, course_instance_id, study_period_id) VALUES (52, 4, 86, 1);
INSERT INTO activity_allocation (employee_id, teaching_activity_id, course_instance_id, study_period_id) VALUES (69, 4, 86, 1);
INSERT INTO activity_allocation (employee_id, teaching_activity_id, course_instance_id, study_period_id) VALUES (68, 2, 87, 2);
INSERT INTO activity_allocation (employee_id, teaching_activity_id, course_instance_id, study_period_id) VALUES (76, 2, 87, 2);
INSERT INTO activity_allocation (employee_id, teaching_activity_id, course_instance_id, study_period_id) VALUES (23, 2, 87, 2);
INSERT INTO activity_allocation (employee_id, teaching_activity_id, course_instance_id, study_period_id) VALUES (97, 2, 88, 4);
INSERT INTO activity_allocation (employee_id, teaching_activity_id, course_instance_id, study_period_id) VALUES (6, 2, 88, 4);
INSERT INTO activity_allocation (employee_id, teaching_activity_id, course_instance_id, study_period_id) VALUES (100, 2, 88, 4);
INSERT INTO activity_allocation (employee_id, teaching_activity_id, course_instance_id, study_period_id) VALUES (53, 2, 88, 4);
INSERT INTO activity_allocation (employee_id, teaching_activity_id, course_instance_id, study_period_id) VALUES (55, 3, 89, 3);
INSERT INTO activity_allocation (employee_id, teaching_activity_id, course_instance_id, study_period_id) VALUES (17, 3, 89, 3);
INSERT INTO activity_allocation (employee_id, teaching_activity_id, course_instance_id, study_period_id) VALUES (91, 3, 89, 3);
INSERT INTO activity_allocation (employee_id, teaching_activity_id, course_instance_id, study_period_id) VALUES (91, 4, 90, 1);
INSERT INTO activity_allocation (employee_id, teaching_activity_id, course_instance_id, study_period_id) VALUES (20, 4, 90, 1);
INSERT INTO activity_allocation (employee_id, teaching_activity_id, course_instance_id, study_period_id) VALUES (59, 4, 90, 1);
INSERT INTO activity_allocation (employee_id, teaching_activity_id, course_instance_id, study_period_id) VALUES (82, 4, 90, 1);
INSERT INTO activity_allocation (employee_id, teaching_activity_id, course_instance_id, study_period_id) VALUES (34, 4, 91, 1);
INSERT INTO activity_allocation (employee_id, teaching_activity_id, course_instance_id, study_period_id) VALUES (55, 4, 91, 1);
INSERT INTO activity_allocation (employee_id, teaching_activity_id, course_instance_id, study_period_id) VALUES (78, 4, 91, 1);
INSERT INTO activity_allocation (employee_id, teaching_activity_id, course_instance_id, study_period_id) VALUES (25, 4, 91, 1);
INSERT INTO activity_allocation (employee_id, teaching_activity_id, course_instance_id, study_period_id) VALUES (57, 1, 92, 2);
INSERT INTO activity_allocation (employee_id, teaching_activity_id, course_instance_id, study_period_id) VALUES (59, 1, 92, 2);
INSERT INTO activity_allocation (employee_id, teaching_activity_id, course_instance_id, study_period_id) VALUES (45, 1, 92, 2);
INSERT INTO activity_allocation (employee_id, teaching_activity_id, course_instance_id, study_period_id) VALUES (54, 1, 92, 2);
INSERT INTO activity_allocation (employee_id, teaching_activity_id, course_instance_id, study_period_id) VALUES (18, 1, 92, 2);
INSERT INTO activity_allocation (employee_id, teaching_activity_id, course_instance_id, study_period_id) VALUES (14, 1, 92, 2);
INSERT INTO activity_allocation (employee_id, teaching_activity_id, course_instance_id, study_period_id) VALUES (20, 1, 93, 3);
INSERT INTO activity_allocation (employee_id, teaching_activity_id, course_instance_id, study_period_id) VALUES (15, 1, 93, 3);
INSERT INTO activity_allocation (employee_id, teaching_activity_id, course_instance_id, study_period_id) VALUES (65, 1, 93, 3);
INSERT INTO activity_allocation (employee_id, teaching_activity_id, course_instance_id, study_period_id) VALUES (60, 2, 94, 1);
INSERT INTO activity_allocation (employee_id, teaching_activity_id, course_instance_id, study_period_id) VALUES (39, 2, 94, 1);
INSERT INTO activity_allocation (employee_id, teaching_activity_id, course_instance_id, study_period_id) VALUES (40, 2, 94, 1);
INSERT INTO activity_allocation (employee_id, teaching_activity_id, course_instance_id, study_period_id) VALUES (33, 2, 94, 1);
INSERT INTO activity_allocation (employee_id, teaching_activity_id, course_instance_id, study_period_id) VALUES (98, 1, 95, 1);
INSERT INTO activity_allocation (employee_id, teaching_activity_id, course_instance_id, study_period_id) VALUES (84, 1, 95, 1);
INSERT INTO activity_allocation (employee_id, teaching_activity_id, course_instance_id, study_period_id) VALUES (84, 4, 96, 2);
INSERT INTO activity_allocation (employee_id, teaching_activity_id, course_instance_id, study_period_id) VALUES (19, 4, 96, 2);
INSERT INTO activity_allocation (employee_id, teaching_activity_id, course_instance_id, study_period_id) VALUES (90, 3, 97, 1);
INSERT INTO activity_allocation (employee_id, teaching_activity_id, course_instance_id, study_period_id) VALUES (87, 3, 97, 1);
INSERT INTO activity_allocation (employee_id, teaching_activity_id, course_instance_id, study_period_id) VALUES (81, 3, 97, 1);
INSERT INTO activity_allocation (employee_id, teaching_activity_id, course_instance_id, study_period_id) VALUES (76, 3, 97, 1);
INSERT INTO activity_allocation (employee_id, teaching_activity_id, course_instance_id, study_period_id) VALUES (29, 3, 97, 1);
INSERT INTO activity_allocation (employee_id, teaching_activity_id, course_instance_id, study_period_id) VALUES (11, 3, 97, 1);
INSERT INTO activity_allocation (employee_id, teaching_activity_id, course_instance_id, study_period_id) VALUES (26, 4, 98, 3);
INSERT INTO activity_allocation (employee_id, teaching_activity_id, course_instance_id, study_period_id) VALUES (27, 4, 98, 3);
INSERT INTO activity_allocation (employee_id, teaching_activity_id, course_instance_id, study_period_id) VALUES (93, 4, 98, 3);
INSERT INTO activity_allocation (employee_id, teaching_activity_id, course_instance_id, study_period_id) VALUES (81, 4, 98, 3);
INSERT INTO activity_allocation (employee_id, teaching_activity_id, course_instance_id, study_period_id) VALUES (83, 4, 98, 3);
INSERT INTO activity_allocation (employee_id, teaching_activity_id, course_instance_id, study_period_id) VALUES (68, 4, 98, 3);
INSERT INTO activity_allocation (employee_id, teaching_activity_id, course_instance_id, study_period_id) VALUES (39, 2, 99, 3);
INSERT INTO activity_allocation (employee_id, teaching_activity_id, course_instance_id, study_period_id) VALUES (83, 2, 99, 3);
INSERT INTO activity_allocation (employee_id, teaching_activity_id, course_instance_id, study_period_id) VALUES (79, 2, 100, 4);
INSERT INTO activity_allocation (employee_id, teaching_activity_id, course_instance_id, study_period_id) VALUES (96, 2, 100, 4);
INSERT INTO activity_allocation (employee_id, teaching_activity_id, course_instance_id, study_period_id) VALUES (76, 2, 100, 4);

-- Update Departments Manager
UPDATE department SET manager_id = 17 WHERE department_id = 1;
UPDATE department SET manager_id = 34 WHERE department_id = 2;
UPDATE department SET manager_id = 9 WHERE department_id = 3;
UPDATE department SET manager_id = 36 WHERE department_id = 4;

-- Re-add circular salary constraints
ALTER TABLE salary_history ADD CONSTRAINT FK_salary_history_0 FOREIGN KEY (employee_id) REFERENCES employee (employee_id);
ALTER TABLE employee ADD CONSTRAINT FK_employee_4 FOREIGN KEY (salary_history_id) REFERENCES salary_history (salary_history_id);
