-- Generated Data Script (for updated schema with salary_history_id on employee)
-- NOTE: Run this on a clean database after running task1.sql

-- Temporarily drop circular salary constraints (if they exist)
ALTER TABLE employee DROP CONSTRAINT IF EXISTS FK_employee_4;
ALTER TABLE salary_history DROP CONSTRAINT IF EXISTS FK_salary_history_0;

-- Study Period Types
INSERT INTO study_period_type (study_period_id) VALUES (1);
INSERT INTO study_period_type (study_period_id) VALUES (2);
INSERT INTO study_period_type (study_period_id) VALUES (3);
INSERT INTO study_period_type (study_period_id) VALUES (4);

-- Departments
INSERT INTO department (department_name, manager_id) VALUES ('Civil Engineering', NULL);
INSERT INTO department (department_name, manager_id) VALUES ('Information Technology', NULL);
INSERT INTO department (department_name, manager_id) VALUES ('Architecture', NULL);
INSERT INTO department (department_name, manager_id) VALUES ('Urban Planning', NULL);

-- Job Titles
INSERT INTO job_title (job_title) VALUES ('Lecturer');
INSERT INTO job_title (job_title) VALUES ('Senior Lecturer');
INSERT INTO job_title (job_title) VALUES ('Professor');
INSERT INTO job_title (job_title) VALUES ('PhD Student');
INSERT INTO job_title (job_title) VALUES ('Administrator');

-- Skills
INSERT INTO skill (skill_name) VALUES ('Python');
INSERT INTO skill (skill_name) VALUES ('SQL');
INSERT INTO skill (skill_name) VALUES ('AutoCAD');
INSERT INTO skill (skill_name) VALUES ('Revit');
INSERT INTO skill (skill_name) VALUES ('GIS');
INSERT INTO skill (skill_name) VALUES ('Project Management');
INSERT INTO skill (skill_name) VALUES ('Matlab');

-- Teaching Activities
INSERT INTO teaching_activity (activity_name, factor) VALUES ('Lecture', 2.0);
INSERT INTO teaching_activity (activity_name, factor) VALUES ('Lab', 1.7);
INSERT INTO teaching_activity (activity_name, factor) VALUES ('Seminar', 1.5);
INSERT INTO teaching_activity (activity_name, factor) VALUES ('Project', 0.5);

-- Course Layouts
INSERT INTO course_layout (course_code, course_name, min_students, max_students, hp, valid_from) VALUES ('AL1523', 'Digitalisation and Innovation for Sustainable Development', 62, 267, 7.5, DATE '2020-01-01');
INSERT INTO course_layout (course_code, course_name, min_students, max_students, hp, valid_from) VALUES ('DD1351', 'Logic for Computer Scientists', 80, 236, 7.5, DATE '2020-01-01');
INSERT INTO course_layout (course_code, course_name, min_students, max_students, hp, valid_from) VALUES ('DD2350', 'Algorithms, Data Structures and Complexity', 144, 166, 9.5, DATE '2020-01-01');
INSERT INTO course_layout (course_code, course_name, min_students, max_students, hp, valid_from) VALUES ('DD2352', 'Algorithms and Complexity', 138, 251, 7.5, DATE '2020-01-01');
INSERT INTO course_layout (course_code, course_name, min_students, max_students, hp, valid_from) VALUES ('DD2401', 'Neuroscience', 106, 264, 7.5, DATE '2020-01-01');
INSERT INTO course_layout (course_code, course_name, min_students, max_students, hp, valid_from) VALUES ('DH2642', 'Interaction Programming and the Dynamic Web', 150, 300, 7.5, DATE '2020-01-01');
INSERT INTO course_layout (course_code, course_name, min_students, max_students, hp, valid_from) VALUES ('EL1020', 'Automatic Control, general course', 133, 196, 6.0, DATE '2020-01-01');
INSERT INTO course_layout (course_code, course_name, min_students, max_students, hp, valid_from) VALUES ('EQ1110', 'Continuous Time Signals and Systems', 144, 177, 6.0, DATE '2020-01-01');
INSERT INTO course_layout (course_code, course_name, min_students, max_students, hp, valid_from) VALUES ('EQ1120', 'Discrete Time Signals and Systems', 117, 296, 6.0, DATE '2020-01-01');
INSERT INTO course_layout (course_code, course_name, min_students, max_students, hp, valid_from) VALUES ('IA150X', 'Degree Project in Information and Communication Technology', 139, 235, 15.0, DATE '2020-01-01');
INSERT INTO course_layout (course_code, course_name, min_students, max_students, hp, valid_from) VALUES ('ID1018', 'Programming I', 58, 211, 7.5, DATE '2020-01-01');
INSERT INTO course_layout (course_code, course_name, min_students, max_students, hp, valid_from) VALUES ('ID1021', 'Algorithms and Data Structures', 64, 264, 7.5, DATE '2020-01-01');
INSERT INTO course_layout (course_code, course_name, min_students, max_students, hp, valid_from) VALUES ('ID1206', 'Operating Systems', 104, 211, 7.5, DATE '2020-01-01');
INSERT INTO course_layout (course_code, course_name, min_students, max_students, hp, valid_from) VALUES ('ID1214', 'Artificial Intelligence and Applied Methods', 58, 272, 7.5, DATE '2020-01-01');
INSERT INTO course_layout (course_code, course_name, min_students, max_students, hp, valid_from) VALUES ('ID1217', 'Concurrent Programming', 121, 250, 7.5, DATE '2020-01-01');
INSERT INTO course_layout (course_code, course_name, min_students, max_students, hp, valid_from) VALUES ('ID2201', 'Distributed Systems, Basic Course', 142, 245, 7.5, DATE '2020-01-01');
INSERT INTO course_layout (course_code, course_name, min_students, max_students, hp, valid_from) VALUES ('ID2202', 'Compilers and Execution Environments', 92, 179, 7.5, DATE '2020-01-01');
INSERT INTO course_layout (course_code, course_name, min_students, max_students, hp, valid_from) VALUES ('ID2216', 'Developing Mobile Applications', 94, 297, 7.5, DATE '2020-01-01');
INSERT INTO course_layout (course_code, course_name, min_students, max_students, hp, valid_from) VALUES ('IE1204', 'Digital Design', 126, 214, 7.5, DATE '2020-01-01');
INSERT INTO course_layout (course_code, course_name, min_students, max_students, hp, valid_from) VALUES ('IE1206', 'Embedded Electronics', 70, 193, 7.5, DATE '2020-01-01');
INSERT INTO course_layout (course_code, course_name, min_students, max_students, hp, valid_from) VALUES ('II1303', 'Signal Processing', 98, 299, 7.5, DATE '2020-01-01');
INSERT INTO course_layout (course_code, course_name, min_students, max_students, hp, valid_from) VALUES ('II1305', 'Project in Information and Communication Technology', 98, 226, 7.5, DATE '2020-01-01');
INSERT INTO course_layout (course_code, course_name, min_students, max_students, hp, valid_from) VALUES ('II1307', 'Active Career', 126, 232, 1.5, DATE '2020-01-01');
INSERT INTO course_layout (course_code, course_name, min_students, max_students, hp, valid_from) VALUES ('II1308', 'Introduction to Programming', 107, 203, 1.5, DATE '2020-01-01');
INSERT INTO course_layout (course_code, course_name, min_students, max_students, hp, valid_from) VALUES ('IK1203', 'Networks and Communication', 92, 210, 7.5, DATE '2020-01-01');
INSERT INTO course_layout (course_code, course_name, min_students, max_students, hp, valid_from) VALUES ('IK1330', 'Wireless Systems', 59, 192, 7.5, DATE '2020-01-01');
INSERT INTO course_layout (course_code, course_name, min_students, max_students, hp, valid_from) VALUES ('IL1333', 'Hardware Security', 105, 182, 7.5, DATE '2020-01-01');
INSERT INTO course_layout (course_code, course_name, min_students, max_students, hp, valid_from) VALUES ('IS1200', 'Computer Hardware Engineering', 125, 299, 7.5, DATE '2020-01-01');
INSERT INTO course_layout (course_code, course_name, min_students, max_students, hp, valid_from) VALUES ('IS1300', 'Embedded Systems', 100, 195, 7.5, DATE '2020-01-01');
INSERT INTO course_layout (course_code, course_name, min_students, max_students, hp, valid_from) VALUES ('IS2202', 'Computer Systems Architecture', 148, 253, 7.5, DATE '2020-01-01');
INSERT INTO course_layout (course_code, course_name, min_students, max_students, hp, valid_from) VALUES ('IV1013', 'Introduction to Computer Security', 89, 292, 7.5, DATE '2020-01-01');
INSERT INTO course_layout (course_code, course_name, min_students, max_students, hp, valid_from) VALUES ('IV1350', 'Object Oriented Design', 78, 163, 7.5, DATE '2020-01-01');
INSERT INTO course_layout (course_code, course_name, min_students, max_students, hp, valid_from) VALUES ('IV1351', 'Data Storage Paradigms', 149, 250, 7.5, DATE '2020-01-01');
INSERT INTO course_layout (course_code, course_name, min_students, max_students, hp, valid_from) VALUES ('LS1601', 'Intercultural competence', 140, 182, 4.5, DATE '2020-01-01');
INSERT INTO course_layout (course_code, course_name, min_students, max_students, hp, valid_from) VALUES ('LS2442', 'English for Employment', 82, 245, 7.5, DATE '2020-01-01');
INSERT INTO course_layout (course_code, course_name, min_students, max_students, hp, valid_from) VALUES ('ME1003', 'Industrial Management, Basic Course', 71, 264, 6.0, DATE '2020-01-01');
INSERT INTO course_layout (course_code, course_name, min_students, max_students, hp, valid_from) VALUES ('ME2016', 'Project Management: Leadership and Control', 133, 230, 6.0, DATE '2020-01-01');
INSERT INTO course_layout (course_code, course_name, min_students, max_students, hp, valid_from) VALUES ('ME2163', 'Leading People and Organizations in Different Contexts', 140, 163, 6.0, DATE '2020-01-01');
INSERT INTO course_layout (course_code, course_name, min_students, max_students, hp, valid_from) VALUES ('SF1546', 'Numerical Methods, Basic Course', 81, 240, 6.0, DATE '2020-01-01');
INSERT INTO course_layout (course_code, course_name, min_students, max_students, hp, valid_from) VALUES ('SF1610', 'Discrete Mathematics', 116, 247, 7.5, DATE '2020-01-01');
INSERT INTO course_layout (course_code, course_name, min_students, max_students, hp, valid_from) VALUES ('SF1624', 'Algebra and Geometry', 146, 225, 7.5, DATE '2020-01-01');
INSERT INTO course_layout (course_code, course_name, min_students, max_students, hp, valid_from) VALUES ('SF1625', 'Calculus in One Variable', 117, 273, 7.5, DATE '2020-01-01');
INSERT INTO course_layout (course_code, course_name, min_students, max_students, hp, valid_from) VALUES ('SF1633', 'Differential Equations I', 87, 210, 6.0, DATE '2020-01-01');
INSERT INTO course_layout (course_code, course_name, min_students, max_students, hp, valid_from) VALUES ('SF1683', 'Differential Equations and Transforms', 105, 269, 9.0, DATE '2020-01-01');
INSERT INTO course_layout (course_code, course_name, min_students, max_students, hp, valid_from) VALUES ('SF1686', 'Calculus in Several Variable', 146, 226, 7.5, DATE '2020-01-01');
INSERT INTO course_layout (course_code, course_name, min_students, max_students, hp, valid_from) VALUES ('SF1689', 'Basic Course in Mathematics', 126, 195, 6.0, DATE '2020-01-01');
INSERT INTO course_layout (course_code, course_name, min_students, max_students, hp, valid_from) VALUES ('SF1912', 'Probability Theory and Statistics', 132, 209, 6.0, DATE '2020-01-01');
INSERT INTO course_layout (course_code, course_name, min_students, max_students, hp, valid_from) VALUES ('SG1102', 'Mechanics, Smaller Course', 88, 248, 6.0, DATE '2020-01-01');
INSERT INTO course_layout (course_code, course_name, min_students, max_students, hp, valid_from) VALUES ('SH1011', 'Modern Physics', 145, 183, 7.5, DATE '2020-01-01');
INSERT INTO course_layout (course_code, course_name, min_students, max_students, hp, valid_from) VALUES ('SK1118', 'Electromagnetism and Waves', 98, 233, 7.5, DATE '2020-01-01');

-- People, Employees, Phones, Addresses
INSERT INTO person (personal_number, first_name, last_name) VALUES ('720524-8634', 'Jennifer', 'Morales');
INSERT INTO address (person_id, address) VALUES (1, '2176 Jason Point, Karenmouth, AS 96989');
INSERT INTO phone (person_id, phone_number) VALUES (1, '(779)912-3286');
INSERT INTO employee (person_id, job_title_id, department_id, manager_id, salary_history_id) VALUES (1, 3, 4, 1, 1);
INSERT INTO person (personal_number, first_name, last_name) VALUES ('520510-8665', 'Charlene', 'Reilly');
INSERT INTO address (person_id, address) VALUES (2, '096 Nixon Inlet Apt. 052, Gravesfort, WA 68296');
INSERT INTO phone (person_id, phone_number) VALUES (2, '+1-207-801-5555');
INSERT INTO employee (person_id, job_title_id, department_id, manager_id, salary_history_id) VALUES (2, 2, 3, 2, 2);
INSERT INTO person (personal_number, first_name, last_name) VALUES ('700416-5395', 'Dawn', 'Reid');
INSERT INTO address (person_id, address) VALUES (3, '77150 Williams Fall, Evansville, VT 30548');
INSERT INTO phone (person_id, phone_number) VALUES (3, '800.932.8796x029');
INSERT INTO employee (person_id, job_title_id, department_id, manager_id, salary_history_id) VALUES (3, 1, 3, 1, 3);
INSERT INTO person (personal_number, first_name, last_name) VALUES ('740227-2872', 'Jeremy', 'Stewart');
INSERT INTO address (person_id, address) VALUES (4, '2703 Nicole Keys, North Barbara, AR 42577');
INSERT INTO phone (person_id, phone_number) VALUES (4, '001-471-555-0308x0270');
INSERT INTO employee (person_id, job_title_id, department_id, manager_id, salary_history_id) VALUES (4, 3, 2, 3, 4);
INSERT INTO person (personal_number, first_name, last_name) VALUES ('710628-9622', 'Darrell', 'Lee');
INSERT INTO address (person_id, address) VALUES (5, '142 Shields Causeway, Port Anitaville, PR 52165');
INSERT INTO phone (person_id, phone_number) VALUES (5, '2803571931');
INSERT INTO employee (person_id, job_title_id, department_id, manager_id, salary_history_id) VALUES (5, 5, 2, 3, 5);
INSERT INTO person (personal_number, first_name, last_name) VALUES ('511228-3065', 'Eugene', 'Lara');
INSERT INTO address (person_id, address) VALUES (6, 'Unit 4374 Box 2901, DPO AE 29356');
INSERT INTO phone (person_id, phone_number) VALUES (6, '001-805-476-3401');
INSERT INTO employee (person_id, job_title_id, department_id, manager_id, salary_history_id) VALUES (6, 1, 4, 5, 6);
INSERT INTO person (personal_number, first_name, last_name) VALUES ('940208-5239', 'Monica', 'Aguilar');
INSERT INTO address (person_id, address) VALUES (7, '41955 Harris Dam, Port Eileen, WA 26693');
INSERT INTO phone (person_id, phone_number) VALUES (7, '5979357325');
INSERT INTO employee (person_id, job_title_id, department_id, manager_id, salary_history_id) VALUES (7, 4, 1, 7, 7);
INSERT INTO person (personal_number, first_name, last_name) VALUES ('920304-9120', 'Shelby', 'Pratt');
INSERT INTO address (person_id, address) VALUES (8, '06560 Bradley Burgs Apt. 400, South Benjaminmouth, SD 13577');
INSERT INTO phone (person_id, phone_number) VALUES (8, '4799502325');
INSERT INTO employee (person_id, job_title_id, department_id, manager_id, salary_history_id) VALUES (8, 5, 3, 5, 8);
INSERT INTO person (personal_number, first_name, last_name) VALUES ('570509-5123', 'Aaron', 'Williams');
INSERT INTO address (person_id, address) VALUES (9, '025 Obrien Island Suite 439, Millerview, WA 31539');
INSERT INTO phone (person_id, phone_number) VALUES (9, '001-613-867-3092x00615');
INSERT INTO employee (person_id, job_title_id, department_id, manager_id, salary_history_id) VALUES (9, 1, 2, 5, 9);
INSERT INTO person (personal_number, first_name, last_name) VALUES ('650403-1324', 'Erin', 'Moss');
INSERT INTO address (person_id, address) VALUES (10, 'PSC 8715, Box 1373, APO AE 78219');
INSERT INTO phone (person_id, phone_number) VALUES (10, '(852)466-7043');
INSERT INTO employee (person_id, job_title_id, department_id, manager_id, salary_history_id) VALUES (10, 3, 2, 1, 10);
INSERT INTO person (personal_number, first_name, last_name) VALUES ('570604-2535', 'Michael', 'Sandoval');
INSERT INTO address (person_id, address) VALUES (11, '204 Tina Fork, New Thomasborough, GA 15248');
INSERT INTO phone (person_id, phone_number) VALUES (11, '+1-482-489-1203x8500');
INSERT INTO employee (person_id, job_title_id, department_id, manager_id, salary_history_id) VALUES (11, 4, 1, 3, 11);
INSERT INTO person (personal_number, first_name, last_name) VALUES ('590714-4772', 'Joshua', 'Brown');
INSERT INTO address (person_id, address) VALUES (12, '06755 Wright Oval Suite 225, Lake Alison, NJ 09724');
INSERT INTO phone (person_id, phone_number) VALUES (12, '+1-810-973-7308x17149');
INSERT INTO employee (person_id, job_title_id, department_id, manager_id, salary_history_id) VALUES (12, 5, 3, 12, 12);
INSERT INTO person (personal_number, first_name, last_name) VALUES ('911116-5163', 'Stephanie', 'Morton');
INSERT INTO address (person_id, address) VALUES (13, 'PSC 7806, Box 8542, APO AP 32411');
INSERT INTO phone (person_id, phone_number) VALUES (13, '001-769-296-8416x14421');
INSERT INTO employee (person_id, job_title_id, department_id, manager_id, salary_history_id) VALUES (13, 4, 3, 11, 13);
INSERT INTO person (personal_number, first_name, last_name) VALUES ('811017-7294', 'Donna', 'Smith');
INSERT INTO address (person_id, address) VALUES (14, '796 Benjamin Land Suite 325, North Katherineland, AS 59212');
INSERT INTO phone (person_id, phone_number) VALUES (14, '6478793233');
INSERT INTO employee (person_id, job_title_id, department_id, manager_id, salary_history_id) VALUES (14, 1, 4, 5, 14);
INSERT INTO person (personal_number, first_name, last_name) VALUES ('590702-7506', 'Joan', 'Simmons');
INSERT INTO address (person_id, address) VALUES (15, '3259 Hawkins Harbors Suite 396, Codyberg, AZ 90641');
INSERT INTO phone (person_id, phone_number) VALUES (15, '+1-325-678-8363');
INSERT INTO employee (person_id, job_title_id, department_id, manager_id, salary_history_id) VALUES (15, 3, 1, 5, 15);
INSERT INTO person (personal_number, first_name, last_name) VALUES ('890304-0765', 'Danielle', 'Martinez');
INSERT INTO address (person_id, address) VALUES (16, '5409 Kelly Turnpike Suite 629, North Susanland, MI 93190');
INSERT INTO phone (person_id, phone_number) VALUES (16, '988-457-2793x59912');
INSERT INTO employee (person_id, job_title_id, department_id, manager_id, salary_history_id) VALUES (16, 2, 3, 2, 16);
INSERT INTO person (personal_number, first_name, last_name) VALUES ('980110-7729', 'Robert', 'Sharp');
INSERT INTO address (person_id, address) VALUES (17, '1249 Greene Shoals Suite 570, New Joshua, AS 72998');
INSERT INTO phone (person_id, phone_number) VALUES (17, '509.322.3151x7503');
INSERT INTO employee (person_id, job_title_id, department_id, manager_id, salary_history_id) VALUES (17, 3, 4, 6, 17);
INSERT INTO person (personal_number, first_name, last_name) VALUES ('700224-5319', 'Mark', 'Washington');
INSERT INTO address (person_id, address) VALUES (18, '81974 Walsh Walks, Jacobport, WA 15058');
INSERT INTO phone (person_id, phone_number) VALUES (18, '8358564870');
INSERT INTO employee (person_id, job_title_id, department_id, manager_id, salary_history_id) VALUES (18, 2, 2, 12, 18);
INSERT INTO person (personal_number, first_name, last_name) VALUES ('740423-8495', 'Jeffrey', 'Smith');
INSERT INTO address (person_id, address) VALUES (19, '887 Beverly Divide, West Beth, MO 20067');
INSERT INTO phone (person_id, phone_number) VALUES (19, '(849)824-0623x3131');
INSERT INTO employee (person_id, job_title_id, department_id, manager_id, salary_history_id) VALUES (19, 3, 4, 4, 19);
INSERT INTO person (personal_number, first_name, last_name) VALUES ('620523-2341', 'Shannon', 'Francis');
INSERT INTO address (person_id, address) VALUES (20, '6079 Paul Viaduct, Walkertown, NE 76919');
INSERT INTO phone (person_id, phone_number) VALUES (20, '687.577.1992');
INSERT INTO employee (person_id, job_title_id, department_id, manager_id, salary_history_id) VALUES (20, 1, 2, 4, 20);
INSERT INTO person (personal_number, first_name, last_name) VALUES ('610201-6773', 'Lauren', 'Baxter');
INSERT INTO address (person_id, address) VALUES (21, 'Unit 6713 Box 8585, DPO AP 48789');
INSERT INTO phone (person_id, phone_number) VALUES (21, '001-469-935-3369x548');
INSERT INTO employee (person_id, job_title_id, department_id, manager_id, salary_history_id) VALUES (21, 3, 2, 14, 21);
INSERT INTO person (personal_number, first_name, last_name) VALUES ('860608-9040', 'Robert', 'Moore');
INSERT INTO address (person_id, address) VALUES (22, '35385 Kenneth Tunnel, Lake Toddfort, AK 73856');
INSERT INTO phone (person_id, phone_number) VALUES (22, '675-683-1625');
INSERT INTO employee (person_id, job_title_id, department_id, manager_id, salary_history_id) VALUES (22, 1, 2, 1, 22);
INSERT INTO person (personal_number, first_name, last_name) VALUES ('600816-5745', 'David', 'Arnold');
INSERT INTO address (person_id, address) VALUES (23, '866 Williams Route, Jamestown, OR 20272');
INSERT INTO phone (person_id, phone_number) VALUES (23, '001-295-438-9028x893');
INSERT INTO employee (person_id, job_title_id, department_id, manager_id, salary_history_id) VALUES (23, 4, 1, 7, 23);
INSERT INTO person (personal_number, first_name, last_name) VALUES ('511026-5724', 'Carolyn', 'Hart');
INSERT INTO address (person_id, address) VALUES (24, '79301 Michael Rapids, Nathanfort, PA 64015');
INSERT INTO phone (person_id, phone_number) VALUES (24, '+1-536-803-8410x00389');
INSERT INTO employee (person_id, job_title_id, department_id, manager_id, salary_history_id) VALUES (24, 3, 4, 13, 24);
INSERT INTO person (personal_number, first_name, last_name) VALUES ('550101-6835', 'Lacey', 'Baker');
INSERT INTO address (person_id, address) VALUES (25, '51493 Mitchell Gardens, Patriciamouth, IN 25141');
INSERT INTO phone (person_id, phone_number) VALUES (25, '991.577.2707x27259');
INSERT INTO employee (person_id, job_title_id, department_id, manager_id, salary_history_id) VALUES (25, 5, 1, 1, 25);
INSERT INTO person (personal_number, first_name, last_name) VALUES ('910320-0707', 'Hayden', 'Robinson');
INSERT INTO address (person_id, address) VALUES (26, '208 Richardson Greens, North Joseborough, ME 00922');
INSERT INTO phone (person_id, phone_number) VALUES (26, '470-334-8724x78113');
INSERT INTO employee (person_id, job_title_id, department_id, manager_id, salary_history_id) VALUES (26, 1, 2, 1, 26);
INSERT INTO person (personal_number, first_name, last_name) VALUES ('660427-6098', 'Rebecca', 'Jackson');
INSERT INTO address (person_id, address) VALUES (27, '4909 Emily Court Suite 128, Lake Christopherside, WI 97158');
INSERT INTO phone (person_id, phone_number) VALUES (27, '001-713-932-4386x75092');
INSERT INTO employee (person_id, job_title_id, department_id, manager_id, salary_history_id) VALUES (27, 2, 4, 7, 27);
INSERT INTO person (personal_number, first_name, last_name) VALUES ('020307-5750', 'Richard', 'Golden');
INSERT INTO address (person_id, address) VALUES (28, '39504 Kelly Street, Robertshire, MT 40596');
INSERT INTO phone (person_id, phone_number) VALUES (28, '936.618.4585x865');
INSERT INTO employee (person_id, job_title_id, department_id, manager_id, salary_history_id) VALUES (28, 2, 3, 10, 28);
INSERT INTO person (personal_number, first_name, last_name) VALUES ('020903-8332', 'Jesse', 'Cobb');
INSERT INTO address (person_id, address) VALUES (29, '41321 Christopher Forks, Rebeccaton, IN 64242');
INSERT INTO phone (person_id, phone_number) VALUES (29, '001-971-620-5634x44220');
INSERT INTO employee (person_id, job_title_id, department_id, manager_id, salary_history_id) VALUES (29, 3, 3, 15, 29);
INSERT INTO person (personal_number, first_name, last_name) VALUES ('691112-6810', 'Jessica', 'Davis');
INSERT INTO address (person_id, address) VALUES (30, 'PSC 6737, Box 9357, APO AP 03393');
INSERT INTO phone (person_id, phone_number) VALUES (30, '(450)889-9208');
INSERT INTO employee (person_id, job_title_id, department_id, manager_id, salary_history_id) VALUES (30, 4, 3, 30, 30);
INSERT INTO person (personal_number, first_name, last_name) VALUES ('890306-5586', 'Danielle', 'Collins');
INSERT INTO address (person_id, address) VALUES (31, '03479 Rodgers Flats, North Amy, MS 06246');
INSERT INTO phone (person_id, phone_number) VALUES (31, '7522705932');
INSERT INTO employee (person_id, job_title_id, department_id, manager_id, salary_history_id) VALUES (31, 4, 1, 29, 31);
INSERT INTO person (personal_number, first_name, last_name) VALUES ('880316-2328', 'Kenneth', 'Richmond');
INSERT INTO address (person_id, address) VALUES (32, '2640 Lane Road, Lake Robert, MD 38998');
INSERT INTO phone (person_id, phone_number) VALUES (32, '3098419189');
INSERT INTO employee (person_id, job_title_id, department_id, manager_id, salary_history_id) VALUES (32, 4, 4, 4, 32);
INSERT INTO person (personal_number, first_name, last_name) VALUES ('520308-3103', 'Vanessa', 'Brown');
INSERT INTO address (person_id, address) VALUES (33, 'Unit 3558 Box 1346, DPO AE 41148');
INSERT INTO phone (person_id, phone_number) VALUES (33, '790.924.7462');
INSERT INTO employee (person_id, job_title_id, department_id, manager_id, salary_history_id) VALUES (33, 5, 4, 30, 33);
INSERT INTO person (personal_number, first_name, last_name) VALUES ('680110-9652', 'Samantha', 'Owens');
INSERT INTO address (person_id, address) VALUES (34, 'PSC 6356, Box 9987, APO AP 76696');
INSERT INTO phone (person_id, phone_number) VALUES (34, '+1-489-590-6868x47444');
INSERT INTO employee (person_id, job_title_id, department_id, manager_id, salary_history_id) VALUES (34, 3, 3, 14, 34);
INSERT INTO person (personal_number, first_name, last_name) VALUES ('500426-0268', 'Richard', 'Duarte');
INSERT INTO address (person_id, address) VALUES (35, 'USNS Wise, FPO AE 41383');
INSERT INTO phone (person_id, phone_number) VALUES (35, '+1-299-768-7462x4971');
INSERT INTO employee (person_id, job_title_id, department_id, manager_id, salary_history_id) VALUES (35, 5, 2, 29, 35);
INSERT INTO person (personal_number, first_name, last_name) VALUES ('710503-5097', 'Brittany', 'Riley');
INSERT INTO address (person_id, address) VALUES (36, '1142 Janet Parkways, Rhodesport, OH 90145');
INSERT INTO phone (person_id, phone_number) VALUES (36, '+1-248-579-1537x820');
INSERT INTO employee (person_id, job_title_id, department_id, manager_id, salary_history_id) VALUES (36, 4, 4, 12, 36);
INSERT INTO person (personal_number, first_name, last_name) VALUES ('711004-5580', 'Annette', 'Long');
INSERT INTO address (person_id, address) VALUES (37, '22952 Martinez Keys Apt. 995, Josephshire, VA 44778');
INSERT INTO phone (person_id, phone_number) VALUES (37, '3814320296');
INSERT INTO employee (person_id, job_title_id, department_id, manager_id, salary_history_id) VALUES (37, 5, 3, 32, 37);
INSERT INTO person (personal_number, first_name, last_name) VALUES ('980601-7759', 'Pamela', 'Nunez');
INSERT INTO address (person_id, address) VALUES (38, '5921 Estrada Fords, Josephmouth, NC 82616');
INSERT INTO phone (person_id, phone_number) VALUES (38, '467-907-2970x88553');
INSERT INTO employee (person_id, job_title_id, department_id, manager_id, salary_history_id) VALUES (38, 2, 3, 7, 38);
INSERT INTO person (personal_number, first_name, last_name) VALUES ('750419-7937', 'Jeremy', 'Grant');
INSERT INTO address (person_id, address) VALUES (39, '9024 Harmon Park, Matthewhaven, OR 55485');
INSERT INTO phone (person_id, phone_number) VALUES (39, '756.211.4167x67267');
INSERT INTO employee (person_id, job_title_id, department_id, manager_id, salary_history_id) VALUES (39, 4, 1, 37, 39);
INSERT INTO person (personal_number, first_name, last_name) VALUES ('550223-8512', 'Benjamin', 'Boyer');
INSERT INTO address (person_id, address) VALUES (40, '8164 Rebecca Creek Suite 448, East Ryan, PW 80468');
INSERT INTO phone (person_id, phone_number) VALUES (40, '7553339296');
INSERT INTO employee (person_id, job_title_id, department_id, manager_id, salary_history_id) VALUES (40, 3, 2, 16, 40);
INSERT INTO person (personal_number, first_name, last_name) VALUES ('610326-0673', 'Kevin', 'Adams');
INSERT INTO address (person_id, address) VALUES (41, '81772 Hansen Roads Suite 747, Davidland, ID 49057');
INSERT INTO phone (person_id, phone_number) VALUES (41, '844.609.9371x707');
INSERT INTO employee (person_id, job_title_id, department_id, manager_id, salary_history_id) VALUES (41, 3, 1, 34, 41);
INSERT INTO person (personal_number, first_name, last_name) VALUES ('610321-6867', 'Amanda', 'Cook');
INSERT INTO address (person_id, address) VALUES (42, 'Unit 8257 Box 8644, DPO AA 13676');
INSERT INTO phone (person_id, phone_number) VALUES (42, '001-660-310-2319x83765');
INSERT INTO employee (person_id, job_title_id, department_id, manager_id, salary_history_id) VALUES (42, 5, 2, 4, 42);
INSERT INTO person (personal_number, first_name, last_name) VALUES ('690109-0781', 'John', 'Nichols');
INSERT INTO address (person_id, address) VALUES (43, '850 Sullivan Extension Apt. 512, West Rileyhaven, PW 68958');
INSERT INTO phone (person_id, phone_number) VALUES (43, '714-886-1610x0554');
INSERT INTO employee (person_id, job_title_id, department_id, manager_id, salary_history_id) VALUES (43, 3, 4, 10, 43);
INSERT INTO person (personal_number, first_name, last_name) VALUES ('810422-7482', 'Christian', 'Jones');
INSERT INTO address (person_id, address) VALUES (44, 'PSC 3165, Box 3274, APO AA 97339');
INSERT INTO phone (person_id, phone_number) VALUES (44, '577-655-0772x47839');
INSERT INTO employee (person_id, job_title_id, department_id, manager_id, salary_history_id) VALUES (44, 4, 2, 19, 44);
INSERT INTO person (personal_number, first_name, last_name) VALUES ('760311-1297', 'Tara', 'Mcpherson');
INSERT INTO address (person_id, address) VALUES (45, '38125 Destiny Street Suite 890, New Brittany, RI 35536');
INSERT INTO phone (person_id, phone_number) VALUES (45, '001-245-854-8069x032');
INSERT INTO employee (person_id, job_title_id, department_id, manager_id, salary_history_id) VALUES (45, 5, 2, 40, 45);
INSERT INTO person (personal_number, first_name, last_name) VALUES ('920502-1728', 'Denise', 'Ross');
INSERT INTO address (person_id, address) VALUES (46, '16819 Garza Court, North Madeline, SC 89117');
INSERT INTO phone (person_id, phone_number) VALUES (46, '953.999.3824x44984');
INSERT INTO employee (person_id, job_title_id, department_id, manager_id, salary_history_id) VALUES (46, 2, 2, 1, 46);
INSERT INTO person (personal_number, first_name, last_name) VALUES ('731107-2274', 'Elijah', 'Jones');
INSERT INTO address (person_id, address) VALUES (47, '2722 Kelley Valley, Johnsonview, MA 56110');
INSERT INTO phone (person_id, phone_number) VALUES (47, '001-442-590-3998x580');
INSERT INTO employee (person_id, job_title_id, department_id, manager_id, salary_history_id) VALUES (47, 1, 1, 30, 47);
INSERT INTO person (personal_number, first_name, last_name) VALUES ('780602-8254', 'Timothy', 'Pena');
INSERT INTO address (person_id, address) VALUES (48, '8786 Cook Cliff, Colleenport, MT 67546');
INSERT INTO phone (person_id, phone_number) VALUES (48, '(540)480-1178');
INSERT INTO employee (person_id, job_title_id, department_id, manager_id, salary_history_id) VALUES (48, 4, 2, 28, 48);
INSERT INTO person (personal_number, first_name, last_name) VALUES ('960709-4857', 'Carmen', 'Johnson');
INSERT INTO address (person_id, address) VALUES (49, '150 Michael Valleys, North Joshua, FM 01785');
INSERT INTO phone (person_id, phone_number) VALUES (49, '+1-526-294-6494x0202');
INSERT INTO employee (person_id, job_title_id, department_id, manager_id, salary_history_id) VALUES (49, 4, 4, 32, 49);
INSERT INTO person (personal_number, first_name, last_name) VALUES ('531121-2433', 'Kimberly', 'Watson');
INSERT INTO address (person_id, address) VALUES (50, '069 Justin Course Suite 229, Erinberg, MS 07006');
INSERT INTO phone (person_id, phone_number) VALUES (50, '+1-738-223-3170x65972');
INSERT INTO employee (person_id, job_title_id, department_id, manager_id, salary_history_id) VALUES (50, 4, 4, 29, 50);
INSERT INTO person (personal_number, first_name, last_name) VALUES ('730116-4534', 'Roger', 'Wheeler');
INSERT INTO address (person_id, address) VALUES (51, '40807 Tyrone Islands Suite 943, Lake Lisashire, ID 29640');
INSERT INTO phone (person_id, phone_number) VALUES (51, '(460)930-9566x002');
INSERT INTO employee (person_id, job_title_id, department_id, manager_id, salary_history_id) VALUES (51, 5, 2, 9, 51);
INSERT INTO person (personal_number, first_name, last_name) VALUES ('870928-8601', 'Michelle', 'Hill');
INSERT INTO address (person_id, address) VALUES (52, '3032 Jill Rue, New Garyburgh, FM 52208');
INSERT INTO phone (person_id, phone_number) VALUES (52, '+1-947-422-5025x52596');
INSERT INTO employee (person_id, job_title_id, department_id, manager_id, salary_history_id) VALUES (52, 4, 4, 22, 52);
INSERT INTO person (personal_number, first_name, last_name) VALUES ('820728-1019', 'Nathan', 'Herrera');
INSERT INTO address (person_id, address) VALUES (53, '3476 Reese Roads Suite 958, South Carlos, IL 85754');
INSERT INTO phone (person_id, phone_number) VALUES (53, '917.993.9497x61067');
INSERT INTO employee (person_id, job_title_id, department_id, manager_id, salary_history_id) VALUES (53, 1, 2, 2, 53);
INSERT INTO person (personal_number, first_name, last_name) VALUES ('500226-0308', 'Audrey', 'Barber');
INSERT INTO address (person_id, address) VALUES (54, '303 Kathy Turnpike, New Adamport, PR 86703');
INSERT INTO phone (person_id, phone_number) VALUES (54, '+1-708-484-1658x96653');
INSERT INTO employee (person_id, job_title_id, department_id, manager_id, salary_history_id) VALUES (54, 3, 1, 25, 54);
INSERT INTO person (personal_number, first_name, last_name) VALUES ('640728-8368', 'Stephanie', 'Lane');
INSERT INTO address (person_id, address) VALUES (55, '527 Williams Pike Suite 959, Lambertburgh, CA 49706');
INSERT INTO phone (person_id, phone_number) VALUES (55, '349-805-7704x42034');
INSERT INTO employee (person_id, job_title_id, department_id, manager_id, salary_history_id) VALUES (55, 5, 4, 7, 55);
INSERT INTO person (personal_number, first_name, last_name) VALUES ('711102-2111', 'William', 'Bradford');
INSERT INTO address (person_id, address) VALUES (56, '29811 Charles Meadows Apt. 491, Susanfurt, OR 38666');
INSERT INTO phone (person_id, phone_number) VALUES (56, '318-895-5461x225');
INSERT INTO employee (person_id, job_title_id, department_id, manager_id, salary_history_id) VALUES (56, 1, 3, 44, 56);
INSERT INTO person (personal_number, first_name, last_name) VALUES ('760820-1616', 'Ronald', 'Welch');
INSERT INTO address (person_id, address) VALUES (57, '729 Martin Court Suite 794, Lake Joseph, MH 92416');
INSERT INTO phone (person_id, phone_number) VALUES (57, '775-454-2906');
INSERT INTO employee (person_id, job_title_id, department_id, manager_id, salary_history_id) VALUES (57, 3, 4, 26, 57);
INSERT INTO person (personal_number, first_name, last_name) VALUES ('980724-2812', 'Maureen', 'Wright');
INSERT INTO address (person_id, address) VALUES (58, '6302 Meyer Pass, New Brandon, NY 25303');
INSERT INTO phone (person_id, phone_number) VALUES (58, '(402)710-0180x1124');
INSERT INTO employee (person_id, job_title_id, department_id, manager_id, salary_history_id) VALUES (58, 3, 1, 39, 58);
INSERT INTO person (personal_number, first_name, last_name) VALUES ('850825-4498', 'Angel', 'Nelson');
INSERT INTO address (person_id, address) VALUES (59, '23178 Brenda Spurs Apt. 219, North Megan, PW 81998');
INSERT INTO phone (person_id, phone_number) VALUES (59, '+1-373-321-5194x4320');
INSERT INTO employee (person_id, job_title_id, department_id, manager_id, salary_history_id) VALUES (59, 1, 2, 5, 59);
INSERT INTO person (personal_number, first_name, last_name) VALUES ('770507-1344', 'Michael', 'Ali');
INSERT INTO address (person_id, address) VALUES (60, '694 Denise Circles, Jillchester, CA 47972');
INSERT INTO phone (person_id, phone_number) VALUES (60, '325.701.1831x07168');
INSERT INTO employee (person_id, job_title_id, department_id, manager_id, salary_history_id) VALUES (60, 5, 1, 19, 60);
INSERT INTO person (personal_number, first_name, last_name) VALUES ('940319-1366', 'Maria', 'Wilson');
INSERT INTO address (person_id, address) VALUES (61, '0951 Haynes Parkway, Billymouth, FM 35733');
INSERT INTO phone (person_id, phone_number) VALUES (61, '(314)216-2440');
INSERT INTO employee (person_id, job_title_id, department_id, manager_id, salary_history_id) VALUES (61, 4, 3, 51, 61);
INSERT INTO person (personal_number, first_name, last_name) VALUES ('820126-2460', 'Bridget', 'Romero');
INSERT INTO address (person_id, address) VALUES (62, '54987 Espinoza Harbors Apt. 649, Benjaminburgh, NV 31472');
INSERT INTO phone (person_id, phone_number) VALUES (62, '001-804-638-7289x78013');
INSERT INTO employee (person_id, job_title_id, department_id, manager_id, salary_history_id) VALUES (62, 4, 2, 30, 62);
INSERT INTO person (personal_number, first_name, last_name) VALUES ('890620-8644', 'Erica', 'Quinn');
INSERT INTO address (person_id, address) VALUES (63, '559 Davis Path, Wesleyborough, RI 43255');
INSERT INTO phone (person_id, phone_number) VALUES (63, '(742)896-8848x8880');
INSERT INTO employee (person_id, job_title_id, department_id, manager_id, salary_history_id) VALUES (63, 5, 2, 15, 63);
INSERT INTO person (personal_number, first_name, last_name) VALUES ('840917-3204', 'Anthony', 'Marquez');
INSERT INTO address (person_id, address) VALUES (64, '795 Brian Parkways Apt. 946, Jimmyville, MD 12467');
INSERT INTO phone (person_id, phone_number) VALUES (64, '001-951-824-8915x10164');
INSERT INTO employee (person_id, job_title_id, department_id, manager_id, salary_history_id) VALUES (64, 3, 1, 20, 64);
INSERT INTO person (personal_number, first_name, last_name) VALUES ('760607-8107', 'Kayla', 'Hunter');
INSERT INTO address (person_id, address) VALUES (65, '48137 John Cliffs, Lake Jessica, MD 22525');
INSERT INTO phone (person_id, phone_number) VALUES (65, '001-948-470-1160x7553');
INSERT INTO employee (person_id, job_title_id, department_id, manager_id, salary_history_id) VALUES (65, 2, 1, 38, 65);
INSERT INTO person (personal_number, first_name, last_name) VALUES ('550216-6082', 'Rebecca', 'Taylor');
INSERT INTO address (person_id, address) VALUES (66, '2116 Mark Ferry Apt. 968, Migueltown, KY 68037');
INSERT INTO phone (person_id, phone_number) VALUES (66, '(552)791-4804');
INSERT INTO employee (person_id, job_title_id, department_id, manager_id, salary_history_id) VALUES (66, 3, 2, 5, 66);
INSERT INTO person (personal_number, first_name, last_name) VALUES ('700510-4591', 'Nathan', 'Hickman');
INSERT INTO address (person_id, address) VALUES (67, '199 Weiss Lodge Suite 110, Ashleyport, SD 78400');
INSERT INTO phone (person_id, phone_number) VALUES (67, '(442)683-5167x3466');
INSERT INTO employee (person_id, job_title_id, department_id, manager_id, salary_history_id) VALUES (67, 3, 3, 23, 67);
INSERT INTO person (personal_number, first_name, last_name) VALUES ('930401-2540', 'Timothy', 'Skinner');
INSERT INTO address (person_id, address) VALUES (68, '079 Hill Shoal, West Kaylee, VI 75751');
INSERT INTO phone (person_id, phone_number) VALUES (68, '+1-732-540-8249');
INSERT INTO employee (person_id, job_title_id, department_id, manager_id, salary_history_id) VALUES (68, 5, 1, 62, 68);
INSERT INTO person (personal_number, first_name, last_name) VALUES ('920512-4993', 'Abigail', 'Rodriguez');
INSERT INTO address (person_id, address) VALUES (69, '44765 Dudley Ridge Suite 257, North Gloria, VI 82123');
INSERT INTO phone (person_id, phone_number) VALUES (69, '8049974879');
INSERT INTO employee (person_id, job_title_id, department_id, manager_id, salary_history_id) VALUES (69, 3, 1, 46, 69);
INSERT INTO person (personal_number, first_name, last_name) VALUES ('660815-9158', 'Devin', 'Sanchez');
INSERT INTO address (person_id, address) VALUES (70, '192 Silva Forest Suite 127, South Deannamouth, FM 81959');
INSERT INTO phone (person_id, phone_number) VALUES (70, '001-888-829-6612x734');
INSERT INTO employee (person_id, job_title_id, department_id, manager_id, salary_history_id) VALUES (70, 4, 1, 47, 70);
INSERT INTO person (personal_number, first_name, last_name) VALUES ('020409-0668', 'Casey', 'Fuller');
INSERT INTO address (person_id, address) VALUES (71, '898 Wesley Island Suite 323, Bradfordshire, AR 72095');
INSERT INTO phone (person_id, phone_number) VALUES (71, '372-460-8717');
INSERT INTO employee (person_id, job_title_id, department_id, manager_id, salary_history_id) VALUES (71, 5, 1, 37, 71);
INSERT INTO person (personal_number, first_name, last_name) VALUES ('591112-0603', 'Joshua', 'Huang');
INSERT INTO address (person_id, address) VALUES (72, '7808 Mario Greens Apt. 905, West Travis, OH 45764');
INSERT INTO phone (person_id, phone_number) VALUES (72, '(756)465-7960x8173');
INSERT INTO employee (person_id, job_title_id, department_id, manager_id, salary_history_id) VALUES (72, 5, 1, 59, 72);
INSERT INTO person (personal_number, first_name, last_name) VALUES ('560102-0642', 'Valerie', 'Baker');
INSERT INTO address (person_id, address) VALUES (73, '836 Black Parks Suite 413, Mannton, IL 87855');
INSERT INTO phone (person_id, phone_number) VALUES (73, '4738729428');
INSERT INTO employee (person_id, job_title_id, department_id, manager_id, salary_history_id) VALUES (73, 3, 3, 8, 73);
INSERT INTO person (personal_number, first_name, last_name) VALUES ('840905-4427', 'David', 'Castaneda');
INSERT INTO address (person_id, address) VALUES (74, '210 Trevino Knolls Apt. 516, Alexborough, MH 43777');
INSERT INTO phone (person_id, phone_number) VALUES (74, '520.803.1548x15522');
INSERT INTO employee (person_id, job_title_id, department_id, manager_id, salary_history_id) VALUES (74, 2, 3, 20, 74);
INSERT INTO person (personal_number, first_name, last_name) VALUES ('810102-6042', 'Mark', 'Duncan');
INSERT INTO address (person_id, address) VALUES (75, '305 Joseph Creek Suite 296, Lake Cindy, IN 05404');
INSERT INTO phone (person_id, phone_number) VALUES (75, '885.921.3001x952');
INSERT INTO employee (person_id, job_title_id, department_id, manager_id, salary_history_id) VALUES (75, 4, 2, 24, 75);
INSERT INTO person (personal_number, first_name, last_name) VALUES ('941205-3467', 'Raymond', 'Watkins');
INSERT INTO address (person_id, address) VALUES (76, '037 Adrian Plains Apt. 223, Lake Martinshire, GU 68599');
INSERT INTO phone (person_id, phone_number) VALUES (76, '400-960-9335x1961');
INSERT INTO employee (person_id, job_title_id, department_id, manager_id, salary_history_id) VALUES (76, 2, 3, 64, 76);
INSERT INTO person (personal_number, first_name, last_name) VALUES ('630127-7306', 'Casey', 'Anderson');
INSERT INTO address (person_id, address) VALUES (77, '75110 Joshua Union, North Codyland, HI 73412');
INSERT INTO phone (person_id, phone_number) VALUES (77, '001-213-289-5286x313');
INSERT INTO employee (person_id, job_title_id, department_id, manager_id, salary_history_id) VALUES (77, 3, 3, 63, 77);
INSERT INTO person (personal_number, first_name, last_name) VALUES ('890527-7449', 'Kimberly', 'Williams');
INSERT INTO address (person_id, address) VALUES (78, '8569 Troy Keys, East Tylerstad, IA 64746');
INSERT INTO phone (person_id, phone_number) VALUES (78, '+1-710-261-9551x59190');
INSERT INTO employee (person_id, job_title_id, department_id, manager_id, salary_history_id) VALUES (78, 1, 3, 58, 78);
INSERT INTO person (personal_number, first_name, last_name) VALUES ('650827-1752', 'Crystal', 'Turner');
INSERT INTO address (person_id, address) VALUES (79, 'Unit 5722 Box 9229, DPO AP 17346');
INSERT INTO phone (person_id, phone_number) VALUES (79, '001-374-409-9972x897');
INSERT INTO employee (person_id, job_title_id, department_id, manager_id, salary_history_id) VALUES (79, 2, 1, 31, 79);
INSERT INTO person (personal_number, first_name, last_name) VALUES ('721115-7468', 'Sharon', 'Schmitt');
INSERT INTO address (person_id, address) VALUES (80, '206 Brown Center Suite 794, Laurafurt, SC 89940');
INSERT INTO phone (person_id, phone_number) VALUES (80, '962-298-3037x813');
INSERT INTO employee (person_id, job_title_id, department_id, manager_id, salary_history_id) VALUES (80, 5, 3, 36, 80);
INSERT INTO person (personal_number, first_name, last_name) VALUES ('711005-2612', 'Mikayla', 'Torres');
INSERT INTO address (person_id, address) VALUES (81, '428 Turner Plains, Toddport, AK 11431');
INSERT INTO phone (person_id, phone_number) VALUES (81, '827.210.8203');
INSERT INTO employee (person_id, job_title_id, department_id, manager_id, salary_history_id) VALUES (81, 1, 3, 7, 81);
INSERT INTO person (personal_number, first_name, last_name) VALUES ('511221-2986', 'Zachary', 'Bailey');
INSERT INTO address (person_id, address) VALUES (82, '914 James Summit, North Amberfurt, MS 75182');
INSERT INTO phone (person_id, phone_number) VALUES (82, '(609)398-8437');
INSERT INTO employee (person_id, job_title_id, department_id, manager_id, salary_history_id) VALUES (82, 3, 1, 64, 82);
INSERT INTO person (personal_number, first_name, last_name) VALUES ('740818-3370', 'Scott', 'Duarte');
INSERT INTO address (person_id, address) VALUES (83, '81206 Howard Creek Apt. 938, Robertsshire, CA 20459');
INSERT INTO phone (person_id, phone_number) VALUES (83, '+1-704-668-7603x1171');
INSERT INTO employee (person_id, job_title_id, department_id, manager_id, salary_history_id) VALUES (83, 2, 4, 35, 83);
INSERT INTO person (personal_number, first_name, last_name) VALUES ('870607-9167', 'Christina', 'Duffy');
INSERT INTO address (person_id, address) VALUES (84, '6505 Christopher Spring, Mcclurebury, ND 25382');
INSERT INTO phone (person_id, phone_number) VALUES (84, '(515)244-7275');
INSERT INTO employee (person_id, job_title_id, department_id, manager_id, salary_history_id) VALUES (84, 5, 1, 28, 84);
INSERT INTO person (personal_number, first_name, last_name) VALUES ('550419-1923', 'Michael', 'Fitzgerald');
INSERT INTO address (person_id, address) VALUES (85, '478 Paul Throughway Suite 044, Port Kelsey, AZ 84991');
INSERT INTO phone (person_id, phone_number) VALUES (85, '001-802-986-7606x4379');
INSERT INTO employee (person_id, job_title_id, department_id, manager_id, salary_history_id) VALUES (85, 5, 4, 32, 85);
INSERT INTO person (personal_number, first_name, last_name) VALUES ('640302-6601', 'Catherine', 'Cunningham');
INSERT INTO address (person_id, address) VALUES (86, '95194 Armstrong Crossing, Rhondaborough, MN 14961');
INSERT INTO phone (person_id, phone_number) VALUES (86, '234-732-8603');
INSERT INTO employee (person_id, job_title_id, department_id, manager_id, salary_history_id) VALUES (86, 4, 2, 52, 86);
INSERT INTO person (personal_number, first_name, last_name) VALUES ('010226-5146', 'Joseph', 'Boyer');
INSERT INTO address (person_id, address) VALUES (87, '405 Clarke Overpass, Jenniferton, MD 91004');
INSERT INTO phone (person_id, phone_number) VALUES (87, '(225)299-5336x57961');
INSERT INTO employee (person_id, job_title_id, department_id, manager_id, salary_history_id) VALUES (87, 1, 3, 83, 87);
INSERT INTO person (personal_number, first_name, last_name) VALUES ('771114-8854', 'Victoria', 'Howard');
INSERT INTO address (person_id, address) VALUES (88, '9372 Gonzalez Rue Suite 110, East Amberfort, PR 18590');
INSERT INTO phone (person_id, phone_number) VALUES (88, '409.346.8529x55324');
INSERT INTO employee (person_id, job_title_id, department_id, manager_id, salary_history_id) VALUES (88, 5, 1, 11, 88);
INSERT INTO person (personal_number, first_name, last_name) VALUES ('860124-5520', 'Lisa', 'Ross');
INSERT INTO address (person_id, address) VALUES (89, '6185 Weaver Manor, Tonyastad, PA 38800');
INSERT INTO phone (person_id, phone_number) VALUES (89, '726-557-6092');
INSERT INTO employee (person_id, job_title_id, department_id, manager_id, salary_history_id) VALUES (89, 2, 2, 59, 89);
INSERT INTO person (personal_number, first_name, last_name) VALUES ('900703-3135', 'Jennifer', 'Wilson');
INSERT INTO address (person_id, address) VALUES (90, '243 Chambers Gateway, Amyland, OK 29097');
INSERT INTO phone (person_id, phone_number) VALUES (90, '001-836-411-5590x454');
INSERT INTO employee (person_id, job_title_id, department_id, manager_id, salary_history_id) VALUES (90, 3, 1, 20, 90);
INSERT INTO person (personal_number, first_name, last_name) VALUES ('980411-2019', 'Joanna', 'Wilson');
INSERT INTO address (person_id, address) VALUES (91, 'Unit 0129 Box 5980, DPO AA 15009');
INSERT INTO phone (person_id, phone_number) VALUES (91, '620.524.2323');
INSERT INTO employee (person_id, job_title_id, department_id, manager_id, salary_history_id) VALUES (91, 1, 2, 21, 91);
INSERT INTO person (personal_number, first_name, last_name) VALUES ('630505-5320', 'Lisa', 'Johnson');
INSERT INTO address (person_id, address) VALUES (92, '549 Kimberly Greens Apt. 634, Rachaelmouth, NJ 24708');
INSERT INTO phone (person_id, phone_number) VALUES (92, '912.910.8034');
INSERT INTO employee (person_id, job_title_id, department_id, manager_id, salary_history_id) VALUES (92, 1, 1, 87, 92);
INSERT INTO person (personal_number, first_name, last_name) VALUES ('590505-3538', 'Lynn', 'Campbell');
INSERT INTO address (person_id, address) VALUES (93, '119 Dodson Walks Suite 551, Carterbury, NV 78083');
INSERT INTO phone (person_id, phone_number) VALUES (93, '802-437-1489x2304');
INSERT INTO employee (person_id, job_title_id, department_id, manager_id, salary_history_id) VALUES (93, 4, 4, 21, 93);
INSERT INTO person (personal_number, first_name, last_name) VALUES ('680517-8419', 'Charles', 'Larsen');
INSERT INTO address (person_id, address) VALUES (94, '0585 Bowman Loaf Suite 896, Williamsmouth, NJ 32814');
INSERT INTO phone (person_id, phone_number) VALUES (94, '993.940.7129');
INSERT INTO employee (person_id, job_title_id, department_id, manager_id, salary_history_id) VALUES (94, 2, 3, 62, 94);
INSERT INTO person (personal_number, first_name, last_name) VALUES ('620313-4816', 'Victoria', 'Bailey');
INSERT INTO address (person_id, address) VALUES (95, '9972 Ingram Landing Suite 154, West Robertborough, IA 61403');
INSERT INTO phone (person_id, phone_number) VALUES (95, '591-721-0108');
INSERT INTO employee (person_id, job_title_id, department_id, manager_id, salary_history_id) VALUES (95, 2, 3, 82, 95);
INSERT INTO person (personal_number, first_name, last_name) VALUES ('971220-3138', 'Holly', 'Pope');
INSERT INTO address (person_id, address) VALUES (96, '4024 Patricia Plain, Carolynborough, DC 50775');
INSERT INTO phone (person_id, phone_number) VALUES (96, '001-582-766-5269x3966');
INSERT INTO employee (person_id, job_title_id, department_id, manager_id, salary_history_id) VALUES (96, 1, 3, 10, 96);
INSERT INTO person (personal_number, first_name, last_name) VALUES ('971228-0028', 'Sergio', 'Daniels');
INSERT INTO address (person_id, address) VALUES (97, '61438 Sweeney Burg, Port Brandimouth, MH 40568');
INSERT INTO phone (person_id, phone_number) VALUES (97, '702.822.7853');
INSERT INTO employee (person_id, job_title_id, department_id, manager_id, salary_history_id) VALUES (97, 2, 2, 5, 97);
INSERT INTO person (personal_number, first_name, last_name) VALUES ('511026-8648', 'Donald', 'Kelly');
INSERT INTO address (person_id, address) VALUES (98, '685 Stephen Streets, Marymouth, MI 35034');
INSERT INTO phone (person_id, phone_number) VALUES (98, '993-224-1173x1640');
INSERT INTO employee (person_id, job_title_id, department_id, manager_id, salary_history_id) VALUES (98, 3, 3, 73, 98);
INSERT INTO person (personal_number, first_name, last_name) VALUES ('861206-9183', 'Rachael', 'Walker');
INSERT INTO address (person_id, address) VALUES (99, '80217 Eric Drive Apt. 235, North Sarah, WY 18460');
INSERT INTO phone (person_id, phone_number) VALUES (99, '550-556-7021');
INSERT INTO employee (person_id, job_title_id, department_id, manager_id, salary_history_id) VALUES (99, 2, 3, 12, 99);
INSERT INTO person (personal_number, first_name, last_name) VALUES ('710728-6646', 'Samuel', 'Frazier');
INSERT INTO address (person_id, address) VALUES (100, '62469 Jesse Trail Apt. 410, Whiteport, VT 97772');
INSERT INTO phone (person_id, phone_number) VALUES (100, '723-316-2297');
INSERT INTO employee (person_id, job_title_id, department_id, manager_id, salary_history_id) VALUES (100, 3, 3, 93, 100);

-- Salary History
INSERT INTO salary_history (salary_amount, valid_from, employee_id) VALUES (31571, DATE '2024-01-01', 1);
INSERT INTO salary_history (salary_amount, valid_from, employee_id) VALUES (43962, DATE '2024-01-01', 2);
INSERT INTO salary_history (salary_amount, valid_from, employee_id) VALUES (48415, DATE '2024-01-01', 3);
INSERT INTO salary_history (salary_amount, valid_from, employee_id) VALUES (45504, DATE '2024-01-01', 4);
INSERT INTO salary_history (salary_amount, valid_from, employee_id) VALUES (37793, DATE '2024-01-01', 5);
INSERT INTO salary_history (salary_amount, valid_from, employee_id) VALUES (59834, DATE '2024-01-01', 6);
INSERT INTO salary_history (salary_amount, valid_from, employee_id) VALUES (38674, DATE '2024-01-01', 7);
INSERT INTO salary_history (salary_amount, valid_from, employee_id) VALUES (60134, DATE '2024-01-01', 8);
INSERT INTO salary_history (salary_amount, valid_from, employee_id) VALUES (44538, DATE '2024-01-01', 9);
INSERT INTO salary_history (salary_amount, valid_from, employee_id) VALUES (31184, DATE '2024-01-01', 10);
INSERT INTO salary_history (salary_amount, valid_from, employee_id) VALUES (50104, DATE '2024-01-01', 11);
INSERT INTO salary_history (salary_amount, valid_from, employee_id) VALUES (56290, DATE '2024-01-01', 12);
INSERT INTO salary_history (salary_amount, valid_from, employee_id) VALUES (37434, DATE '2024-01-01', 13);
INSERT INTO salary_history (salary_amount, valid_from, employee_id) VALUES (48540, DATE '2024-01-01', 14);
INSERT INTO salary_history (salary_amount, valid_from, employee_id) VALUES (40915, DATE '2024-01-01', 15);
INSERT INTO salary_history (salary_amount, valid_from, employee_id) VALUES (30856, DATE '2024-01-01', 16);
INSERT INTO salary_history (salary_amount, valid_from, employee_id) VALUES (50998, DATE '2024-01-01', 17);
INSERT INTO salary_history (salary_amount, valid_from, employee_id) VALUES (58612, DATE '2024-01-01', 18);
INSERT INTO salary_history (salary_amount, valid_from, employee_id) VALUES (46997, DATE '2024-01-01', 19);
INSERT INTO salary_history (salary_amount, valid_from, employee_id) VALUES (52936, DATE '2024-01-01', 20);
INSERT INTO salary_history (salary_amount, valid_from, employee_id) VALUES (48826, DATE '2024-01-01', 21);
INSERT INTO salary_history (salary_amount, valid_from, employee_id) VALUES (60244, DATE '2024-01-01', 22);
INSERT INTO salary_history (salary_amount, valid_from, employee_id) VALUES (47171, DATE '2024-01-01', 23);
INSERT INTO salary_history (salary_amount, valid_from, employee_id) VALUES (64133, DATE '2024-01-01', 24);
INSERT INTO salary_history (salary_amount, valid_from, employee_id) VALUES (35192, DATE '2024-01-01', 25);
INSERT INTO salary_history (salary_amount, valid_from, employee_id) VALUES (44451, DATE '2024-01-01', 26);
INSERT INTO salary_history (salary_amount, valid_from, employee_id) VALUES (54013, DATE '2024-01-01', 27);
INSERT INTO salary_history (salary_amount, valid_from, employee_id) VALUES (64316, DATE '2024-01-01', 28);
INSERT INTO salary_history (salary_amount, valid_from, employee_id) VALUES (57295, DATE '2024-01-01', 29);
INSERT INTO salary_history (salary_amount, valid_from, employee_id) VALUES (56963, DATE '2024-01-01', 30);
INSERT INTO salary_history (salary_amount, valid_from, employee_id) VALUES (31310, DATE '2024-01-01', 31);
INSERT INTO salary_history (salary_amount, valid_from, employee_id) VALUES (33115, DATE '2024-01-01', 32);
INSERT INTO salary_history (salary_amount, valid_from, employee_id) VALUES (34903, DATE '2024-01-01', 33);
INSERT INTO salary_history (salary_amount, valid_from, employee_id) VALUES (54585, DATE '2024-01-01', 34);
INSERT INTO salary_history (salary_amount, valid_from, employee_id) VALUES (30189, DATE '2024-01-01', 35);
INSERT INTO salary_history (salary_amount, valid_from, employee_id) VALUES (35954, DATE '2024-01-01', 36);
INSERT INTO salary_history (salary_amount, valid_from, employee_id) VALUES (63145, DATE '2024-01-01', 37);
INSERT INTO salary_history (salary_amount, valid_from, employee_id) VALUES (44256, DATE '2024-01-01', 38);
INSERT INTO salary_history (salary_amount, valid_from, employee_id) VALUES (59585, DATE '2024-01-01', 39);
INSERT INTO salary_history (salary_amount, valid_from, employee_id) VALUES (64303, DATE '2024-01-01', 40);
INSERT INTO salary_history (salary_amount, valid_from, employee_id) VALUES (45886, DATE '2024-01-01', 41);
INSERT INTO salary_history (salary_amount, valid_from, employee_id) VALUES (36371, DATE '2024-01-01', 42);
INSERT INTO salary_history (salary_amount, valid_from, employee_id) VALUES (49869, DATE '2024-01-01', 43);
INSERT INTO salary_history (salary_amount, valid_from, employee_id) VALUES (64266, DATE '2024-01-01', 44);
INSERT INTO salary_history (salary_amount, valid_from, employee_id) VALUES (45949, DATE '2024-01-01', 45);
INSERT INTO salary_history (salary_amount, valid_from, employee_id) VALUES (45481, DATE '2024-01-01', 46);
INSERT INTO salary_history (salary_amount, valid_from, employee_id) VALUES (43125, DATE '2024-01-01', 47);
INSERT INTO salary_history (salary_amount, valid_from, employee_id) VALUES (51272, DATE '2024-01-01', 48);
INSERT INTO salary_history (salary_amount, valid_from, employee_id) VALUES (61966, DATE '2024-01-01', 49);
INSERT INTO salary_history (salary_amount, valid_from, employee_id) VALUES (39465, DATE '2024-01-01', 50);
INSERT INTO salary_history (salary_amount, valid_from, employee_id) VALUES (64283, DATE '2024-01-01', 51);
INSERT INTO salary_history (salary_amount, valid_from, employee_id) VALUES (62988, DATE '2024-01-01', 52);
INSERT INTO salary_history (salary_amount, valid_from, employee_id) VALUES (33178, DATE '2024-01-01', 53);
INSERT INTO salary_history (salary_amount, valid_from, employee_id) VALUES (45827, DATE '2024-01-01', 54);
INSERT INTO salary_history (salary_amount, valid_from, employee_id) VALUES (37260, DATE '2024-01-01', 55);
INSERT INTO salary_history (salary_amount, valid_from, employee_id) VALUES (33534, DATE '2024-01-01', 56);
INSERT INTO salary_history (salary_amount, valid_from, employee_id) VALUES (36558, DATE '2024-01-01', 57);
INSERT INTO salary_history (salary_amount, valid_from, employee_id) VALUES (42316, DATE '2024-01-01', 58);
INSERT INTO salary_history (salary_amount, valid_from, employee_id) VALUES (59543, DATE '2024-01-01', 59);
INSERT INTO salary_history (salary_amount, valid_from, employee_id) VALUES (49924, DATE '2024-01-01', 60);
INSERT INTO salary_history (salary_amount, valid_from, employee_id) VALUES (60320, DATE '2024-01-01', 61);
INSERT INTO salary_history (salary_amount, valid_from, employee_id) VALUES (37112, DATE '2024-01-01', 62);
INSERT INTO salary_history (salary_amount, valid_from, employee_id) VALUES (33058, DATE '2024-01-01', 63);
INSERT INTO salary_history (salary_amount, valid_from, employee_id) VALUES (45068, DATE '2024-01-01', 64);
INSERT INTO salary_history (salary_amount, valid_from, employee_id) VALUES (53205, DATE '2024-01-01', 65);
INSERT INTO salary_history (salary_amount, valid_from, employee_id) VALUES (39609, DATE '2024-01-01', 66);
INSERT INTO salary_history (salary_amount, valid_from, employee_id) VALUES (62997, DATE '2024-01-01', 67);
INSERT INTO salary_history (salary_amount, valid_from, employee_id) VALUES (63107, DATE '2024-01-01', 68);
INSERT INTO salary_history (salary_amount, valid_from, employee_id) VALUES (41996, DATE '2024-01-01', 69);
INSERT INTO salary_history (salary_amount, valid_from, employee_id) VALUES (31811, DATE '2024-01-01', 70);
INSERT INTO salary_history (salary_amount, valid_from, employee_id) VALUES (57153, DATE '2024-01-01', 71);
INSERT INTO salary_history (salary_amount, valid_from, employee_id) VALUES (38353, DATE '2024-01-01', 72);
INSERT INTO salary_history (salary_amount, valid_from, employee_id) VALUES (60841, DATE '2024-01-01', 73);
INSERT INTO salary_history (salary_amount, valid_from, employee_id) VALUES (51652, DATE '2024-01-01', 74);
INSERT INTO salary_history (salary_amount, valid_from, employee_id) VALUES (44304, DATE '2024-01-01', 75);
INSERT INTO salary_history (salary_amount, valid_from, employee_id) VALUES (48944, DATE '2024-01-01', 76);
INSERT INTO salary_history (salary_amount, valid_from, employee_id) VALUES (52942, DATE '2024-01-01', 77);
INSERT INTO salary_history (salary_amount, valid_from, employee_id) VALUES (54336, DATE '2024-01-01', 78);
INSERT INTO salary_history (salary_amount, valid_from, employee_id) VALUES (31683, DATE '2024-01-01', 79);
INSERT INTO salary_history (salary_amount, valid_from, employee_id) VALUES (55071, DATE '2024-01-01', 80);
INSERT INTO salary_history (salary_amount, valid_from, employee_id) VALUES (51674, DATE '2024-01-01', 81);
INSERT INTO salary_history (salary_amount, valid_from, employee_id) VALUES (59707, DATE '2024-01-01', 82);
INSERT INTO salary_history (salary_amount, valid_from, employee_id) VALUES (45284, DATE '2024-01-01', 83);
INSERT INTO salary_history (salary_amount, valid_from, employee_id) VALUES (64530, DATE '2024-01-01', 84);
INSERT INTO salary_history (salary_amount, valid_from, employee_id) VALUES (41499, DATE '2024-01-01', 85);
INSERT INTO salary_history (salary_amount, valid_from, employee_id) VALUES (37855, DATE '2024-01-01', 86);
INSERT INTO salary_history (salary_amount, valid_from, employee_id) VALUES (39775, DATE '2024-01-01', 87);
INSERT INTO salary_history (salary_amount, valid_from, employee_id) VALUES (34178, DATE '2024-01-01', 88);
INSERT INTO salary_history (salary_amount, valid_from, employee_id) VALUES (58255, DATE '2024-01-01', 89);
INSERT INTO salary_history (salary_amount, valid_from, employee_id) VALUES (44618, DATE '2024-01-01', 90);
INSERT INTO salary_history (salary_amount, valid_from, employee_id) VALUES (45493, DATE '2024-01-01', 91);
INSERT INTO salary_history (salary_amount, valid_from, employee_id) VALUES (51017, DATE '2024-01-01', 92);
INSERT INTO salary_history (salary_amount, valid_from, employee_id) VALUES (54778, DATE '2024-01-01', 93);
INSERT INTO salary_history (salary_amount, valid_from, employee_id) VALUES (58987, DATE '2024-01-01', 94);
INSERT INTO salary_history (salary_amount, valid_from, employee_id) VALUES (49937, DATE '2024-01-01', 95);
INSERT INTO salary_history (salary_amount, valid_from, employee_id) VALUES (39625, DATE '2024-01-01', 96);
INSERT INTO salary_history (salary_amount, valid_from, employee_id) VALUES (45738, DATE '2024-01-01', 97);
INSERT INTO salary_history (salary_amount, valid_from, employee_id) VALUES (55525, DATE '2024-01-01', 98);
INSERT INTO salary_history (salary_amount, valid_from, employee_id) VALUES (53411, DATE '2024-01-01', 99);
INSERT INTO salary_history (salary_amount, valid_from, employee_id) VALUES (43662, DATE '2024-01-01', 100);

-- Course Instances
INSERT INTO course_instance (num_students, study_year, course_layout_id) VALUES (33, '2024', 44);
INSERT INTO course_instance (num_students, study_year, course_layout_id) VALUES (67, '2024', 47);
INSERT INTO course_instance (num_students, study_year, course_layout_id) VALUES (72, '2024', 44);
INSERT INTO course_instance (num_students, study_year, course_layout_id) VALUES (72, '2024', 28);
INSERT INTO course_instance (num_students, study_year, course_layout_id) VALUES (15, '2024', 10);
INSERT INTO course_instance (num_students, study_year, course_layout_id) VALUES (77, '2024', 48);
INSERT INTO course_instance (num_students, study_year, course_layout_id) VALUES (43, '2024', 30);
INSERT INTO course_instance (num_students, study_year, course_layout_id) VALUES (76, '2024', 13);
INSERT INTO course_instance (num_students, study_year, course_layout_id) VALUES (21, '2024', 34);
INSERT INTO course_instance (num_students, study_year, course_layout_id) VALUES (19, '2024', 29);
INSERT INTO course_instance (num_students, study_year, course_layout_id) VALUES (48, '2024', 39);
INSERT INTO course_instance (num_students, study_year, course_layout_id) VALUES (52, '2024', 29);
INSERT INTO course_instance (num_students, study_year, course_layout_id) VALUES (59, '2024', 38);
INSERT INTO course_instance (num_students, study_year, course_layout_id) VALUES (79, '2024', 5);
INSERT INTO course_instance (num_students, study_year, course_layout_id) VALUES (38, '2024', 34);
INSERT INTO course_instance (num_students, study_year, course_layout_id) VALUES (47, '2024', 3);
INSERT INTO course_instance (num_students, study_year, course_layout_id) VALUES (48, '2024', 16);
INSERT INTO course_instance (num_students, study_year, course_layout_id) VALUES (78, '2024', 31);
INSERT INTO course_instance (num_students, study_year, course_layout_id) VALUES (67, '2024', 34);
INSERT INTO course_instance (num_students, study_year, course_layout_id) VALUES (32, '2024', 2);
INSERT INTO course_instance (num_students, study_year, course_layout_id) VALUES (23, '2024', 19);
INSERT INTO course_instance (num_students, study_year, course_layout_id) VALUES (32, '2024', 47);
INSERT INTO course_instance (num_students, study_year, course_layout_id) VALUES (57, '2024', 35);
INSERT INTO course_instance (num_students, study_year, course_layout_id) VALUES (79, '2024', 48);
INSERT INTO course_instance (num_students, study_year, course_layout_id) VALUES (74, '2024', 17);
INSERT INTO course_instance (num_students, study_year, course_layout_id) VALUES (54, '2024', 42);
INSERT INTO course_instance (num_students, study_year, course_layout_id) VALUES (36, '2024', 7);
INSERT INTO course_instance (num_students, study_year, course_layout_id) VALUES (32, '2024', 18);
INSERT INTO course_instance (num_students, study_year, course_layout_id) VALUES (28, '2024', 49);
INSERT INTO course_instance (num_students, study_year, course_layout_id) VALUES (64, '2024', 3);
INSERT INTO course_instance (num_students, study_year, course_layout_id) VALUES (73, '2024', 9);
INSERT INTO course_instance (num_students, study_year, course_layout_id) VALUES (45, '2024', 35);
INSERT INTO course_instance (num_students, study_year, course_layout_id) VALUES (70, '2024', 30);
INSERT INTO course_instance (num_students, study_year, course_layout_id) VALUES (37, '2024', 8);
INSERT INTO course_instance (num_students, study_year, course_layout_id) VALUES (36, '2024', 27);
INSERT INTO course_instance (num_students, study_year, course_layout_id) VALUES (23, '2024', 34);
INSERT INTO course_instance (num_students, study_year, course_layout_id) VALUES (17, '2024', 21);
INSERT INTO course_instance (num_students, study_year, course_layout_id) VALUES (16, '2024', 28);
INSERT INTO course_instance (num_students, study_year, course_layout_id) VALUES (16, '2024', 48);
INSERT INTO course_instance (num_students, study_year, course_layout_id) VALUES (33, '2024', 48);
INSERT INTO course_instance (num_students, study_year, course_layout_id) VALUES (36, '2024', 28);
INSERT INTO course_instance (num_students, study_year, course_layout_id) VALUES (74, '2024', 20);
INSERT INTO course_instance (num_students, study_year, course_layout_id) VALUES (42, '2024', 15);
INSERT INTO course_instance (num_students, study_year, course_layout_id) VALUES (45, '2024', 21);
INSERT INTO course_instance (num_students, study_year, course_layout_id) VALUES (21, '2024', 12);
INSERT INTO course_instance (num_students, study_year, course_layout_id) VALUES (55, '2024', 21);
INSERT INTO course_instance (num_students, study_year, course_layout_id) VALUES (20, '2024', 50);
INSERT INTO course_instance (num_students, study_year, course_layout_id) VALUES (47, '2024', 2);
INSERT INTO course_instance (num_students, study_year, course_layout_id) VALUES (43, '2024', 9);
INSERT INTO course_instance (num_students, study_year, course_layout_id) VALUES (33, '2024', 16);
INSERT INTO course_instance (num_students, study_year, course_layout_id) VALUES (77, '2024', 5);
INSERT INTO course_instance (num_students, study_year, course_layout_id) VALUES (78, '2024', 44);
INSERT INTO course_instance (num_students, study_year, course_layout_id) VALUES (47, '2024', 9);
INSERT INTO course_instance (num_students, study_year, course_layout_id) VALUES (50, '2024', 32);
INSERT INTO course_instance (num_students, study_year, course_layout_id) VALUES (70, '2024', 29);
INSERT INTO course_instance (num_students, study_year, course_layout_id) VALUES (48, '2024', 3);
INSERT INTO course_instance (num_students, study_year, course_layout_id) VALUES (21, '2024', 50);
INSERT INTO course_instance (num_students, study_year, course_layout_id) VALUES (23, '2024', 37);
INSERT INTO course_instance (num_students, study_year, course_layout_id) VALUES (36, '2024', 44);
INSERT INTO course_instance (num_students, study_year, course_layout_id) VALUES (62, '2024', 2);
INSERT INTO course_instance (num_students, study_year, course_layout_id) VALUES (39, '2024', 14);
INSERT INTO course_instance (num_students, study_year, course_layout_id) VALUES (38, '2024', 20);
INSERT INTO course_instance (num_students, study_year, course_layout_id) VALUES (72, '2024', 44);
INSERT INTO course_instance (num_students, study_year, course_layout_id) VALUES (17, '2024', 36);
INSERT INTO course_instance (num_students, study_year, course_layout_id) VALUES (23, '2024', 36);
INSERT INTO course_instance (num_students, study_year, course_layout_id) VALUES (19, '2024', 3);
INSERT INTO course_instance (num_students, study_year, course_layout_id) VALUES (64, '2024', 39);
INSERT INTO course_instance (num_students, study_year, course_layout_id) VALUES (48, '2024', 49);
INSERT INTO course_instance (num_students, study_year, course_layout_id) VALUES (15, '2024', 41);
INSERT INTO course_instance (num_students, study_year, course_layout_id) VALUES (78, '2024', 24);
INSERT INTO course_instance (num_students, study_year, course_layout_id) VALUES (42, '2024', 31);
INSERT INTO course_instance (num_students, study_year, course_layout_id) VALUES (73, '2024', 5);
INSERT INTO course_instance (num_students, study_year, course_layout_id) VALUES (57, '2024', 11);
INSERT INTO course_instance (num_students, study_year, course_layout_id) VALUES (15, '2024', 2);
INSERT INTO course_instance (num_students, study_year, course_layout_id) VALUES (41, '2024', 20);
INSERT INTO course_instance (num_students, study_year, course_layout_id) VALUES (59, '2024', 2);
INSERT INTO course_instance (num_students, study_year, course_layout_id) VALUES (36, '2024', 6);
INSERT INTO course_instance (num_students, study_year, course_layout_id) VALUES (74, '2024', 2);
INSERT INTO course_instance (num_students, study_year, course_layout_id) VALUES (67, '2024', 19);
INSERT INTO course_instance (num_students, study_year, course_layout_id) VALUES (58, '2024', 37);
INSERT INTO course_instance (num_students, study_year, course_layout_id) VALUES (43, '2024', 34);
INSERT INTO course_instance (num_students, study_year, course_layout_id) VALUES (29, '2024', 43);
INSERT INTO course_instance (num_students, study_year, course_layout_id) VALUES (59, '2024', 6);
INSERT INTO course_instance (num_students, study_year, course_layout_id) VALUES (75, '2024', 23);
INSERT INTO course_instance (num_students, study_year, course_layout_id) VALUES (74, '2024', 34);
INSERT INTO course_instance (num_students, study_year, course_layout_id) VALUES (76, '2024', 3);
INSERT INTO course_instance (num_students, study_year, course_layout_id) VALUES (34, '2024', 9);
INSERT INTO course_instance (num_students, study_year, course_layout_id) VALUES (63, '2024', 5);
INSERT INTO course_instance (num_students, study_year, course_layout_id) VALUES (54, '2024', 23);
INSERT INTO course_instance (num_students, study_year, course_layout_id) VALUES (65, '2024', 10);
INSERT INTO course_instance (num_students, study_year, course_layout_id) VALUES (23, '2024', 3);
INSERT INTO course_instance (num_students, study_year, course_layout_id) VALUES (34, '2024', 28);
INSERT INTO course_instance (num_students, study_year, course_layout_id) VALUES (54, '2024', 38);
INSERT INTO course_instance (num_students, study_year, course_layout_id) VALUES (65, '2024', 17);
INSERT INTO course_instance (num_students, study_year, course_layout_id) VALUES (51, '2024', 36);
INSERT INTO course_instance (num_students, study_year, course_layout_id) VALUES (40, '2024', 2);
INSERT INTO course_instance (num_students, study_year, course_layout_id) VALUES (70, '2024', 46);
INSERT INTO course_instance (num_students, study_year, course_layout_id) VALUES (24, '2024', 30);
INSERT INTO course_instance (num_students, study_year, course_layout_id) VALUES (53, '2024', 48);
INSERT INTO course_instance (num_students, study_year, course_layout_id) VALUES (59, '2024', 7);

-- Course Instance Periods
INSERT INTO course_instance_period (study_period_id) VALUES (1);
INSERT INTO course_instance_period (study_period_id) VALUES (3);
INSERT INTO course_instance_period (study_period_id) VALUES (2);
INSERT INTO course_instance_period (study_period_id) VALUES (4);
INSERT INTO course_instance_period (study_period_id) VALUES (4);
INSERT INTO course_instance_period (study_period_id) VALUES (2);
INSERT INTO course_instance_period (study_period_id) VALUES (3);
INSERT INTO course_instance_period (study_period_id) VALUES (4);
INSERT INTO course_instance_period (study_period_id) VALUES (1);
INSERT INTO course_instance_period (study_period_id) VALUES (2);
INSERT INTO course_instance_period (study_period_id) VALUES (2);
INSERT INTO course_instance_period (study_period_id) VALUES (2);
INSERT INTO course_instance_period (study_period_id) VALUES (2);
INSERT INTO course_instance_period (study_period_id) VALUES (2);
INSERT INTO course_instance_period (study_period_id) VALUES (3);
INSERT INTO course_instance_period (study_period_id) VALUES (4);
INSERT INTO course_instance_period (study_period_id) VALUES (3);
INSERT INTO course_instance_period (study_period_id) VALUES (2);
INSERT INTO course_instance_period (study_period_id) VALUES (4);
INSERT INTO course_instance_period (study_period_id) VALUES (2);
INSERT INTO course_instance_period (study_period_id) VALUES (2);
INSERT INTO course_instance_period (study_period_id) VALUES (3);
INSERT INTO course_instance_period (study_period_id) VALUES (1);
INSERT INTO course_instance_period (study_period_id) VALUES (1);
INSERT INTO course_instance_period (study_period_id) VALUES (4);
INSERT INTO course_instance_period (study_period_id) VALUES (3);
INSERT INTO course_instance_period (study_period_id) VALUES (2);
INSERT INTO course_instance_period (study_period_id) VALUES (1);
INSERT INTO course_instance_period (study_period_id) VALUES (1);
INSERT INTO course_instance_period (study_period_id) VALUES (3);
INSERT INTO course_instance_period (study_period_id) VALUES (1);
INSERT INTO course_instance_period (study_period_id) VALUES (1);
INSERT INTO course_instance_period (study_period_id) VALUES (4);
INSERT INTO course_instance_period (study_period_id) VALUES (3);
INSERT INTO course_instance_period (study_period_id) VALUES (2);
INSERT INTO course_instance_period (study_period_id) VALUES (1);
INSERT INTO course_instance_period (study_period_id) VALUES (3);
INSERT INTO course_instance_period (study_period_id) VALUES (2);
INSERT INTO course_instance_period (study_period_id) VALUES (2);
INSERT INTO course_instance_period (study_period_id) VALUES (1);
INSERT INTO course_instance_period (study_period_id) VALUES (3);
INSERT INTO course_instance_period (study_period_id) VALUES (4);
INSERT INTO course_instance_period (study_period_id) VALUES (1);
INSERT INTO course_instance_period (study_period_id) VALUES (4);
INSERT INTO course_instance_period (study_period_id) VALUES (4);
INSERT INTO course_instance_period (study_period_id) VALUES (4);
INSERT INTO course_instance_period (study_period_id) VALUES (2);
INSERT INTO course_instance_period (study_period_id) VALUES (2);
INSERT INTO course_instance_period (study_period_id) VALUES (3);
INSERT INTO course_instance_period (study_period_id) VALUES (3);
INSERT INTO course_instance_period (study_period_id) VALUES (4);
INSERT INTO course_instance_period (study_period_id) VALUES (1);
INSERT INTO course_instance_period (study_period_id) VALUES (1);
INSERT INTO course_instance_period (study_period_id) VALUES (2);
INSERT INTO course_instance_period (study_period_id) VALUES (2);
INSERT INTO course_instance_period (study_period_id) VALUES (2);
INSERT INTO course_instance_period (study_period_id) VALUES (4);
INSERT INTO course_instance_period (study_period_id) VALUES (4);
INSERT INTO course_instance_period (study_period_id) VALUES (4);
INSERT INTO course_instance_period (study_period_id) VALUES (3);
INSERT INTO course_instance_period (study_period_id) VALUES (1);
INSERT INTO course_instance_period (study_period_id) VALUES (3);
INSERT INTO course_instance_period (study_period_id) VALUES (4);
INSERT INTO course_instance_period (study_period_id) VALUES (2);
INSERT INTO course_instance_period (study_period_id) VALUES (4);
INSERT INTO course_instance_period (study_period_id) VALUES (1);
INSERT INTO course_instance_period (study_period_id) VALUES (4);
INSERT INTO course_instance_period (study_period_id) VALUES (2);
INSERT INTO course_instance_period (study_period_id) VALUES (3);
INSERT INTO course_instance_period (study_period_id) VALUES (2);
INSERT INTO course_instance_period (study_period_id) VALUES (3);
INSERT INTO course_instance_period (study_period_id) VALUES (1);
INSERT INTO course_instance_period (study_period_id) VALUES (1);
INSERT INTO course_instance_period (study_period_id) VALUES (4);
INSERT INTO course_instance_period (study_period_id) VALUES (1);
INSERT INTO course_instance_period (study_period_id) VALUES (4);
INSERT INTO course_instance_period (study_period_id) VALUES (4);
INSERT INTO course_instance_period (study_period_id) VALUES (1);
INSERT INTO course_instance_period (study_period_id) VALUES (2);
INSERT INTO course_instance_period (study_period_id) VALUES (4);
INSERT INTO course_instance_period (study_period_id) VALUES (3);
INSERT INTO course_instance_period (study_period_id) VALUES (2);
INSERT INTO course_instance_period (study_period_id) VALUES (3);
INSERT INTO course_instance_period (study_period_id) VALUES (1);
INSERT INTO course_instance_period (study_period_id) VALUES (4);
INSERT INTO course_instance_period (study_period_id) VALUES (4);
INSERT INTO course_instance_period (study_period_id) VALUES (4);
INSERT INTO course_instance_period (study_period_id) VALUES (4);
INSERT INTO course_instance_period (study_period_id) VALUES (4);
INSERT INTO course_instance_period (study_period_id) VALUES (3);
INSERT INTO course_instance_period (study_period_id) VALUES (1);
INSERT INTO course_instance_period (study_period_id) VALUES (2);
INSERT INTO course_instance_period (study_period_id) VALUES (4);
INSERT INTO course_instance_period (study_period_id) VALUES (3);
INSERT INTO course_instance_period (study_period_id) VALUES (2);
INSERT INTO course_instance_period (study_period_id) VALUES (2);
INSERT INTO course_instance_period (study_period_id) VALUES (3);
INSERT INTO course_instance_period (study_period_id) VALUES (2);
INSERT INTO course_instance_period (study_period_id) VALUES (4);
INSERT INTO course_instance_period (study_period_id) VALUES (1);

-- Employee Skills
INSERT INTO employee_skill (employee_id, skill_id) VALUES (1, 7);
INSERT INTO employee_skill (employee_id, skill_id) VALUES (1, 4);
INSERT INTO employee_skill (employee_id, skill_id) VALUES (1, 3);
INSERT INTO employee_skill (employee_id, skill_id) VALUES (2, 3);
INSERT INTO employee_skill (employee_id, skill_id) VALUES (2, 7);
INSERT INTO employee_skill (employee_id, skill_id) VALUES (3, 5);
INSERT INTO employee_skill (employee_id, skill_id) VALUES (4, 3);
INSERT INTO employee_skill (employee_id, skill_id) VALUES (5, 2);
INSERT INTO employee_skill (employee_id, skill_id) VALUES (5, 3);
INSERT INTO employee_skill (employee_id, skill_id) VALUES (5, 5);
INSERT INTO employee_skill (employee_id, skill_id) VALUES (6, 3);
INSERT INTO employee_skill (employee_id, skill_id) VALUES (6, 2);
INSERT INTO employee_skill (employee_id, skill_id) VALUES (6, 4);
INSERT INTO employee_skill (employee_id, skill_id) VALUES (7, 4);
INSERT INTO employee_skill (employee_id, skill_id) VALUES (7, 5);
INSERT INTO employee_skill (employee_id, skill_id) VALUES (8, 5);
INSERT INTO employee_skill (employee_id, skill_id) VALUES (8, 1);
INSERT INTO employee_skill (employee_id, skill_id) VALUES (8, 4);
INSERT INTO employee_skill (employee_id, skill_id) VALUES (9, 6);
INSERT INTO employee_skill (employee_id, skill_id) VALUES (10, 4);
INSERT INTO employee_skill (employee_id, skill_id) VALUES (11, 2);
INSERT INTO employee_skill (employee_id, skill_id) VALUES (11, 7);
INSERT INTO employee_skill (employee_id, skill_id) VALUES (12, 3);
INSERT INTO employee_skill (employee_id, skill_id) VALUES (12, 1);
INSERT INTO employee_skill (employee_id, skill_id) VALUES (12, 2);
INSERT INTO employee_skill (employee_id, skill_id) VALUES (13, 1);
INSERT INTO employee_skill (employee_id, skill_id) VALUES (14, 1);
INSERT INTO employee_skill (employee_id, skill_id) VALUES (15, 5);
INSERT INTO employee_skill (employee_id, skill_id) VALUES (16, 1);
INSERT INTO employee_skill (employee_id, skill_id) VALUES (16, 5);
INSERT INTO employee_skill (employee_id, skill_id) VALUES (17, 7);
INSERT INTO employee_skill (employee_id, skill_id) VALUES (17, 2);
INSERT INTO employee_skill (employee_id, skill_id) VALUES (17, 1);
INSERT INTO employee_skill (employee_id, skill_id) VALUES (18, 4);
INSERT INTO employee_skill (employee_id, skill_id) VALUES (18, 1);
INSERT INTO employee_skill (employee_id, skill_id) VALUES (18, 2);
INSERT INTO employee_skill (employee_id, skill_id) VALUES (19, 5);
INSERT INTO employee_skill (employee_id, skill_id) VALUES (19, 7);
INSERT INTO employee_skill (employee_id, skill_id) VALUES (20, 1);
INSERT INTO employee_skill (employee_id, skill_id) VALUES (20, 2);
INSERT INTO employee_skill (employee_id, skill_id) VALUES (21, 3);
INSERT INTO employee_skill (employee_id, skill_id) VALUES (21, 4);
INSERT INTO employee_skill (employee_id, skill_id) VALUES (22, 5);
INSERT INTO employee_skill (employee_id, skill_id) VALUES (22, 2);
INSERT INTO employee_skill (employee_id, skill_id) VALUES (23, 7);
INSERT INTO employee_skill (employee_id, skill_id) VALUES (24, 5);
INSERT INTO employee_skill (employee_id, skill_id) VALUES (25, 2);
INSERT INTO employee_skill (employee_id, skill_id) VALUES (25, 4);
INSERT INTO employee_skill (employee_id, skill_id) VALUES (25, 3);
INSERT INTO employee_skill (employee_id, skill_id) VALUES (26, 7);
INSERT INTO employee_skill (employee_id, skill_id) VALUES (26, 5);
INSERT INTO employee_skill (employee_id, skill_id) VALUES (27, 2);
INSERT INTO employee_skill (employee_id, skill_id) VALUES (27, 5);
INSERT INTO employee_skill (employee_id, skill_id) VALUES (27, 1);
INSERT INTO employee_skill (employee_id, skill_id) VALUES (28, 4);
INSERT INTO employee_skill (employee_id, skill_id) VALUES (28, 7);
INSERT INTO employee_skill (employee_id, skill_id) VALUES (29, 7);
INSERT INTO employee_skill (employee_id, skill_id) VALUES (29, 5);
INSERT INTO employee_skill (employee_id, skill_id) VALUES (29, 4);
INSERT INTO employee_skill (employee_id, skill_id) VALUES (30, 4);
INSERT INTO employee_skill (employee_id, skill_id) VALUES (30, 6);
INSERT INTO employee_skill (employee_id, skill_id) VALUES (31, 6);
INSERT INTO employee_skill (employee_id, skill_id) VALUES (32, 6);
INSERT INTO employee_skill (employee_id, skill_id) VALUES (32, 1);
INSERT INTO employee_skill (employee_id, skill_id) VALUES (33, 6);
INSERT INTO employee_skill (employee_id, skill_id) VALUES (33, 2);
INSERT INTO employee_skill (employee_id, skill_id) VALUES (34, 5);
INSERT INTO employee_skill (employee_id, skill_id) VALUES (35, 2);
INSERT INTO employee_skill (employee_id, skill_id) VALUES (35, 3);
INSERT INTO employee_skill (employee_id, skill_id) VALUES (35, 4);
INSERT INTO employee_skill (employee_id, skill_id) VALUES (36, 3);
INSERT INTO employee_skill (employee_id, skill_id) VALUES (37, 6);
INSERT INTO employee_skill (employee_id, skill_id) VALUES (38, 5);
INSERT INTO employee_skill (employee_id, skill_id) VALUES (39, 3);
INSERT INTO employee_skill (employee_id, skill_id) VALUES (40, 5);
INSERT INTO employee_skill (employee_id, skill_id) VALUES (41, 3);
INSERT INTO employee_skill (employee_id, skill_id) VALUES (42, 5);
INSERT INTO employee_skill (employee_id, skill_id) VALUES (42, 7);
INSERT INTO employee_skill (employee_id, skill_id) VALUES (42, 3);
INSERT INTO employee_skill (employee_id, skill_id) VALUES (43, 4);
INSERT INTO employee_skill (employee_id, skill_id) VALUES (44, 4);
INSERT INTO employee_skill (employee_id, skill_id) VALUES (44, 7);
INSERT INTO employee_skill (employee_id, skill_id) VALUES (45, 3);
INSERT INTO employee_skill (employee_id, skill_id) VALUES (45, 1);
INSERT INTO employee_skill (employee_id, skill_id) VALUES (46, 5);
INSERT INTO employee_skill (employee_id, skill_id) VALUES (47, 2);
INSERT INTO employee_skill (employee_id, skill_id) VALUES (48, 4);
INSERT INTO employee_skill (employee_id, skill_id) VALUES (48, 6);
INSERT INTO employee_skill (employee_id, skill_id) VALUES (49, 6);
INSERT INTO employee_skill (employee_id, skill_id) VALUES (49, 7);
INSERT INTO employee_skill (employee_id, skill_id) VALUES (49, 3);
INSERT INTO employee_skill (employee_id, skill_id) VALUES (50, 2);
INSERT INTO employee_skill (employee_id, skill_id) VALUES (50, 7);
INSERT INTO employee_skill (employee_id, skill_id) VALUES (50, 6);
INSERT INTO employee_skill (employee_id, skill_id) VALUES (51, 7);
INSERT INTO employee_skill (employee_id, skill_id) VALUES (51, 1);
INSERT INTO employee_skill (employee_id, skill_id) VALUES (52, 5);
INSERT INTO employee_skill (employee_id, skill_id) VALUES (53, 2);
INSERT INTO employee_skill (employee_id, skill_id) VALUES (53, 1);
INSERT INTO employee_skill (employee_id, skill_id) VALUES (54, 6);
INSERT INTO employee_skill (employee_id, skill_id) VALUES (54, 3);
INSERT INTO employee_skill (employee_id, skill_id) VALUES (55, 1);
INSERT INTO employee_skill (employee_id, skill_id) VALUES (56, 3);
INSERT INTO employee_skill (employee_id, skill_id) VALUES (56, 1);
INSERT INTO employee_skill (employee_id, skill_id) VALUES (57, 1);
INSERT INTO employee_skill (employee_id, skill_id) VALUES (58, 1);
INSERT INTO employee_skill (employee_id, skill_id) VALUES (59, 3);
INSERT INTO employee_skill (employee_id, skill_id) VALUES (60, 1);
INSERT INTO employee_skill (employee_id, skill_id) VALUES (61, 3);
INSERT INTO employee_skill (employee_id, skill_id) VALUES (62, 1);
INSERT INTO employee_skill (employee_id, skill_id) VALUES (63, 3);
INSERT INTO employee_skill (employee_id, skill_id) VALUES (63, 5);
INSERT INTO employee_skill (employee_id, skill_id) VALUES (63, 6);
INSERT INTO employee_skill (employee_id, skill_id) VALUES (64, 4);
INSERT INTO employee_skill (employee_id, skill_id) VALUES (65, 7);
INSERT INTO employee_skill (employee_id, skill_id) VALUES (66, 7);
INSERT INTO employee_skill (employee_id, skill_id) VALUES (66, 1);
INSERT INTO employee_skill (employee_id, skill_id) VALUES (66, 3);
INSERT INTO employee_skill (employee_id, skill_id) VALUES (67, 4);
INSERT INTO employee_skill (employee_id, skill_id) VALUES (67, 7);
INSERT INTO employee_skill (employee_id, skill_id) VALUES (67, 1);
INSERT INTO employee_skill (employee_id, skill_id) VALUES (68, 1);
INSERT INTO employee_skill (employee_id, skill_id) VALUES (69, 7);
INSERT INTO employee_skill (employee_id, skill_id) VALUES (69, 3);
INSERT INTO employee_skill (employee_id, skill_id) VALUES (70, 4);
INSERT INTO employee_skill (employee_id, skill_id) VALUES (70, 3);
INSERT INTO employee_skill (employee_id, skill_id) VALUES (71, 7);
INSERT INTO employee_skill (employee_id, skill_id) VALUES (71, 1);
INSERT INTO employee_skill (employee_id, skill_id) VALUES (72, 3);
INSERT INTO employee_skill (employee_id, skill_id) VALUES (73, 1);
INSERT INTO employee_skill (employee_id, skill_id) VALUES (73, 7);
INSERT INTO employee_skill (employee_id, skill_id) VALUES (74, 5);
INSERT INTO employee_skill (employee_id, skill_id) VALUES (74, 2);
INSERT INTO employee_skill (employee_id, skill_id) VALUES (74, 1);
INSERT INTO employee_skill (employee_id, skill_id) VALUES (75, 2);
INSERT INTO employee_skill (employee_id, skill_id) VALUES (75, 7);
INSERT INTO employee_skill (employee_id, skill_id) VALUES (75, 3);
INSERT INTO employee_skill (employee_id, skill_id) VALUES (76, 2);
INSERT INTO employee_skill (employee_id, skill_id) VALUES (77, 3);
INSERT INTO employee_skill (employee_id, skill_id) VALUES (77, 4);
INSERT INTO employee_skill (employee_id, skill_id) VALUES (77, 5);
INSERT INTO employee_skill (employee_id, skill_id) VALUES (78, 1);
INSERT INTO employee_skill (employee_id, skill_id) VALUES (79, 2);
INSERT INTO employee_skill (employee_id, skill_id) VALUES (79, 5);
INSERT INTO employee_skill (employee_id, skill_id) VALUES (80, 5);
INSERT INTO employee_skill (employee_id, skill_id) VALUES (80, 1);
INSERT INTO employee_skill (employee_id, skill_id) VALUES (80, 4);
INSERT INTO employee_skill (employee_id, skill_id) VALUES (81, 2);
INSERT INTO employee_skill (employee_id, skill_id) VALUES (81, 3);
INSERT INTO employee_skill (employee_id, skill_id) VALUES (81, 5);
INSERT INTO employee_skill (employee_id, skill_id) VALUES (82, 5);
INSERT INTO employee_skill (employee_id, skill_id) VALUES (82, 4);
INSERT INTO employee_skill (employee_id, skill_id) VALUES (82, 6);
INSERT INTO employee_skill (employee_id, skill_id) VALUES (83, 5);
INSERT INTO employee_skill (employee_id, skill_id) VALUES (83, 4);
INSERT INTO employee_skill (employee_id, skill_id) VALUES (84, 5);
INSERT INTO employee_skill (employee_id, skill_id) VALUES (84, 3);
INSERT INTO employee_skill (employee_id, skill_id) VALUES (85, 4);
INSERT INTO employee_skill (employee_id, skill_id) VALUES (86, 4);
INSERT INTO employee_skill (employee_id, skill_id) VALUES (86, 5);
INSERT INTO employee_skill (employee_id, skill_id) VALUES (87, 1);
INSERT INTO employee_skill (employee_id, skill_id) VALUES (87, 3);
INSERT INTO employee_skill (employee_id, skill_id) VALUES (87, 7);
INSERT INTO employee_skill (employee_id, skill_id) VALUES (88, 7);
INSERT INTO employee_skill (employee_id, skill_id) VALUES (88, 1);
INSERT INTO employee_skill (employee_id, skill_id) VALUES (88, 4);
INSERT INTO employee_skill (employee_id, skill_id) VALUES (89, 7);
INSERT INTO employee_skill (employee_id, skill_id) VALUES (89, 4);
INSERT INTO employee_skill (employee_id, skill_id) VALUES (90, 7);
INSERT INTO employee_skill (employee_id, skill_id) VALUES (90, 4);
INSERT INTO employee_skill (employee_id, skill_id) VALUES (91, 6);
INSERT INTO employee_skill (employee_id, skill_id) VALUES (91, 1);
INSERT INTO employee_skill (employee_id, skill_id) VALUES (91, 5);
INSERT INTO employee_skill (employee_id, skill_id) VALUES (92, 5);
INSERT INTO employee_skill (employee_id, skill_id) VALUES (92, 3);
INSERT INTO employee_skill (employee_id, skill_id) VALUES (92, 2);
INSERT INTO employee_skill (employee_id, skill_id) VALUES (93, 7);
INSERT INTO employee_skill (employee_id, skill_id) VALUES (93, 1);
INSERT INTO employee_skill (employee_id, skill_id) VALUES (94, 4);
INSERT INTO employee_skill (employee_id, skill_id) VALUES (94, 5);
INSERT INTO employee_skill (employee_id, skill_id) VALUES (94, 7);
INSERT INTO employee_skill (employee_id, skill_id) VALUES (95, 1);
INSERT INTO employee_skill (employee_id, skill_id) VALUES (95, 4);
INSERT INTO employee_skill (employee_id, skill_id) VALUES (96, 6);
INSERT INTO employee_skill (employee_id, skill_id) VALUES (97, 4);
INSERT INTO employee_skill (employee_id, skill_id) VALUES (98, 4);
INSERT INTO employee_skill (employee_id, skill_id) VALUES (99, 2);
INSERT INTO employee_skill (employee_id, skill_id) VALUES (99, 5);
INSERT INTO employee_skill (employee_id, skill_id) VALUES (99, 4);
INSERT INTO employee_skill (employee_id, skill_id) VALUES (100, 7);

-- Planned Activities
INSERT INTO planned_activity (teaching_activity_id, course_instance_id, study_period_id, planned_hours) VALUES (3, 1, 1, 45);
INSERT INTO planned_activity (teaching_activity_id, course_instance_id, study_period_id, planned_hours) VALUES (3, 2, 3, 49);
INSERT INTO planned_activity (teaching_activity_id, course_instance_id, study_period_id, planned_hours) VALUES (3, 3, 2, 46);
INSERT INTO planned_activity (teaching_activity_id, course_instance_id, study_period_id, planned_hours) VALUES (4, 4, 4, 47);
INSERT INTO planned_activity (teaching_activity_id, course_instance_id, study_period_id, planned_hours) VALUES (1, 5, 4, 25);
INSERT INTO planned_activity (teaching_activity_id, course_instance_id, study_period_id, planned_hours) VALUES (2, 6, 2, 41);
INSERT INTO planned_activity (teaching_activity_id, course_instance_id, study_period_id, planned_hours) VALUES (4, 7, 3, 15);
INSERT INTO planned_activity (teaching_activity_id, course_instance_id, study_period_id, planned_hours) VALUES (2, 8, 4, 40);
INSERT INTO planned_activity (teaching_activity_id, course_instance_id, study_period_id, planned_hours) VALUES (2, 9, 1, 32);
INSERT INTO planned_activity (teaching_activity_id, course_instance_id, study_period_id, planned_hours) VALUES (4, 10, 2, 28);
INSERT INTO planned_activity (teaching_activity_id, course_instance_id, study_period_id, planned_hours) VALUES (4, 11, 2, 29);
INSERT INTO planned_activity (teaching_activity_id, course_instance_id, study_period_id, planned_hours) VALUES (4, 12, 2, 45);
INSERT INTO planned_activity (teaching_activity_id, course_instance_id, study_period_id, planned_hours) VALUES (3, 13, 2, 14);
INSERT INTO planned_activity (teaching_activity_id, course_instance_id, study_period_id, planned_hours) VALUES (3, 14, 2, 39);
INSERT INTO planned_activity (teaching_activity_id, course_instance_id, study_period_id, planned_hours) VALUES (1, 15, 3, 50);
INSERT INTO planned_activity (teaching_activity_id, course_instance_id, study_period_id, planned_hours) VALUES (3, 16, 4, 48);
INSERT INTO planned_activity (teaching_activity_id, course_instance_id, study_period_id, planned_hours) VALUES (1, 17, 3, 20);
INSERT INTO planned_activity (teaching_activity_id, course_instance_id, study_period_id, planned_hours) VALUES (1, 18, 2, 47);
INSERT INTO planned_activity (teaching_activity_id, course_instance_id, study_period_id, planned_hours) VALUES (3, 19, 4, 18);
INSERT INTO planned_activity (teaching_activity_id, course_instance_id, study_period_id, planned_hours) VALUES (4, 20, 2, 45);
INSERT INTO planned_activity (teaching_activity_id, course_instance_id, study_period_id, planned_hours) VALUES (2, 21, 2, 13);
INSERT INTO planned_activity (teaching_activity_id, course_instance_id, study_period_id, planned_hours) VALUES (4, 22, 3, 13);
INSERT INTO planned_activity (teaching_activity_id, course_instance_id, study_period_id, planned_hours) VALUES (3, 23, 1, 46);
INSERT INTO planned_activity (teaching_activity_id, course_instance_id, study_period_id, planned_hours) VALUES (2, 24, 1, 19);
INSERT INTO planned_activity (teaching_activity_id, course_instance_id, study_period_id, planned_hours) VALUES (1, 25, 4, 36);
INSERT INTO planned_activity (teaching_activity_id, course_instance_id, study_period_id, planned_hours) VALUES (2, 26, 3, 41);
INSERT INTO planned_activity (teaching_activity_id, course_instance_id, study_period_id, planned_hours) VALUES (3, 27, 2, 32);
INSERT INTO planned_activity (teaching_activity_id, course_instance_id, study_period_id, planned_hours) VALUES (4, 28, 1, 43);
INSERT INTO planned_activity (teaching_activity_id, course_instance_id, study_period_id, planned_hours) VALUES (4, 29, 1, 11);
INSERT INTO planned_activity (teaching_activity_id, course_instance_id, study_period_id, planned_hours) VALUES (1, 30, 3, 10);
INSERT INTO planned_activity (teaching_activity_id, course_instance_id, study_period_id, planned_hours) VALUES (1, 31, 1, 29);
INSERT INTO planned_activity (teaching_activity_id, course_instance_id, study_period_id, planned_hours) VALUES (4, 32, 1, 16);
INSERT INTO planned_activity (teaching_activity_id, course_instance_id, study_period_id, planned_hours) VALUES (3, 33, 4, 13);
INSERT INTO planned_activity (teaching_activity_id, course_instance_id, study_period_id, planned_hours) VALUES (2, 34, 3, 15);
INSERT INTO planned_activity (teaching_activity_id, course_instance_id, study_period_id, planned_hours) VALUES (4, 35, 2, 34);
INSERT INTO planned_activity (teaching_activity_id, course_instance_id, study_period_id, planned_hours) VALUES (4, 36, 1, 14);
INSERT INTO planned_activity (teaching_activity_id, course_instance_id, study_period_id, planned_hours) VALUES (1, 37, 3, 23);
INSERT INTO planned_activity (teaching_activity_id, course_instance_id, study_period_id, planned_hours) VALUES (1, 38, 2, 24);
INSERT INTO planned_activity (teaching_activity_id, course_instance_id, study_period_id, planned_hours) VALUES (1, 39, 2, 25);
INSERT INTO planned_activity (teaching_activity_id, course_instance_id, study_period_id, planned_hours) VALUES (4, 40, 1, 23);
INSERT INTO planned_activity (teaching_activity_id, course_instance_id, study_period_id, planned_hours) VALUES (1, 41, 3, 21);
INSERT INTO planned_activity (teaching_activity_id, course_instance_id, study_period_id, planned_hours) VALUES (4, 42, 4, 23);
INSERT INTO planned_activity (teaching_activity_id, course_instance_id, study_period_id, planned_hours) VALUES (4, 43, 1, 45);
INSERT INTO planned_activity (teaching_activity_id, course_instance_id, study_period_id, planned_hours) VALUES (3, 44, 4, 41);
INSERT INTO planned_activity (teaching_activity_id, course_instance_id, study_period_id, planned_hours) VALUES (1, 45, 4, 14);
INSERT INTO planned_activity (teaching_activity_id, course_instance_id, study_period_id, planned_hours) VALUES (1, 46, 4, 17);
INSERT INTO planned_activity (teaching_activity_id, course_instance_id, study_period_id, planned_hours) VALUES (1, 47, 2, 43);
INSERT INTO planned_activity (teaching_activity_id, course_instance_id, study_period_id, planned_hours) VALUES (3, 48, 2, 39);
INSERT INTO planned_activity (teaching_activity_id, course_instance_id, study_period_id, planned_hours) VALUES (4, 49, 3, 23);
INSERT INTO planned_activity (teaching_activity_id, course_instance_id, study_period_id, planned_hours) VALUES (2, 50, 3, 36);
INSERT INTO planned_activity (teaching_activity_id, course_instance_id, study_period_id, planned_hours) VALUES (1, 51, 4, 27);
INSERT INTO planned_activity (teaching_activity_id, course_instance_id, study_period_id, planned_hours) VALUES (4, 52, 1, 45);
INSERT INTO planned_activity (teaching_activity_id, course_instance_id, study_period_id, planned_hours) VALUES (3, 53, 1, 38);
INSERT INTO planned_activity (teaching_activity_id, course_instance_id, study_period_id, planned_hours) VALUES (1, 54, 2, 46);
INSERT INTO planned_activity (teaching_activity_id, course_instance_id, study_period_id, planned_hours) VALUES (4, 55, 2, 10);
INSERT INTO planned_activity (teaching_activity_id, course_instance_id, study_period_id, planned_hours) VALUES (3, 56, 2, 35);
INSERT INTO planned_activity (teaching_activity_id, course_instance_id, study_period_id, planned_hours) VALUES (3, 57, 4, 29);
INSERT INTO planned_activity (teaching_activity_id, course_instance_id, study_period_id, planned_hours) VALUES (4, 58, 4, 43);
INSERT INTO planned_activity (teaching_activity_id, course_instance_id, study_period_id, planned_hours) VALUES (2, 59, 4, 36);
INSERT INTO planned_activity (teaching_activity_id, course_instance_id, study_period_id, planned_hours) VALUES (3, 60, 3, 28);
INSERT INTO planned_activity (teaching_activity_id, course_instance_id, study_period_id, planned_hours) VALUES (3, 61, 1, 32);
INSERT INTO planned_activity (teaching_activity_id, course_instance_id, study_period_id, planned_hours) VALUES (1, 62, 3, 22);
INSERT INTO planned_activity (teaching_activity_id, course_instance_id, study_period_id, planned_hours) VALUES (2, 63, 4, 11);
INSERT INTO planned_activity (teaching_activity_id, course_instance_id, study_period_id, planned_hours) VALUES (3, 64, 2, 11);
INSERT INTO planned_activity (teaching_activity_id, course_instance_id, study_period_id, planned_hours) VALUES (3, 65, 4, 39);
INSERT INTO planned_activity (teaching_activity_id, course_instance_id, study_period_id, planned_hours) VALUES (4, 66, 1, 28);
INSERT INTO planned_activity (teaching_activity_id, course_instance_id, study_period_id, planned_hours) VALUES (1, 67, 4, 32);
INSERT INTO planned_activity (teaching_activity_id, course_instance_id, study_period_id, planned_hours) VALUES (3, 68, 2, 13);
INSERT INTO planned_activity (teaching_activity_id, course_instance_id, study_period_id, planned_hours) VALUES (1, 69, 3, 34);
INSERT INTO planned_activity (teaching_activity_id, course_instance_id, study_period_id, planned_hours) VALUES (1, 70, 2, 10);
INSERT INTO planned_activity (teaching_activity_id, course_instance_id, study_period_id, planned_hours) VALUES (4, 71, 3, 40);
INSERT INTO planned_activity (teaching_activity_id, course_instance_id, study_period_id, planned_hours) VALUES (4, 72, 1, 24);
INSERT INTO planned_activity (teaching_activity_id, course_instance_id, study_period_id, planned_hours) VALUES (4, 73, 1, 10);
INSERT INTO planned_activity (teaching_activity_id, course_instance_id, study_period_id, planned_hours) VALUES (3, 74, 4, 41);
INSERT INTO planned_activity (teaching_activity_id, course_instance_id, study_period_id, planned_hours) VALUES (4, 75, 1, 48);
INSERT INTO planned_activity (teaching_activity_id, course_instance_id, study_period_id, planned_hours) VALUES (1, 76, 4, 15);
INSERT INTO planned_activity (teaching_activity_id, course_instance_id, study_period_id, planned_hours) VALUES (1, 77, 4, 35);
INSERT INTO planned_activity (teaching_activity_id, course_instance_id, study_period_id, planned_hours) VALUES (3, 78, 1, 30);
INSERT INTO planned_activity (teaching_activity_id, course_instance_id, study_period_id, planned_hours) VALUES (4, 79, 2, 37);
INSERT INTO planned_activity (teaching_activity_id, course_instance_id, study_period_id, planned_hours) VALUES (1, 80, 4, 47);
INSERT INTO planned_activity (teaching_activity_id, course_instance_id, study_period_id, planned_hours) VALUES (2, 81, 3, 36);
INSERT INTO planned_activity (teaching_activity_id, course_instance_id, study_period_id, planned_hours) VALUES (4, 82, 2, 44);
INSERT INTO planned_activity (teaching_activity_id, course_instance_id, study_period_id, planned_hours) VALUES (2, 83, 3, 49);
INSERT INTO planned_activity (teaching_activity_id, course_instance_id, study_period_id, planned_hours) VALUES (1, 84, 1, 14);
INSERT INTO planned_activity (teaching_activity_id, course_instance_id, study_period_id, planned_hours) VALUES (2, 85, 4, 12);
INSERT INTO planned_activity (teaching_activity_id, course_instance_id, study_period_id, planned_hours) VALUES (2, 86, 4, 31);
INSERT INTO planned_activity (teaching_activity_id, course_instance_id, study_period_id, planned_hours) VALUES (3, 87, 4, 22);
INSERT INTO planned_activity (teaching_activity_id, course_instance_id, study_period_id, planned_hours) VALUES (1, 88, 4, 37);
INSERT INTO planned_activity (teaching_activity_id, course_instance_id, study_period_id, planned_hours) VALUES (3, 89, 4, 28);
INSERT INTO planned_activity (teaching_activity_id, course_instance_id, study_period_id, planned_hours) VALUES (2, 90, 3, 13);
INSERT INTO planned_activity (teaching_activity_id, course_instance_id, study_period_id, planned_hours) VALUES (3, 91, 1, 21);
INSERT INTO planned_activity (teaching_activity_id, course_instance_id, study_period_id, planned_hours) VALUES (1, 92, 2, 44);
INSERT INTO planned_activity (teaching_activity_id, course_instance_id, study_period_id, planned_hours) VALUES (1, 93, 4, 32);
INSERT INTO planned_activity (teaching_activity_id, course_instance_id, study_period_id, planned_hours) VALUES (4, 94, 3, 11);
INSERT INTO planned_activity (teaching_activity_id, course_instance_id, study_period_id, planned_hours) VALUES (4, 95, 2, 10);
INSERT INTO planned_activity (teaching_activity_id, course_instance_id, study_period_id, planned_hours) VALUES (2, 96, 2, 14);
INSERT INTO planned_activity (teaching_activity_id, course_instance_id, study_period_id, planned_hours) VALUES (2, 97, 3, 43);
INSERT INTO planned_activity (teaching_activity_id, course_instance_id, study_period_id, planned_hours) VALUES (1, 98, 2, 45);
INSERT INTO planned_activity (teaching_activity_id, course_instance_id, study_period_id, planned_hours) VALUES (4, 99, 4, 26);
INSERT INTO planned_activity (teaching_activity_id, course_instance_id, study_period_id, planned_hours) VALUES (4, 100, 1, 48);

-- Activity Allocations
INSERT INTO activity_allocation (employee_id, teaching_activity_id, course_instance_id, study_period_id) VALUES (48, 3, 1, 1);
INSERT INTO activity_allocation (employee_id, teaching_activity_id, course_instance_id, study_period_id) VALUES (41, 3, 2, 3);
INSERT INTO activity_allocation (employee_id, teaching_activity_id, course_instance_id, study_period_id) VALUES (72, 3, 3, 2);
INSERT INTO activity_allocation (employee_id, teaching_activity_id, course_instance_id, study_period_id) VALUES (49, 4, 4, 4);
INSERT INTO activity_allocation (employee_id, teaching_activity_id, course_instance_id, study_period_id) VALUES (78, 1, 5, 4);
INSERT INTO activity_allocation (employee_id, teaching_activity_id, course_instance_id, study_period_id) VALUES (23, 2, 6, 2);
INSERT INTO activity_allocation (employee_id, teaching_activity_id, course_instance_id, study_period_id) VALUES (90, 4, 7, 3);
INSERT INTO activity_allocation (employee_id, teaching_activity_id, course_instance_id, study_period_id) VALUES (19, 2, 8, 4);
INSERT INTO activity_allocation (employee_id, teaching_activity_id, course_instance_id, study_period_id) VALUES (56, 2, 9, 1);
INSERT INTO activity_allocation (employee_id, teaching_activity_id, course_instance_id, study_period_id) VALUES (79, 4, 10, 2);
INSERT INTO activity_allocation (employee_id, teaching_activity_id, course_instance_id, study_period_id) VALUES (77, 4, 11, 2);
INSERT INTO activity_allocation (employee_id, teaching_activity_id, course_instance_id, study_period_id) VALUES (20, 4, 12, 2);
INSERT INTO activity_allocation (employee_id, teaching_activity_id, course_instance_id, study_period_id) VALUES (81, 3, 13, 2);
INSERT INTO activity_allocation (employee_id, teaching_activity_id, course_instance_id, study_period_id) VALUES (28, 3, 14, 2);
INSERT INTO activity_allocation (employee_id, teaching_activity_id, course_instance_id, study_period_id) VALUES (77, 1, 15, 3);
INSERT INTO activity_allocation (employee_id, teaching_activity_id, course_instance_id, study_period_id) VALUES (13, 3, 16, 4);
INSERT INTO activity_allocation (employee_id, teaching_activity_id, course_instance_id, study_period_id) VALUES (21, 1, 17, 3);
INSERT INTO activity_allocation (employee_id, teaching_activity_id, course_instance_id, study_period_id) VALUES (57, 1, 18, 2);
INSERT INTO activity_allocation (employee_id, teaching_activity_id, course_instance_id, study_period_id) VALUES (34, 3, 19, 4);
INSERT INTO activity_allocation (employee_id, teaching_activity_id, course_instance_id, study_period_id) VALUES (83, 4, 20, 2);
INSERT INTO activity_allocation (employee_id, teaching_activity_id, course_instance_id, study_period_id) VALUES (75, 2, 21, 2);
INSERT INTO activity_allocation (employee_id, teaching_activity_id, course_instance_id, study_period_id) VALUES (82, 4, 22, 3);
INSERT INTO activity_allocation (employee_id, teaching_activity_id, course_instance_id, study_period_id) VALUES (14, 3, 23, 1);
INSERT INTO activity_allocation (employee_id, teaching_activity_id, course_instance_id, study_period_id) VALUES (61, 2, 24, 1);
INSERT INTO activity_allocation (employee_id, teaching_activity_id, course_instance_id, study_period_id) VALUES (14, 1, 25, 4);
INSERT INTO activity_allocation (employee_id, teaching_activity_id, course_instance_id, study_period_id) VALUES (69, 2, 26, 3);
INSERT INTO activity_allocation (employee_id, teaching_activity_id, course_instance_id, study_period_id) VALUES (31, 3, 27, 2);
INSERT INTO activity_allocation (employee_id, teaching_activity_id, course_instance_id, study_period_id) VALUES (30, 4, 28, 1);
INSERT INTO activity_allocation (employee_id, teaching_activity_id, course_instance_id, study_period_id) VALUES (43, 4, 29, 1);
INSERT INTO activity_allocation (employee_id, teaching_activity_id, course_instance_id, study_period_id) VALUES (72, 1, 30, 3);
INSERT INTO activity_allocation (employee_id, teaching_activity_id, course_instance_id, study_period_id) VALUES (7, 1, 31, 1);
INSERT INTO activity_allocation (employee_id, teaching_activity_id, course_instance_id, study_period_id) VALUES (84, 4, 32, 1);
INSERT INTO activity_allocation (employee_id, teaching_activity_id, course_instance_id, study_period_id) VALUES (37, 3, 33, 4);
INSERT INTO activity_allocation (employee_id, teaching_activity_id, course_instance_id, study_period_id) VALUES (99, 2, 34, 3);
INSERT INTO activity_allocation (employee_id, teaching_activity_id, course_instance_id, study_period_id) VALUES (8, 4, 35, 2);
INSERT INTO activity_allocation (employee_id, teaching_activity_id, course_instance_id, study_period_id) VALUES (78, 4, 36, 1);
INSERT INTO activity_allocation (employee_id, teaching_activity_id, course_instance_id, study_period_id) VALUES (89, 1, 37, 3);
INSERT INTO activity_allocation (employee_id, teaching_activity_id, course_instance_id, study_period_id) VALUES (49, 1, 38, 2);
INSERT INTO activity_allocation (employee_id, teaching_activity_id, course_instance_id, study_period_id) VALUES (72, 1, 39, 2);
INSERT INTO activity_allocation (employee_id, teaching_activity_id, course_instance_id, study_period_id) VALUES (3, 4, 40, 1);
INSERT INTO activity_allocation (employee_id, teaching_activity_id, course_instance_id, study_period_id) VALUES (72, 1, 41, 3);
INSERT INTO activity_allocation (employee_id, teaching_activity_id, course_instance_id, study_period_id) VALUES (62, 4, 42, 4);
INSERT INTO activity_allocation (employee_id, teaching_activity_id, course_instance_id, study_period_id) VALUES (16, 4, 43, 1);
INSERT INTO activity_allocation (employee_id, teaching_activity_id, course_instance_id, study_period_id) VALUES (96, 3, 44, 4);
INSERT INTO activity_allocation (employee_id, teaching_activity_id, course_instance_id, study_period_id) VALUES (63, 1, 45, 4);
INSERT INTO activity_allocation (employee_id, teaching_activity_id, course_instance_id, study_period_id) VALUES (27, 1, 46, 4);
INSERT INTO activity_allocation (employee_id, teaching_activity_id, course_instance_id, study_period_id) VALUES (72, 1, 47, 2);
INSERT INTO activity_allocation (employee_id, teaching_activity_id, course_instance_id, study_period_id) VALUES (8, 3, 48, 2);
INSERT INTO activity_allocation (employee_id, teaching_activity_id, course_instance_id, study_period_id) VALUES (33, 4, 49, 3);
INSERT INTO activity_allocation (employee_id, teaching_activity_id, course_instance_id, study_period_id) VALUES (8, 2, 50, 3);
INSERT INTO activity_allocation (employee_id, teaching_activity_id, course_instance_id, study_period_id) VALUES (93, 1, 51, 4);
INSERT INTO activity_allocation (employee_id, teaching_activity_id, course_instance_id, study_period_id) VALUES (99, 4, 52, 1);
INSERT INTO activity_allocation (employee_id, teaching_activity_id, course_instance_id, study_period_id) VALUES (35, 3, 53, 1);
INSERT INTO activity_allocation (employee_id, teaching_activity_id, course_instance_id, study_period_id) VALUES (16, 1, 54, 2);
INSERT INTO activity_allocation (employee_id, teaching_activity_id, course_instance_id, study_period_id) VALUES (91, 4, 55, 2);
INSERT INTO activity_allocation (employee_id, teaching_activity_id, course_instance_id, study_period_id) VALUES (99, 3, 56, 2);
INSERT INTO activity_allocation (employee_id, teaching_activity_id, course_instance_id, study_period_id) VALUES (43, 3, 57, 4);
INSERT INTO activity_allocation (employee_id, teaching_activity_id, course_instance_id, study_period_id) VALUES (44, 4, 58, 4);
INSERT INTO activity_allocation (employee_id, teaching_activity_id, course_instance_id, study_period_id) VALUES (28, 2, 59, 4);
INSERT INTO activity_allocation (employee_id, teaching_activity_id, course_instance_id, study_period_id) VALUES (22, 3, 60, 3);
INSERT INTO activity_allocation (employee_id, teaching_activity_id, course_instance_id, study_period_id) VALUES (91, 3, 61, 1);
INSERT INTO activity_allocation (employee_id, teaching_activity_id, course_instance_id, study_period_id) VALUES (22, 1, 62, 3);
INSERT INTO activity_allocation (employee_id, teaching_activity_id, course_instance_id, study_period_id) VALUES (86, 2, 63, 4);
INSERT INTO activity_allocation (employee_id, teaching_activity_id, course_instance_id, study_period_id) VALUES (16, 3, 64, 2);
INSERT INTO activity_allocation (employee_id, teaching_activity_id, course_instance_id, study_period_id) VALUES (88, 3, 65, 4);
INSERT INTO activity_allocation (employee_id, teaching_activity_id, course_instance_id, study_period_id) VALUES (47, 4, 66, 1);
INSERT INTO activity_allocation (employee_id, teaching_activity_id, course_instance_id, study_period_id) VALUES (66, 1, 67, 4);
INSERT INTO activity_allocation (employee_id, teaching_activity_id, course_instance_id, study_period_id) VALUES (78, 3, 68, 2);
INSERT INTO activity_allocation (employee_id, teaching_activity_id, course_instance_id, study_period_id) VALUES (41, 1, 69, 3);
INSERT INTO activity_allocation (employee_id, teaching_activity_id, course_instance_id, study_period_id) VALUES (88, 1, 70, 2);
INSERT INTO activity_allocation (employee_id, teaching_activity_id, course_instance_id, study_period_id) VALUES (1, 4, 71, 3);
INSERT INTO activity_allocation (employee_id, teaching_activity_id, course_instance_id, study_period_id) VALUES (52, 4, 72, 1);
INSERT INTO activity_allocation (employee_id, teaching_activity_id, course_instance_id, study_period_id) VALUES (4, 4, 73, 1);
INSERT INTO activity_allocation (employee_id, teaching_activity_id, course_instance_id, study_period_id) VALUES (57, 3, 74, 4);
INSERT INTO activity_allocation (employee_id, teaching_activity_id, course_instance_id, study_period_id) VALUES (58, 4, 75, 1);
INSERT INTO activity_allocation (employee_id, teaching_activity_id, course_instance_id, study_period_id) VALUES (91, 1, 76, 4);
INSERT INTO activity_allocation (employee_id, teaching_activity_id, course_instance_id, study_period_id) VALUES (37, 1, 77, 4);
INSERT INTO activity_allocation (employee_id, teaching_activity_id, course_instance_id, study_period_id) VALUES (60, 3, 78, 1);
INSERT INTO activity_allocation (employee_id, teaching_activity_id, course_instance_id, study_period_id) VALUES (27, 4, 79, 2);
INSERT INTO activity_allocation (employee_id, teaching_activity_id, course_instance_id, study_period_id) VALUES (58, 1, 80, 4);
INSERT INTO activity_allocation (employee_id, teaching_activity_id, course_instance_id, study_period_id) VALUES (80, 2, 81, 3);
INSERT INTO activity_allocation (employee_id, teaching_activity_id, course_instance_id, study_period_id) VALUES (35, 4, 82, 2);
INSERT INTO activity_allocation (employee_id, teaching_activity_id, course_instance_id, study_period_id) VALUES (33, 2, 83, 3);
INSERT INTO activity_allocation (employee_id, teaching_activity_id, course_instance_id, study_period_id) VALUES (78, 1, 84, 1);
INSERT INTO activity_allocation (employee_id, teaching_activity_id, course_instance_id, study_period_id) VALUES (39, 2, 85, 4);
INSERT INTO activity_allocation (employee_id, teaching_activity_id, course_instance_id, study_period_id) VALUES (43, 2, 86, 4);
INSERT INTO activity_allocation (employee_id, teaching_activity_id, course_instance_id, study_period_id) VALUES (76, 3, 87, 4);
INSERT INTO activity_allocation (employee_id, teaching_activity_id, course_instance_id, study_period_id) VALUES (4, 1, 88, 4);
INSERT INTO activity_allocation (employee_id, teaching_activity_id, course_instance_id, study_period_id) VALUES (94, 3, 89, 4);
INSERT INTO activity_allocation (employee_id, teaching_activity_id, course_instance_id, study_period_id) VALUES (31, 2, 90, 3);
INSERT INTO activity_allocation (employee_id, teaching_activity_id, course_instance_id, study_period_id) VALUES (54, 3, 91, 1);
INSERT INTO activity_allocation (employee_id, teaching_activity_id, course_instance_id, study_period_id) VALUES (3, 1, 92, 2);
INSERT INTO activity_allocation (employee_id, teaching_activity_id, course_instance_id, study_period_id) VALUES (74, 1, 93, 4);
INSERT INTO activity_allocation (employee_id, teaching_activity_id, course_instance_id, study_period_id) VALUES (41, 4, 94, 3);
INSERT INTO activity_allocation (employee_id, teaching_activity_id, course_instance_id, study_period_id) VALUES (24, 4, 95, 2);
INSERT INTO activity_allocation (employee_id, teaching_activity_id, course_instance_id, study_period_id) VALUES (31, 2, 96, 2);
INSERT INTO activity_allocation (employee_id, teaching_activity_id, course_instance_id, study_period_id) VALUES (64, 2, 97, 3);
INSERT INTO activity_allocation (employee_id, teaching_activity_id, course_instance_id, study_period_id) VALUES (65, 1, 98, 2);
INSERT INTO activity_allocation (employee_id, teaching_activity_id, course_instance_id, study_period_id) VALUES (6, 4, 99, 4);
INSERT INTO activity_allocation (employee_id, teaching_activity_id, course_instance_id, study_period_id) VALUES (81, 4, 100, 1);

-- Update Departments Manager
UPDATE department SET manager_id = 25 WHERE department_id = 1;
UPDATE department SET manager_id = 9 WHERE department_id = 2;
UPDATE department SET manager_id = 32 WHERE department_id = 3;
UPDATE department SET manager_id = 94 WHERE department_id = 4;

-- Re-add circular salary constraints
ALTER TABLE salary_history ADD CONSTRAINT FK_salary_history_0 FOREIGN KEY (employee_id) REFERENCES employee (employee_id);
ALTER TABLE employee ADD CONSTRAINT FK_employee_4 FOREIGN KEY (salary_history_id) REFERENCES salary_history (salary_history_id);
