-- Generated Data Script (for updated schema with salary_history_id on employee)
-- NOTE: Run this on a clean database after running task1.sql

-- Temporarily drop circular salary constraints (if they exist)
ALTER TABLE employee DROP CONSTRAINT IF EXISTS FK_employee_4;
ALTER TABLE salary_history DROP CONSTRAINT IF EXISTS FK_salary_history_0;

-- Study Period Types
INSERT INTO study_period_type (study_period_id) VALUES (1);
INSERT INTO study_period_type (study_period_id) VALUES (2);
INSERT INTO study_period_type (study_period_id) VALUES (3);
INSERT INTO study_period_type (study_period_id) VALUES (4);

-- Departments
INSERT INTO department (department_name, manager_id) VALUES ('Civil Engineering', NULL);
INSERT INTO department (department_name, manager_id) VALUES ('Information Technology', NULL);
INSERT INTO department (department_name, manager_id) VALUES ('Architecture', NULL);
INSERT INTO department (department_name, manager_id) VALUES ('Urban Planning', NULL);

-- Job Titles
INSERT INTO job_title (job_title) VALUES ('Lecturer');
INSERT INTO job_title (job_title) VALUES ('Senior Lecturer');
INSERT INTO job_title (job_title) VALUES ('Professor');
INSERT INTO job_title (job_title) VALUES ('PhD Student');
INSERT INTO job_title (job_title) VALUES ('Administrator');

-- Skills
INSERT INTO skill (skill_name) VALUES ('Python');
INSERT INTO skill (skill_name) VALUES ('SQL');
INSERT INTO skill (skill_name) VALUES ('AutoCAD');
INSERT INTO skill (skill_name) VALUES ('Revit');
INSERT INTO skill (skill_name) VALUES ('GIS');
INSERT INTO skill (skill_name) VALUES ('Project Management');
INSERT INTO skill (skill_name) VALUES ('Matlab');

-- Teaching Activities
INSERT INTO teaching_activity (activity_name, factor) VALUES ('Lecture', 2.0);
INSERT INTO teaching_activity (activity_name, factor) VALUES ('Lab', 1.7);
INSERT INTO teaching_activity (activity_name, factor) VALUES ('Seminar', 1.5);
INSERT INTO teaching_activity (activity_name, factor) VALUES ('Project', 0.5);

-- Course Layouts
INSERT INTO course_layout (course_code, course_name, min_students, max_students, hp, valid_from) VALUES ('AL1523', 'Digitalisation and Innovation for Sustainable Development', 142, 279, 7.5, DATE '2020-01-01');
INSERT INTO course_layout (course_code, course_name, min_students, max_students, hp, valid_from) VALUES ('DD1351', 'Logic for Computer Scientists', 79, 285, 7.5, DATE '2020-01-01');
INSERT INTO course_layout (course_code, course_name, min_students, max_students, hp, valid_from) VALUES ('DD2350', 'Algorithms, Data Structures and Complexity', 55, 210, 9.5, DATE '2020-01-01');
INSERT INTO course_layout (course_code, course_name, min_students, max_students, hp, valid_from) VALUES ('DD2352', 'Algorithms and Complexity', 113, 268, 7.5, DATE '2020-01-01');
INSERT INTO course_layout (course_code, course_name, min_students, max_students, hp, valid_from) VALUES ('DD2401', 'Neuroscience', 71, 193, 7.5, DATE '2020-01-01');
INSERT INTO course_layout (course_code, course_name, min_students, max_students, hp, valid_from) VALUES ('DH2642', 'Interaction Programming and the Dynamic Web', 103, 195, 7.5, DATE '2020-01-01');
INSERT INTO course_layout (course_code, course_name, min_students, max_students, hp, valid_from) VALUES ('EL1020', 'Automatic Control, general course', 92, 241, 6.0, DATE '2020-01-01');
INSERT INTO course_layout (course_code, course_name, min_students, max_students, hp, valid_from) VALUES ('EQ1110', 'Continuous Time Signals and Systems', 56, 241, 6.0, DATE '2020-01-01');
INSERT INTO course_layout (course_code, course_name, min_students, max_students, hp, valid_from) VALUES ('EQ1120', 'Discrete Time Signals and Systems', 86, 236, 6.0, DATE '2020-01-01');
INSERT INTO course_layout (course_code, course_name, min_students, max_students, hp, valid_from) VALUES ('IA150X', 'Degree Project in Information and Communication Technology', 53, 224, 15.0, DATE '2020-01-01');
INSERT INTO course_layout (course_code, course_name, min_students, max_students, hp, valid_from) VALUES ('ID1018', 'Programming I', 53, 269, 7.5, DATE '2020-01-01');
INSERT INTO course_layout (course_code, course_name, min_students, max_students, hp, valid_from) VALUES ('ID1021', 'Algorithms and Data Structures', 104, 195, 7.5, DATE '2020-01-01');
INSERT INTO course_layout (course_code, course_name, min_students, max_students, hp, valid_from) VALUES ('ID1206', 'Operating Systems', 95, 297, 7.5, DATE '2020-01-01');
INSERT INTO course_layout (course_code, course_name, min_students, max_students, hp, valid_from) VALUES ('ID1214', 'Artificial Intelligence and Applied Methods', 121, 289, 7.5, DATE '2020-01-01');
INSERT INTO course_layout (course_code, course_name, min_students, max_students, hp, valid_from) VALUES ('ID1217', 'Concurrent Programming', 116, 190, 7.5, DATE '2020-01-01');
INSERT INTO course_layout (course_code, course_name, min_students, max_students, hp, valid_from) VALUES ('ID2201', 'Distributed Systems, Basic Course', 100, 281, 7.5, DATE '2020-01-01');
INSERT INTO course_layout (course_code, course_name, min_students, max_students, hp, valid_from) VALUES ('ID2202', 'Compilers and Execution Environments', 54, 230, 7.5, DATE '2020-01-01');
INSERT INTO course_layout (course_code, course_name, min_students, max_students, hp, valid_from) VALUES ('ID2216', 'Developing Mobile Applications', 70, 259, 7.5, DATE '2020-01-01');
INSERT INTO course_layout (course_code, course_name, min_students, max_students, hp, valid_from) VALUES ('IE1204', 'Digital Design', 99, 190, 7.5, DATE '2020-01-01');
INSERT INTO course_layout (course_code, course_name, min_students, max_students, hp, valid_from) VALUES ('IE1206', 'Embedded Electronics', 120, 161, 7.5, DATE '2020-01-01');
INSERT INTO course_layout (course_code, course_name, min_students, max_students, hp, valid_from) VALUES ('II1303', 'Signal Processing', 62, 155, 7.5, DATE '2020-01-01');
INSERT INTO course_layout (course_code, course_name, min_students, max_students, hp, valid_from) VALUES ('II1305', 'Project in Information and Communication Technology', 52, 298, 7.5, DATE '2020-01-01');
INSERT INTO course_layout (course_code, course_name, min_students, max_students, hp, valid_from) VALUES ('II1307', 'Active Career', 130, 294, 1.5, DATE '2020-01-01');
INSERT INTO course_layout (course_code, course_name, min_students, max_students, hp, valid_from) VALUES ('II1308', 'Introduction to Programming', 122, 157, 1.5, DATE '2020-01-01');
INSERT INTO course_layout (course_code, course_name, min_students, max_students, hp, valid_from) VALUES ('IK1203', 'Networks and Communication', 112, 218, 7.5, DATE '2020-01-01');
INSERT INTO course_layout (course_code, course_name, min_students, max_students, hp, valid_from) VALUES ('IK1330', 'Wireless Systems', 50, 154, 7.5, DATE '2020-01-01');
INSERT INTO course_layout (course_code, course_name, min_students, max_students, hp, valid_from) VALUES ('IL1333', 'Hardware Security', 139, 278, 7.5, DATE '2020-01-01');
INSERT INTO course_layout (course_code, course_name, min_students, max_students, hp, valid_from) VALUES ('IS1200', 'Computer Hardware Engineering', 91, 202, 7.5, DATE '2020-01-01');
INSERT INTO course_layout (course_code, course_name, min_students, max_students, hp, valid_from) VALUES ('IS1300', 'Embedded Systems', 128, 228, 7.5, DATE '2020-01-01');
INSERT INTO course_layout (course_code, course_name, min_students, max_students, hp, valid_from) VALUES ('IS2202', 'Computer Systems Architecture', 137, 263, 7.5, DATE '2020-01-01');
INSERT INTO course_layout (course_code, course_name, min_students, max_students, hp, valid_from) VALUES ('IV1013', 'Introduction to Computer Security', 136, 211, 7.5, DATE '2020-01-01');
INSERT INTO course_layout (course_code, course_name, min_students, max_students, hp, valid_from) VALUES ('IV1350', 'Object Oriented Design', 115, 204, 7.5, DATE '2020-01-01');
INSERT INTO course_layout (course_code, course_name, min_students, max_students, hp, valid_from) VALUES ('IV1351', 'Data Storage Paradigms', 92, 182, 7.5, DATE '2020-01-01');
INSERT INTO course_layout (course_code, course_name, min_students, max_students, hp, valid_from) VALUES ('LS1601', 'Intercultural competence', 135, 208, 4.5, DATE '2020-01-01');
INSERT INTO course_layout (course_code, course_name, min_students, max_students, hp, valid_from) VALUES ('LS2442', 'English for Employment', 112, 230, 7.5, DATE '2020-01-01');
INSERT INTO course_layout (course_code, course_name, min_students, max_students, hp, valid_from) VALUES ('ME1003', 'Industrial Management, Basic Course', 101, 272, 6.0, DATE '2020-01-01');
INSERT INTO course_layout (course_code, course_name, min_students, max_students, hp, valid_from) VALUES ('ME2016', 'Project Management: Leadership and Control', 50, 200, 6.0, DATE '2020-01-01');
INSERT INTO course_layout (course_code, course_name, min_students, max_students, hp, valid_from) VALUES ('ME2163', 'Leading People and Organizations in Different Contexts', 81, 173, 6.0, DATE '2020-01-01');
INSERT INTO course_layout (course_code, course_name, min_students, max_students, hp, valid_from) VALUES ('SF1546', 'Numerical Methods, Basic Course', 59, 212, 6.0, DATE '2020-01-01');
INSERT INTO course_layout (course_code, course_name, min_students, max_students, hp, valid_from) VALUES ('SF1610', 'Discrete Mathematics', 129, 231, 7.5, DATE '2020-01-01');
INSERT INTO course_layout (course_code, course_name, min_students, max_students, hp, valid_from) VALUES ('SF1624', 'Algebra and Geometry', 70, 186, 7.5, DATE '2020-01-01');
INSERT INTO course_layout (course_code, course_name, min_students, max_students, hp, valid_from) VALUES ('SF1625', 'Calculus in One Variable', 103, 268, 7.5, DATE '2020-01-01');
INSERT INTO course_layout (course_code, course_name, min_students, max_students, hp, valid_from) VALUES ('SF1633', 'Differential Equations I', 149, 242, 6.0, DATE '2020-01-01');
INSERT INTO course_layout (course_code, course_name, min_students, max_students, hp, valid_from) VALUES ('SF1683', 'Differential Equations and Transforms', 105, 157, 9.0, DATE '2020-01-01');
INSERT INTO course_layout (course_code, course_name, min_students, max_students, hp, valid_from) VALUES ('SF1686', 'Calculus in Several Variable', 94, 206, 7.5, DATE '2020-01-01');
INSERT INTO course_layout (course_code, course_name, min_students, max_students, hp, valid_from) VALUES ('SF1689', 'Basic Course in Mathematics', 149, 279, 6.0, DATE '2020-01-01');
INSERT INTO course_layout (course_code, course_name, min_students, max_students, hp, valid_from) VALUES ('SF1912', 'Probability Theory and Statistics', 107, 256, 6.0, DATE '2020-01-01');
INSERT INTO course_layout (course_code, course_name, min_students, max_students, hp, valid_from) VALUES ('SG1102', 'Mechanics, Smaller Course', 58, 215, 6.0, DATE '2020-01-01');
INSERT INTO course_layout (course_code, course_name, min_students, max_students, hp, valid_from) VALUES ('SH1011', 'Modern Physics', 101, 232, 7.5, DATE '2020-01-01');
INSERT INTO course_layout (course_code, course_name, min_students, max_students, hp, valid_from) VALUES ('SK1118', 'Electromagnetism and Waves', 137, 247, 7.5, DATE '2020-01-01');

-- People, Employees, Phones, Addresses
INSERT INTO person (personal_number, first_name, last_name) VALUES ('860227-4694', 'John', 'Robbins');
INSERT INTO address (person_id, address) VALUES (1, '905 Taylor Lakes Suite 752, West Ashleyborough, DC 64660');
INSERT INTO phone (person_id, phone_number) VALUES (1, '+1-808-270-0121');
INSERT INTO employee (person_id, job_title_id, department_id, manager_id, salary_history_id) VALUES (1, 1, 3, 1, 1);
INSERT INTO person (personal_number, first_name, last_name) VALUES ('691007-8731', 'Vickie', 'Myers');
INSERT INTO address (person_id, address) VALUES (2, '125 Erickson Rest, Millerview, CT 51580');
INSERT INTO phone (person_id, phone_number) VALUES (2, '259-555-8214x183');
INSERT INTO employee (person_id, job_title_id, department_id, manager_id, salary_history_id) VALUES (2, 3, 3, 2, 2);
INSERT INTO person (personal_number, first_name, last_name) VALUES ('520815-2370', 'John', 'Nguyen');
INSERT INTO address (person_id, address) VALUES (3, '931 Laura Neck Suite 126, Greenfort, MP 07466');
INSERT INTO phone (person_id, phone_number) VALUES (3, '993.820.3318x5325');
INSERT INTO employee (person_id, job_title_id, department_id, manager_id, salary_history_id) VALUES (3, 2, 1, 2, 3);
INSERT INTO person (personal_number, first_name, last_name) VALUES ('801216-0853', 'Morgan', 'White');
INSERT INTO address (person_id, address) VALUES (4, '281 Tiffany Islands, Flemingmouth, ME 84178');
INSERT INTO phone (person_id, phone_number) VALUES (4, '+1-772-966-7761x9766');
INSERT INTO employee (person_id, job_title_id, department_id, manager_id, salary_history_id) VALUES (4, 1, 1, 4, 4);
INSERT INTO person (personal_number, first_name, last_name) VALUES ('900109-8276', 'Christopher', 'Lee');
INSERT INTO address (person_id, address) VALUES (5, '3017 Collier Garden Apt. 894, North Dorothy, AS 63053');
INSERT INTO phone (person_id, phone_number) VALUES (5, '3222241638');
INSERT INTO employee (person_id, job_title_id, department_id, manager_id, salary_history_id) VALUES (5, 2, 1, 1, 5);
INSERT INTO person (personal_number, first_name, last_name) VALUES ('570626-6149', 'Jessica', 'Brewer');
INSERT INTO address (person_id, address) VALUES (6, '865 Timothy Islands, East Antoniofurt, GA 45859');
INSERT INTO phone (person_id, phone_number) VALUES (6, '(335)943-1657');
INSERT INTO employee (person_id, job_title_id, department_id, manager_id, salary_history_id) VALUES (6, 1, 3, 4, 6);
INSERT INTO person (personal_number, first_name, last_name) VALUES ('640611-4857', 'Samantha', 'Rodriguez');
INSERT INTO address (person_id, address) VALUES (7, '630 Gray Gardens, Priscillamouth, WA 47142');
INSERT INTO phone (person_id, phone_number) VALUES (7, '691-200-6598x32678');
INSERT INTO employee (person_id, job_title_id, department_id, manager_id, salary_history_id) VALUES (7, 4, 4, 3, 7);
INSERT INTO person (personal_number, first_name, last_name) VALUES ('930319-8192', 'Robert', 'Owens');
INSERT INTO address (person_id, address) VALUES (8, 'USNV Hayden, FPO AP 05229');
INSERT INTO phone (person_id, phone_number) VALUES (8, '(497)598-2876');
INSERT INTO employee (person_id, job_title_id, department_id, manager_id, salary_history_id) VALUES (8, 5, 1, 4, 8);
INSERT INTO person (personal_number, first_name, last_name) VALUES ('531113-0795', 'Jeffrey', 'Levine');
INSERT INTO address (person_id, address) VALUES (9, '81243 Singh Plaza, North Crystalberg, MT 24238');
INSERT INTO phone (person_id, phone_number) VALUES (9, '+1-876-312-1913');
INSERT INTO employee (person_id, job_title_id, department_id, manager_id, salary_history_id) VALUES (9, 4, 4, 9, 9);
INSERT INTO person (personal_number, first_name, last_name) VALUES ('590110-8888', 'Linda', 'Castro');
INSERT INTO address (person_id, address) VALUES (10, '16605 Jessica Center, Rodriguezland, MH 39796');
INSERT INTO phone (person_id, phone_number) VALUES (10, '299.978.3060');
INSERT INTO employee (person_id, job_title_id, department_id, manager_id, salary_history_id) VALUES (10, 2, 1, 10, 10);
INSERT INTO person (personal_number, first_name, last_name) VALUES ('970109-7503', 'Jennifer', 'Jordan');
INSERT INTO address (person_id, address) VALUES (11, '1920 Roy Village Suite 073, Stephaniehaven, IL 27095');
INSERT INTO phone (person_id, phone_number) VALUES (11, '(862)962-1689x5548');
INSERT INTO employee (person_id, job_title_id, department_id, manager_id, salary_history_id) VALUES (11, 1, 1, 6, 11);
INSERT INTO person (personal_number, first_name, last_name) VALUES ('611218-1757', 'Justin', 'Bennett');
INSERT INTO address (person_id, address) VALUES (12, '2713 Schwartz Vista, Robertsburgh, NM 87377');
INSERT INTO phone (person_id, phone_number) VALUES (12, '8096415533');
INSERT INTO employee (person_id, job_title_id, department_id, manager_id, salary_history_id) VALUES (12, 1, 1, 2, 12);
INSERT INTO person (personal_number, first_name, last_name) VALUES ('580718-5324', 'Madison', 'Williams');
INSERT INTO address (person_id, address) VALUES (13, '85392 Lynch Station Suite 525, Lake Amberton, TX 37046');
INSERT INTO phone (person_id, phone_number) VALUES (13, '+1-299-787-5283x810');
INSERT INTO employee (person_id, job_title_id, department_id, manager_id, salary_history_id) VALUES (13, 4, 2, 1, 13);
INSERT INTO person (personal_number, first_name, last_name) VALUES ('740521-5681', 'Allison', 'Hart');
INSERT INTO address (person_id, address) VALUES (14, '9069 Samuel Common Apt. 231, Caseybury, ME 70638');
INSERT INTO phone (person_id, phone_number) VALUES (14, '001-736-454-7216x2641');
INSERT INTO employee (person_id, job_title_id, department_id, manager_id, salary_history_id) VALUES (14, 1, 4, 8, 14);
INSERT INTO person (personal_number, first_name, last_name) VALUES ('950608-9013', 'Deanna', 'Wilkerson');
INSERT INTO address (person_id, address) VALUES (15, '4113 Douglas Parkway, New Karenview, TN 63569');
INSERT INTO phone (person_id, phone_number) VALUES (15, '372.407.3739');
INSERT INTO employee (person_id, job_title_id, department_id, manager_id, salary_history_id) VALUES (15, 1, 3, 15, 15);
INSERT INTO person (personal_number, first_name, last_name) VALUES ('560925-9977', 'Alicia', 'Strong');
INSERT INTO address (person_id, address) VALUES (16, '53440 Shannon Mountains, Port Barbara, VI 06487');
INSERT INTO phone (person_id, phone_number) VALUES (16, '(671)995-6475');
INSERT INTO employee (person_id, job_title_id, department_id, manager_id, salary_history_id) VALUES (16, 1, 4, 4, 16);
INSERT INTO person (personal_number, first_name, last_name) VALUES ('900207-6561', 'Sean', 'Dean');
INSERT INTO address (person_id, address) VALUES (17, '128 Smith Circle, New Angela, AZ 86094');
INSERT INTO phone (person_id, phone_number) VALUES (17, '253-907-5829');
INSERT INTO employee (person_id, job_title_id, department_id, manager_id, salary_history_id) VALUES (17, 1, 1, 12, 17);
INSERT INTO person (personal_number, first_name, last_name) VALUES ('590101-9160', 'Lauren', 'Johnson');
INSERT INTO address (person_id, address) VALUES (18, '78769 Harvey Bypass Apt. 665, Justinchester, AZ 26240');
INSERT INTO phone (person_id, phone_number) VALUES (18, '214-773-6564x16710');
INSERT INTO employee (person_id, job_title_id, department_id, manager_id, salary_history_id) VALUES (18, 1, 1, 2, 18);
INSERT INTO person (personal_number, first_name, last_name) VALUES ('661028-0043', 'Jesse', 'Walsh');
INSERT INTO address (person_id, address) VALUES (19, '770 Cantu Throughway Suite 938, Sharonshire, MP 83988');
INSERT INTO phone (person_id, phone_number) VALUES (19, '001-936-693-8383');
INSERT INTO employee (person_id, job_title_id, department_id, manager_id, salary_history_id) VALUES (19, 4, 2, 19, 19);
INSERT INTO person (personal_number, first_name, last_name) VALUES ('970401-1246', 'Julian', 'Calderon');
INSERT INTO address (person_id, address) VALUES (20, '2500 Wright Corners Suite 883, Jackburgh, IN 76664');
INSERT INTO phone (person_id, phone_number) VALUES (20, '5722051090');
INSERT INTO employee (person_id, job_title_id, department_id, manager_id, salary_history_id) VALUES (20, 2, 2, 20, 20);
INSERT INTO person (personal_number, first_name, last_name) VALUES ('630817-0685', 'Jamie', 'Peters');
INSERT INTO address (person_id, address) VALUES (21, 'PSC 4057, Box 9619, APO AA 09357');
INSERT INTO phone (person_id, phone_number) VALUES (21, '944.437.0086x49102');
INSERT INTO employee (person_id, job_title_id, department_id, manager_id, salary_history_id) VALUES (21, 2, 2, 1, 21);
INSERT INTO person (personal_number, first_name, last_name) VALUES ('630710-5509', 'Debbie', 'Adams');
INSERT INTO address (person_id, address) VALUES (22, 'Unit 4619 Box 7949, DPO AA 30876');
INSERT INTO phone (person_id, phone_number) VALUES (22, '(796)511-0542');
INSERT INTO employee (person_id, job_title_id, department_id, manager_id, salary_history_id) VALUES (22, 4, 3, 12, 22);
INSERT INTO person (personal_number, first_name, last_name) VALUES ('660115-4987', 'Mark', 'Gill');
INSERT INTO address (person_id, address) VALUES (23, '6462 Archer Loop, Thomaschester, MH 50337');
INSERT INTO phone (person_id, phone_number) VALUES (23, '+1-996-483-9972x91641');
INSERT INTO employee (person_id, job_title_id, department_id, manager_id, salary_history_id) VALUES (23, 5, 1, 18, 23);
INSERT INTO person (personal_number, first_name, last_name) VALUES ('550606-1701', 'Scott', 'Alvarez');
INSERT INTO address (person_id, address) VALUES (24, '73488 Joshua Loop, Laramouth, PW 89792');
INSERT INTO phone (person_id, phone_number) VALUES (24, '3472363133');
INSERT INTO employee (person_id, job_title_id, department_id, manager_id, salary_history_id) VALUES (24, 1, 1, 10, 24);
INSERT INTO person (personal_number, first_name, last_name) VALUES ('760513-2008', 'Edward', 'Green');
INSERT INTO address (person_id, address) VALUES (25, '75622 Sarah Fork Suite 994, Troyview, OK 77612');
INSERT INTO phone (person_id, phone_number) VALUES (25, '(483)682-2573');
INSERT INTO employee (person_id, job_title_id, department_id, manager_id, salary_history_id) VALUES (25, 5, 3, 1, 25);
INSERT INTO person (personal_number, first_name, last_name) VALUES ('821011-8127', 'Brandon', 'Nelson');
INSERT INTO address (person_id, address) VALUES (26, '142 Jennifer Brooks Apt. 422, Port Lisa, NE 10772');
INSERT INTO phone (person_id, phone_number) VALUES (26, '440.535.7807x71368');
INSERT INTO employee (person_id, job_title_id, department_id, manager_id, salary_history_id) VALUES (26, 1, 3, 25, 26);
INSERT INTO person (personal_number, first_name, last_name) VALUES ('900809-8503', 'Krista', 'Gilbert');
INSERT INTO address (person_id, address) VALUES (27, '2755 Jordan Lock Suite 152, West Stephenton, UT 03207');
INSERT INTO phone (person_id, phone_number) VALUES (27, '(598)291-4100x197');
INSERT INTO employee (person_id, job_title_id, department_id, manager_id, salary_history_id) VALUES (27, 4, 4, 12, 27);
INSERT INTO person (personal_number, first_name, last_name) VALUES ('760708-3875', 'Justin', 'Johnson');
INSERT INTO address (person_id, address) VALUES (28, '7147 Kathryn Summit Suite 786, Lake Meganfurt, ME 65255');
INSERT INTO phone (person_id, phone_number) VALUES (28, '001-351-873-9238');
INSERT INTO employee (person_id, job_title_id, department_id, manager_id, salary_history_id) VALUES (28, 1, 2, 16, 28);
INSERT INTO person (personal_number, first_name, last_name) VALUES ('011210-7544', 'Melinda', 'Crawford');
INSERT INTO address (person_id, address) VALUES (29, '86660 Paul Shoals, Nicolebury, SD 45396');
INSERT INTO phone (person_id, phone_number) VALUES (29, '724.598.8976');
INSERT INTO employee (person_id, job_title_id, department_id, manager_id, salary_history_id) VALUES (29, 3, 1, 26, 29);
INSERT INTO person (personal_number, first_name, last_name) VALUES ('570711-1247', 'Austin', 'Thompson');
INSERT INTO address (person_id, address) VALUES (30, '666 Jacob Junction, Port Crystalton, CT 53214');
INSERT INTO phone (person_id, phone_number) VALUES (30, '810.704.8841x3434');
INSERT INTO employee (person_id, job_title_id, department_id, manager_id, salary_history_id) VALUES (30, 4, 3, 12, 30);
INSERT INTO person (personal_number, first_name, last_name) VALUES ('811107-3626', 'Melissa', 'Blackburn');
INSERT INTO address (person_id, address) VALUES (31, '7491 Richard Spur, North Travis, NH 92561');
INSERT INTO phone (person_id, phone_number) VALUES (31, '862-351-9056x4365');
INSERT INTO employee (person_id, job_title_id, department_id, manager_id, salary_history_id) VALUES (31, 5, 2, 29, 31);
INSERT INTO person (personal_number, first_name, last_name) VALUES ('890925-1096', 'Trevor', 'Petersen');
INSERT INTO address (person_id, address) VALUES (32, '458 Angela Parkways, West Scott, HI 37563');
INSERT INTO phone (person_id, phone_number) VALUES (32, '754.941.6383');
INSERT INTO employee (person_id, job_title_id, department_id, manager_id, salary_history_id) VALUES (32, 1, 1, 7, 32);
INSERT INTO person (personal_number, first_name, last_name) VALUES ('730717-0139', 'Mary', 'Nguyen');
INSERT INTO address (person_id, address) VALUES (33, '59692 Leroy Neck Suite 927, Lake Maryview, OH 46002');
INSERT INTO phone (person_id, phone_number) VALUES (33, '(579)720-9941');
INSERT INTO employee (person_id, job_title_id, department_id, manager_id, salary_history_id) VALUES (33, 3, 2, 22, 33);
INSERT INTO person (personal_number, first_name, last_name) VALUES ('670727-2234', 'Rebecca', 'Ross');
INSERT INTO address (person_id, address) VALUES (34, '359 Hudson Estate Apt. 698, Ericview, AR 40752');
INSERT INTO phone (person_id, phone_number) VALUES (34, '001-922-877-7701x394');
INSERT INTO employee (person_id, job_title_id, department_id, manager_id, salary_history_id) VALUES (34, 3, 1, 21, 34);
INSERT INTO person (personal_number, first_name, last_name) VALUES ('731210-1204', 'Traci', 'Hamilton');
INSERT INTO address (person_id, address) VALUES (35, '980 Scott Gateway Apt. 031, Edwardmouth, PW 31234');
INSERT INTO phone (person_id, phone_number) VALUES (35, '398.855.0180x220');
INSERT INTO employee (person_id, job_title_id, department_id, manager_id, salary_history_id) VALUES (35, 1, 2, 32, 35);
INSERT INTO person (personal_number, first_name, last_name) VALUES ('700520-7486', 'Tiffany', 'Curtis');
INSERT INTO address (person_id, address) VALUES (36, '68484 Andrea Station Apt. 481, Karenfurt, MI 79912');
INSERT INTO phone (person_id, phone_number) VALUES (36, '+1-948-946-6361x224');
INSERT INTO employee (person_id, job_title_id, department_id, manager_id, salary_history_id) VALUES (36, 4, 1, 31, 36);
INSERT INTO person (personal_number, first_name, last_name) VALUES ('780909-8109', 'Monica', 'George');
INSERT INTO address (person_id, address) VALUES (37, '60670 Jennifer Passage Suite 242, Tinachester, MT 01149');
INSERT INTO phone (person_id, phone_number) VALUES (37, '(569)625-9697');
INSERT INTO employee (person_id, job_title_id, department_id, manager_id, salary_history_id) VALUES (37, 5, 3, 4, 37);
INSERT INTO person (personal_number, first_name, last_name) VALUES ('551213-2459', 'Heather', 'Hall');
INSERT INTO address (person_id, address) VALUES (38, '3422 Schmidt Crest Apt. 617, West Johnville, OK 01972');
INSERT INTO phone (person_id, phone_number) VALUES (38, '347-290-1028x231');
INSERT INTO employee (person_id, job_title_id, department_id, manager_id, salary_history_id) VALUES (38, 5, 3, 3, 38);
INSERT INTO person (personal_number, first_name, last_name) VALUES ('601127-2249', 'Tracy', 'Griffin');
INSERT INTO address (person_id, address) VALUES (39, '19791 Anthony Keys, Lake Jason, AR 43022');
INSERT INTO phone (person_id, phone_number) VALUES (39, '433.289.7742x74804');
INSERT INTO employee (person_id, job_title_id, department_id, manager_id, salary_history_id) VALUES (39, 4, 3, 26, 39);
INSERT INTO person (personal_number, first_name, last_name) VALUES ('760216-9367', 'Jennifer', 'Bowman');
INSERT INTO address (person_id, address) VALUES (40, '024 Michelle Spring, Kristinmouth, AL 26310');
INSERT INTO phone (person_id, phone_number) VALUES (40, '9666048926');
INSERT INTO employee (person_id, job_title_id, department_id, manager_id, salary_history_id) VALUES (40, 5, 2, 31, 40);
INSERT INTO person (personal_number, first_name, last_name) VALUES ('800705-2176', 'Dale', 'Collins');
INSERT INTO address (person_id, address) VALUES (41, '21429 Anthony Ridge, New Courtneyview, MP 45660');
INSERT INTO phone (person_id, phone_number) VALUES (41, '(553)520-2228x6856');
INSERT INTO employee (person_id, job_title_id, department_id, manager_id, salary_history_id) VALUES (41, 4, 3, 24, 41);
INSERT INTO person (personal_number, first_name, last_name) VALUES ('890615-7379', 'Thomas', 'Ward');
INSERT INTO address (person_id, address) VALUES (42, '2474 Monroe Trail, Joshuastad, MH 60877');
INSERT INTO phone (person_id, phone_number) VALUES (42, '425-269-5570');
INSERT INTO employee (person_id, job_title_id, department_id, manager_id, salary_history_id) VALUES (42, 3, 4, 33, 42);
INSERT INTO person (personal_number, first_name, last_name) VALUES ('731212-8322', 'Krista', 'Campbell');
INSERT INTO address (person_id, address) VALUES (43, '0934 Saunders Court Suite 518, New Priscilla, NE 79540');
INSERT INTO phone (person_id, phone_number) VALUES (43, '(357)805-2310x103');
INSERT INTO employee (person_id, job_title_id, department_id, manager_id, salary_history_id) VALUES (43, 4, 3, 16, 43);
INSERT INTO person (personal_number, first_name, last_name) VALUES ('770326-9768', 'Tina', 'Mitchell');
INSERT INTO address (person_id, address) VALUES (44, '89857 Ashley Plaza, Macdonaldstad, OH 84207');
INSERT INTO phone (person_id, phone_number) VALUES (44, '586-716-9655x9493');
INSERT INTO employee (person_id, job_title_id, department_id, manager_id, salary_history_id) VALUES (44, 4, 4, 10, 44);
INSERT INTO person (personal_number, first_name, last_name) VALUES ('971116-9213', 'Amanda', 'Cortez');
INSERT INTO address (person_id, address) VALUES (45, '69030 Campos Prairie Suite 858, East Brandon, TN 57636');
INSERT INTO phone (person_id, phone_number) VALUES (45, '(341)409-4625');
INSERT INTO employee (person_id, job_title_id, department_id, manager_id, salary_history_id) VALUES (45, 3, 3, 25, 45);
INSERT INTO person (personal_number, first_name, last_name) VALUES ('620224-3073', 'Angela', 'Solomon');
INSERT INTO address (person_id, address) VALUES (46, '941 Tyler Trafficway, Singletonfurt, KS 75455');
INSERT INTO phone (person_id, phone_number) VALUES (46, '2332209592');
INSERT INTO employee (person_id, job_title_id, department_id, manager_id, salary_history_id) VALUES (46, 1, 3, 44, 46);
INSERT INTO person (personal_number, first_name, last_name) VALUES ('560623-4966', 'Harold', 'Martinez');
INSERT INTO address (person_id, address) VALUES (47, '59482 Williams Streets, West Chris, CA 24694');
INSERT INTO phone (person_id, phone_number) VALUES (47, '(213)660-0849x3165');
INSERT INTO employee (person_id, job_title_id, department_id, manager_id, salary_history_id) VALUES (47, 5, 2, 34, 47);
INSERT INTO person (personal_number, first_name, last_name) VALUES ('900108-1292', 'Amber', 'Wilson');
INSERT INTO address (person_id, address) VALUES (48, '9931 Ryan Canyon Apt. 296, Gabrielshire, NJ 16581');
INSERT INTO phone (person_id, phone_number) VALUES (48, '(333)482-7046');
INSERT INTO employee (person_id, job_title_id, department_id, manager_id, salary_history_id) VALUES (48, 3, 4, 33, 48);
INSERT INTO person (personal_number, first_name, last_name) VALUES ('541018-9526', 'Michael', 'Adams');
INSERT INTO address (person_id, address) VALUES (49, '83752 Danielle Gateway, North Mariah, HI 39377');
INSERT INTO phone (person_id, phone_number) VALUES (49, '589.292.6935x53092');
INSERT INTO employee (person_id, job_title_id, department_id, manager_id, salary_history_id) VALUES (49, 1, 4, 36, 49);
INSERT INTO person (personal_number, first_name, last_name) VALUES ('880618-5098', 'Scott', 'Salazar');
INSERT INTO address (person_id, address) VALUES (50, '2026 Mary Square Suite 246, East Angieview, MS 39691');
INSERT INTO phone (person_id, phone_number) VALUES (50, '001-955-417-5047x35968');
INSERT INTO employee (person_id, job_title_id, department_id, manager_id, salary_history_id) VALUES (50, 2, 2, 34, 50);
INSERT INTO person (personal_number, first_name, last_name) VALUES ('000820-3194', 'Cheryl', 'Sampson');
INSERT INTO address (person_id, address) VALUES (51, '188 Lisa Harbor Apt. 030, Lake Melindaville, MN 02822');
INSERT INTO phone (person_id, phone_number) VALUES (51, '001-853-251-4188x77063');
INSERT INTO employee (person_id, job_title_id, department_id, manager_id, salary_history_id) VALUES (51, 1, 3, 44, 51);
INSERT INTO person (personal_number, first_name, last_name) VALUES ('970917-4085', 'Heidi', 'Burgess');
INSERT INTO address (person_id, address) VALUES (52, '486 Jill Mountains Apt. 872, Halechester, AK 28054');
INSERT INTO phone (person_id, phone_number) VALUES (52, '223-681-4083');
INSERT INTO employee (person_id, job_title_id, department_id, manager_id, salary_history_id) VALUES (52, 1, 2, 43, 52);
INSERT INTO person (personal_number, first_name, last_name) VALUES ('960120-9262', 'James', 'Scott');
INSERT INTO address (person_id, address) VALUES (53, '105 Amber Club Apt. 716, Dakotaton, CT 61117');
INSERT INTO phone (person_id, phone_number) VALUES (53, '+1-601-787-1315x192');
INSERT INTO employee (person_id, job_title_id, department_id, manager_id, salary_history_id) VALUES (53, 2, 2, 46, 53);
INSERT INTO person (personal_number, first_name, last_name) VALUES ('850109-1054', 'Jeffery', 'Hernandez');
INSERT INTO address (person_id, address) VALUES (54, '62215 Parker Creek Suite 838, North Alan, IN 18681');
INSERT INTO phone (person_id, phone_number) VALUES (54, '(326)917-5225');
INSERT INTO employee (person_id, job_title_id, department_id, manager_id, salary_history_id) VALUES (54, 3, 1, 17, 54);
INSERT INTO person (personal_number, first_name, last_name) VALUES ('531201-2675', 'Thomas', 'Moore');
INSERT INTO address (person_id, address) VALUES (55, '826 Arnold Centers, East Sydneybury, VA 43404');
INSERT INTO phone (person_id, phone_number) VALUES (55, '(330)877-6164x374');
INSERT INTO employee (person_id, job_title_id, department_id, manager_id, salary_history_id) VALUES (55, 5, 3, 49, 55);
INSERT INTO person (personal_number, first_name, last_name) VALUES ('710113-7898', 'Paul', 'Jackson');
INSERT INTO address (person_id, address) VALUES (56, '369 Jones Stravenue Suite 014, East Paul, TN 81600');
INSERT INTO phone (person_id, phone_number) VALUES (56, '001-566-975-9135');
INSERT INTO employee (person_id, job_title_id, department_id, manager_id, salary_history_id) VALUES (56, 1, 2, 3, 56);
INSERT INTO person (personal_number, first_name, last_name) VALUES ('900108-1470', 'Nathan', 'Bishop');
INSERT INTO address (person_id, address) VALUES (57, 'PSC 7657, Box 5241, APO AP 81494');
INSERT INTO phone (person_id, phone_number) VALUES (57, '545.273.4715');
INSERT INTO employee (person_id, job_title_id, department_id, manager_id, salary_history_id) VALUES (57, 5, 1, 33, 57);
INSERT INTO person (personal_number, first_name, last_name) VALUES ('601009-0817', 'Dawn', 'Hanna');
INSERT INTO address (person_id, address) VALUES (58, '7824 Phelps Point, New Jamietown, WY 20182');
INSERT INTO phone (person_id, phone_number) VALUES (58, '+1-471-710-9414');
INSERT INTO employee (person_id, job_title_id, department_id, manager_id, salary_history_id) VALUES (58, 1, 4, 21, 58);
INSERT INTO person (personal_number, first_name, last_name) VALUES ('810826-4201', 'Jamie', 'Lutz');
INSERT INTO address (person_id, address) VALUES (59, '0963 Brett Forge Apt. 749, North Ronald, NJ 44452');
INSERT INTO phone (person_id, phone_number) VALUES (59, '001-749-757-8479x739');
INSERT INTO employee (person_id, job_title_id, department_id, manager_id, salary_history_id) VALUES (59, 1, 1, 13, 59);
INSERT INTO person (personal_number, first_name, last_name) VALUES ('850523-7912', 'Cesar', 'Robinson');
INSERT INTO address (person_id, address) VALUES (60, '07800 Rebecca Ridges, Glendaton, CA 16267');
INSERT INTO phone (person_id, phone_number) VALUES (60, '001-897-246-9731x47531');
INSERT INTO employee (person_id, job_title_id, department_id, manager_id, salary_history_id) VALUES (60, 5, 2, 37, 60);
INSERT INTO person (personal_number, first_name, last_name) VALUES ('800214-7778', 'Julie', 'Diaz');
INSERT INTO address (person_id, address) VALUES (61, '7412 Patrick Lock, Barkerland, CA 62984');
INSERT INTO phone (person_id, phone_number) VALUES (61, '562-684-2755x815');
INSERT INTO employee (person_id, job_title_id, department_id, manager_id, salary_history_id) VALUES (61, 1, 1, 11, 61);
INSERT INTO person (personal_number, first_name, last_name) VALUES ('970214-8902', 'Danny', 'Clark');
INSERT INTO address (person_id, address) VALUES (62, '8393 Carter Point, Wendystad, PA 06415');
INSERT INTO phone (person_id, phone_number) VALUES (62, '487-570-3910x8343');
INSERT INTO employee (person_id, job_title_id, department_id, manager_id, salary_history_id) VALUES (62, 2, 4, 44, 62);
INSERT INTO person (personal_number, first_name, last_name) VALUES ('630401-5329', 'Lauren', 'Choi');
INSERT INTO address (person_id, address) VALUES (63, '03893 Bowman Bridge Apt. 685, Rodriguezmouth, NY 07317');
INSERT INTO phone (person_id, phone_number) VALUES (63, '693-699-3596');
INSERT INTO employee (person_id, job_title_id, department_id, manager_id, salary_history_id) VALUES (63, 5, 1, 15, 63);
INSERT INTO person (personal_number, first_name, last_name) VALUES ('910510-7750', 'Donna', 'Park');
INSERT INTO address (person_id, address) VALUES (64, '59807 Angela Crossroad Apt. 556, East Austinborough, PA 44911');
INSERT INTO phone (person_id, phone_number) VALUES (64, '+1-386-650-8449');
INSERT INTO employee (person_id, job_title_id, department_id, manager_id, salary_history_id) VALUES (64, 4, 4, 43, 64);
INSERT INTO person (personal_number, first_name, last_name) VALUES ('950103-6492', 'Nathan', 'Snow');
INSERT INTO address (person_id, address) VALUES (65, '64561 Castillo Route, Williamsborough, AK 91342');
INSERT INTO phone (person_id, phone_number) VALUES (65, '432-342-4853');
INSERT INTO employee (person_id, job_title_id, department_id, manager_id, salary_history_id) VALUES (65, 5, 2, 59, 65);
INSERT INTO person (personal_number, first_name, last_name) VALUES ('540411-1014', 'Elizabeth', 'Mcdonald');
INSERT INTO address (person_id, address) VALUES (66, '629 Danielle Falls, New Jacquelineshire, MT 66004');
INSERT INTO phone (person_id, phone_number) VALUES (66, '3848822547');
INSERT INTO employee (person_id, job_title_id, department_id, manager_id, salary_history_id) VALUES (66, 2, 4, 43, 66);
INSERT INTO person (personal_number, first_name, last_name) VALUES ('891010-2831', 'Elizabeth', 'Harris');
INSERT INTO address (person_id, address) VALUES (67, '317 Herring Fork Apt. 686, Williammouth, MS 70856');
INSERT INTO phone (person_id, phone_number) VALUES (67, '240.267.3692');
INSERT INTO employee (person_id, job_title_id, department_id, manager_id, salary_history_id) VALUES (67, 2, 1, 55, 67);
INSERT INTO person (personal_number, first_name, last_name) VALUES ('930512-6248', 'Stacy', 'Gonzales');
INSERT INTO address (person_id, address) VALUES (68, '61644 Perkins Estates Apt. 893, North Douglas, OK 97636');
INSERT INTO phone (person_id, phone_number) VALUES (68, '(916)786-5442x877');
INSERT INTO employee (person_id, job_title_id, department_id, manager_id, salary_history_id) VALUES (68, 2, 1, 58, 68);
INSERT INTO person (personal_number, first_name, last_name) VALUES ('870708-8094', 'Andrea', 'Washington');
INSERT INTO address (person_id, address) VALUES (69, '24894 Patricia Walks Apt. 828, Morrisonside, DC 16534');
INSERT INTO phone (person_id, phone_number) VALUES (69, '(877)363-0571x0234');
INSERT INTO employee (person_id, job_title_id, department_id, manager_id, salary_history_id) VALUES (69, 3, 1, 13, 69);
INSERT INTO person (personal_number, first_name, last_name) VALUES ('730903-6581', 'Michael', 'Jenkins');
INSERT INTO address (person_id, address) VALUES (70, '786 Donaldson Fort Apt. 252, South Danielle, ME 79604');
INSERT INTO phone (person_id, phone_number) VALUES (70, '8198456299');
INSERT INTO employee (person_id, job_title_id, department_id, manager_id, salary_history_id) VALUES (70, 1, 3, 52, 70);
INSERT INTO person (personal_number, first_name, last_name) VALUES ('961104-1106', 'Natalie', 'Ramirez');
INSERT INTO address (person_id, address) VALUES (71, '08884 Barton Roads Apt. 659, Olsonshire, TX 25116');
INSERT INTO phone (person_id, phone_number) VALUES (71, '(958)238-4821x8607');
INSERT INTO employee (person_id, job_title_id, department_id, manager_id, salary_history_id) VALUES (71, 2, 1, 65, 71);
INSERT INTO person (personal_number, first_name, last_name) VALUES ('910615-4320', 'Laura', 'Beard');
INSERT INTO address (person_id, address) VALUES (72, '176 Cole Mission, South Ericafurt, NC 89884');
INSERT INTO phone (person_id, phone_number) VALUES (72, '+1-520-540-8302x571');
INSERT INTO employee (person_id, job_title_id, department_id, manager_id, salary_history_id) VALUES (72, 2, 1, 26, 72);
INSERT INTO person (personal_number, first_name, last_name) VALUES ('841204-7692', 'Jessica', 'Martinez');
INSERT INTO address (person_id, address) VALUES (73, '67270 Ellis Street Suite 689, Barnesmouth, CT 88459');
INSERT INTO phone (person_id, phone_number) VALUES (73, '001-615-373-9763x90539');
INSERT INTO employee (person_id, job_title_id, department_id, manager_id, salary_history_id) VALUES (73, 2, 4, 24, 73);
INSERT INTO person (personal_number, first_name, last_name) VALUES ('950201-0542', 'Christian', 'Daniel');
INSERT INTO address (person_id, address) VALUES (74, '9855 Derek Islands, East Richard, AR 17538');
INSERT INTO phone (person_id, phone_number) VALUES (74, '8974366316');
INSERT INTO employee (person_id, job_title_id, department_id, manager_id, salary_history_id) VALUES (74, 1, 4, 17, 74);
INSERT INTO person (personal_number, first_name, last_name) VALUES ('570627-3741', 'John', 'Little');
INSERT INTO address (person_id, address) VALUES (75, '0891 Eric Lock Suite 730, Johnstad, NJ 25874');
INSERT INTO phone (person_id, phone_number) VALUES (75, '+1-876-839-9954x68557');
INSERT INTO employee (person_id, job_title_id, department_id, manager_id, salary_history_id) VALUES (75, 2, 4, 29, 75);
INSERT INTO person (personal_number, first_name, last_name) VALUES ('571002-1182', 'William', 'Edwards');
INSERT INTO address (person_id, address) VALUES (76, '828 Black Point, Lake Carrieside, AR 12491');
INSERT INTO phone (person_id, phone_number) VALUES (76, '256.468.6859x02471');
INSERT INTO employee (person_id, job_title_id, department_id, manager_id, salary_history_id) VALUES (76, 1, 1, 71, 76);
INSERT INTO person (personal_number, first_name, last_name) VALUES ('660327-5412', 'Dennis', 'Young');
INSERT INTO address (person_id, address) VALUES (77, 'Unit 6082 Box 2288, DPO AP 31611');
INSERT INTO phone (person_id, phone_number) VALUES (77, '657.616.4994x34042');
INSERT INTO employee (person_id, job_title_id, department_id, manager_id, salary_history_id) VALUES (77, 3, 1, 62, 77);
INSERT INTO person (personal_number, first_name, last_name) VALUES ('560904-7880', 'Elaine', 'Hunt');
INSERT INTO address (person_id, address) VALUES (78, '12674 James Road, West Brianborough, CA 69212');
INSERT INTO phone (person_id, phone_number) VALUES (78, '534-735-2200x825');
INSERT INTO employee (person_id, job_title_id, department_id, manager_id, salary_history_id) VALUES (78, 1, 4, 36, 78);
INSERT INTO person (personal_number, first_name, last_name) VALUES ('830512-5468', 'Samantha', 'Harris');
INSERT INTO address (person_id, address) VALUES (79, '495 Jarvis Circle Apt. 188, East Lauramouth, WI 60063');
INSERT INTO phone (person_id, phone_number) VALUES (79, '967-583-1625x1050');
INSERT INTO employee (person_id, job_title_id, department_id, manager_id, salary_history_id) VALUES (79, 4, 3, 35, 79);
INSERT INTO person (personal_number, first_name, last_name) VALUES ('621227-6708', 'Gregory', 'Roach');
INSERT INTO address (person_id, address) VALUES (80, '0250 Diane Junctions Apt. 423, Charlotteton, TN 43854');
INSERT INTO phone (person_id, phone_number) VALUES (80, '001-545-813-2639x091');
INSERT INTO employee (person_id, job_title_id, department_id, manager_id, salary_history_id) VALUES (80, 4, 4, 39, 80);
INSERT INTO person (personal_number, first_name, last_name) VALUES ('930201-0617', 'Barbara', 'Ortiz');
INSERT INTO address (person_id, address) VALUES (81, '0484 Hughes Meadow, Floresfurt, AZ 17607');
INSERT INTO phone (person_id, phone_number) VALUES (81, '(547)630-5438');
INSERT INTO employee (person_id, job_title_id, department_id, manager_id, salary_history_id) VALUES (81, 2, 4, 66, 81);
INSERT INTO person (personal_number, first_name, last_name) VALUES ('511016-4186', 'Dalton', 'Medina');
INSERT INTO address (person_id, address) VALUES (82, '744 Victoria Plains, Jennifertown, VA 72997');
INSERT INTO phone (person_id, phone_number) VALUES (82, '801.687.9556');
INSERT INTO employee (person_id, job_title_id, department_id, manager_id, salary_history_id) VALUES (82, 1, 1, 77, 82);
INSERT INTO person (personal_number, first_name, last_name) VALUES ('021103-7317', 'Mathew', 'Ellis');
INSERT INTO address (person_id, address) VALUES (83, '8656 Maria Dam, Michaeltown, DC 45005');
INSERT INTO phone (person_id, phone_number) VALUES (83, '001-334-216-4624');
INSERT INTO employee (person_id, job_title_id, department_id, manager_id, salary_history_id) VALUES (83, 4, 2, 52, 83);
INSERT INTO person (personal_number, first_name, last_name) VALUES ('700424-0521', 'Aaron', 'Rose');
INSERT INTO address (person_id, address) VALUES (84, '92125 Martinez Junctions, Lake Kaitlyn, KY 97254');
INSERT INTO phone (person_id, phone_number) VALUES (84, '001-829-857-0991x22864');
INSERT INTO employee (person_id, job_title_id, department_id, manager_id, salary_history_id) VALUES (84, 2, 1, 71, 84);
INSERT INTO person (personal_number, first_name, last_name) VALUES ('950522-9040', 'Steven', 'Paul');
INSERT INTO address (person_id, address) VALUES (85, '8229 Sharon Overpass, Port Maxwell, NE 38665');
INSERT INTO phone (person_id, phone_number) VALUES (85, '001-479-281-3348');
INSERT INTO employee (person_id, job_title_id, department_id, manager_id, salary_history_id) VALUES (85, 3, 3, 27, 85);
INSERT INTO person (personal_number, first_name, last_name) VALUES ('980412-7063', 'Nicole', 'Klein');
INSERT INTO address (person_id, address) VALUES (86, '5559 Fleming Bypass Suite 281, Lake Jameshaven, NY 03336');
INSERT INTO phone (person_id, phone_number) VALUES (86, '001-558-630-3339x36906');
INSERT INTO employee (person_id, job_title_id, department_id, manager_id, salary_history_id) VALUES (86, 1, 1, 29, 86);
INSERT INTO person (personal_number, first_name, last_name) VALUES ('700206-5281', 'David', 'Wheeler');
INSERT INTO address (person_id, address) VALUES (87, '08029 Matthew Vista, Johnsonmouth, TN 83905');
INSERT INTO phone (person_id, phone_number) VALUES (87, '+1-410-335-4683x5950');
INSERT INTO employee (person_id, job_title_id, department_id, manager_id, salary_history_id) VALUES (87, 1, 3, 84, 87);
INSERT INTO person (personal_number, first_name, last_name) VALUES ('720325-2293', 'Robert', 'Johnson');
INSERT INTO address (person_id, address) VALUES (88, '98686 Monica Squares Apt. 559, Jonesfort, CA 78088');
INSERT INTO phone (person_id, phone_number) VALUES (88, '258.767.8876x08977');
INSERT INTO employee (person_id, job_title_id, department_id, manager_id, salary_history_id) VALUES (88, 2, 1, 33, 88);
INSERT INTO person (personal_number, first_name, last_name) VALUES ('730516-5032', 'Jodi', 'Gallagher');
INSERT INTO address (person_id, address) VALUES (89, '34873 Robbins Stravenue Suite 779, Williamhaven, VI 54606');
INSERT INTO phone (person_id, phone_number) VALUES (89, '234-504-2491');
INSERT INTO employee (person_id, job_title_id, department_id, manager_id, salary_history_id) VALUES (89, 1, 4, 61, 89);
INSERT INTO person (personal_number, first_name, last_name) VALUES ('661005-0381', 'Michael', 'Martinez');
INSERT INTO address (person_id, address) VALUES (90, '33254 Mary Ridges Apt. 221, Coffeyville, AS 41942');
INSERT INTO phone (person_id, phone_number) VALUES (90, '001-427-460-9927x6900');
INSERT INTO employee (person_id, job_title_id, department_id, manager_id, salary_history_id) VALUES (90, 1, 1, 87, 90);
INSERT INTO person (personal_number, first_name, last_name) VALUES ('700726-7766', 'Sean', 'Myers');
INSERT INTO address (person_id, address) VALUES (91, '96602 Zachary Falls, New Sharonbury, SD 59835');
INSERT INTO phone (person_id, phone_number) VALUES (91, '001-485-786-1479');
INSERT INTO employee (person_id, job_title_id, department_id, manager_id, salary_history_id) VALUES (91, 5, 2, 8, 91);
INSERT INTO person (personal_number, first_name, last_name) VALUES ('540301-8305', 'Theresa', 'Zamora');
INSERT INTO address (person_id, address) VALUES (92, '69493 Ramirez Meadows, Lake Christina, ND 75192');
INSERT INTO phone (person_id, phone_number) VALUES (92, '+1-260-567-9428x798');
INSERT INTO employee (person_id, job_title_id, department_id, manager_id, salary_history_id) VALUES (92, 1, 2, 21, 92);
INSERT INTO person (personal_number, first_name, last_name) VALUES ('720206-3935', 'Margaret', 'Day');
INSERT INTO address (person_id, address) VALUES (93, '5208 Greer Avenue, Michellemouth, PW 52600');
INSERT INTO phone (person_id, phone_number) VALUES (93, '(824)681-0912x023');
INSERT INTO employee (person_id, job_title_id, department_id, manager_id, salary_history_id) VALUES (93, 3, 1, 14, 93);
INSERT INTO person (personal_number, first_name, last_name) VALUES ('560528-3991', 'Tiffany', 'Clark');
INSERT INTO address (person_id, address) VALUES (94, '08038 Craig Drive, South Kimberlyberg, WI 73724');
INSERT INTO phone (person_id, phone_number) VALUES (94, '635.783.4315x355');
INSERT INTO employee (person_id, job_title_id, department_id, manager_id, salary_history_id) VALUES (94, 1, 4, 13, 94);
INSERT INTO person (personal_number, first_name, last_name) VALUES ('880407-1451', 'David', 'Parrish');
INSERT INTO address (person_id, address) VALUES (95, '6678 Jordan Road, South Barbara, AK 00788');
INSERT INTO phone (person_id, phone_number) VALUES (95, '+1-614-343-5252x94173');
INSERT INTO employee (person_id, job_title_id, department_id, manager_id, salary_history_id) VALUES (95, 3, 2, 20, 95);
INSERT INTO person (personal_number, first_name, last_name) VALUES ('710412-4427', 'Stephanie', 'Braun');
INSERT INTO address (person_id, address) VALUES (96, '328 James Common, Lake Tommychester, FM 67587');
INSERT INTO phone (person_id, phone_number) VALUES (96, '(766)825-0077');
INSERT INTO employee (person_id, job_title_id, department_id, manager_id, salary_history_id) VALUES (96, 4, 2, 68, 96);
INSERT INTO person (personal_number, first_name, last_name) VALUES ('710405-9691', 'Joseph', 'Reese');
INSERT INTO address (person_id, address) VALUES (97, '6407 Sandra Overpass Apt. 043, Dianeshire, HI 22817');
INSERT INTO phone (person_id, phone_number) VALUES (97, '792.545.6723');
INSERT INTO employee (person_id, job_title_id, department_id, manager_id, salary_history_id) VALUES (97, 5, 3, 59, 97);
INSERT INTO person (personal_number, first_name, last_name) VALUES ('760711-6216', 'Willie', 'Kelly');
INSERT INTO address (person_id, address) VALUES (98, '624 Johnson Viaduct, Mooreburgh, AR 18903');
INSERT INTO phone (person_id, phone_number) VALUES (98, '(999)598-3071');
INSERT INTO employee (person_id, job_title_id, department_id, manager_id, salary_history_id) VALUES (98, 2, 4, 95, 98);
INSERT INTO person (personal_number, first_name, last_name) VALUES ('640801-5759', 'Benjamin', 'Glover');
INSERT INTO address (person_id, address) VALUES (99, '3479 Graves Estates Suite 729, South Brendamouth, IL 58405');
INSERT INTO phone (person_id, phone_number) VALUES (99, '(787)401-0588x233');
INSERT INTO employee (person_id, job_title_id, department_id, manager_id, salary_history_id) VALUES (99, 2, 3, 63, 99);
INSERT INTO person (personal_number, first_name, last_name) VALUES ('020423-0113', 'Timothy', 'Yu');
INSERT INTO address (person_id, address) VALUES (100, '7918 Williams Parks Suite 143, Smithchester, KY 69189');
INSERT INTO phone (person_id, phone_number) VALUES (100, '001-672-636-8472x06980');
INSERT INTO employee (person_id, job_title_id, department_id, manager_id, salary_history_id) VALUES (100, 2, 1, 25, 100);

-- Salary History
INSERT INTO salary_history (salary_amount, valid_from, employee_id) VALUES (37960, DATE '2024-01-01', 1);
INSERT INTO salary_history (salary_amount, valid_from, employee_id) VALUES (61052, DATE '2024-01-01', 2);
INSERT INTO salary_history (salary_amount, valid_from, employee_id) VALUES (54081, DATE '2024-01-01', 3);
INSERT INTO salary_history (salary_amount, valid_from, employee_id) VALUES (54958, DATE '2024-01-01', 4);
INSERT INTO salary_history (salary_amount, valid_from, employee_id) VALUES (41244, DATE '2024-01-01', 5);
INSERT INTO salary_history (salary_amount, valid_from, employee_id) VALUES (52935, DATE '2024-01-01', 6);
INSERT INTO salary_history (salary_amount, valid_from, employee_id) VALUES (37780, DATE '2024-01-01', 7);
INSERT INTO salary_history (salary_amount, valid_from, employee_id) VALUES (39589, DATE '2024-01-01', 8);
INSERT INTO salary_history (salary_amount, valid_from, employee_id) VALUES (58687, DATE '2024-01-01', 9);
INSERT INTO salary_history (salary_amount, valid_from, employee_id) VALUES (53410, DATE '2024-01-01', 10);
INSERT INTO salary_history (salary_amount, valid_from, employee_id) VALUES (39635, DATE '2024-01-01', 11);
INSERT INTO salary_history (salary_amount, valid_from, employee_id) VALUES (58319, DATE '2024-01-01', 12);
INSERT INTO salary_history (salary_amount, valid_from, employee_id) VALUES (41774, DATE '2024-01-01', 13);
INSERT INTO salary_history (salary_amount, valid_from, employee_id) VALUES (35285, DATE '2024-01-01', 14);
INSERT INTO salary_history (salary_amount, valid_from, employee_id) VALUES (30633, DATE '2024-01-01', 15);
INSERT INTO salary_history (salary_amount, valid_from, employee_id) VALUES (45896, DATE '2024-01-01', 16);
INSERT INTO salary_history (salary_amount, valid_from, employee_id) VALUES (61859, DATE '2024-01-01', 17);
INSERT INTO salary_history (salary_amount, valid_from, employee_id) VALUES (59374, DATE '2024-01-01', 18);
INSERT INTO salary_history (salary_amount, valid_from, employee_id) VALUES (41053, DATE '2024-01-01', 19);
INSERT INTO salary_history (salary_amount, valid_from, employee_id) VALUES (52991, DATE '2024-01-01', 20);
INSERT INTO salary_history (salary_amount, valid_from, employee_id) VALUES (33486, DATE '2024-01-01', 21);
INSERT INTO salary_history (salary_amount, valid_from, employee_id) VALUES (64771, DATE '2024-01-01', 22);
INSERT INTO salary_history (salary_amount, valid_from, employee_id) VALUES (61150, DATE '2024-01-01', 23);
INSERT INTO salary_history (salary_amount, valid_from, employee_id) VALUES (35636, DATE '2024-01-01', 24);
INSERT INTO salary_history (salary_amount, valid_from, employee_id) VALUES (59527, DATE '2024-01-01', 25);
INSERT INTO salary_history (salary_amount, valid_from, employee_id) VALUES (36883, DATE '2024-01-01', 26);
INSERT INTO salary_history (salary_amount, valid_from, employee_id) VALUES (48444, DATE '2024-01-01', 27);
INSERT INTO salary_history (salary_amount, valid_from, employee_id) VALUES (39045, DATE '2024-01-01', 28);
INSERT INTO salary_history (salary_amount, valid_from, employee_id) VALUES (64586, DATE '2024-01-01', 29);
INSERT INTO salary_history (salary_amount, valid_from, employee_id) VALUES (51762, DATE '2024-01-01', 30);
INSERT INTO salary_history (salary_amount, valid_from, employee_id) VALUES (44498, DATE '2024-01-01', 31);
INSERT INTO salary_history (salary_amount, valid_from, employee_id) VALUES (52298, DATE '2024-01-01', 32);
INSERT INTO salary_history (salary_amount, valid_from, employee_id) VALUES (33417, DATE '2024-01-01', 33);
INSERT INTO salary_history (salary_amount, valid_from, employee_id) VALUES (61170, DATE '2024-01-01', 34);
INSERT INTO salary_history (salary_amount, valid_from, employee_id) VALUES (46307, DATE '2024-01-01', 35);
INSERT INTO salary_history (salary_amount, valid_from, employee_id) VALUES (56721, DATE '2024-01-01', 36);
INSERT INTO salary_history (salary_amount, valid_from, employee_id) VALUES (46727, DATE '2024-01-01', 37);
INSERT INTO salary_history (salary_amount, valid_from, employee_id) VALUES (32112, DATE '2024-01-01', 38);
INSERT INTO salary_history (salary_amount, valid_from, employee_id) VALUES (51373, DATE '2024-01-01', 39);
INSERT INTO salary_history (salary_amount, valid_from, employee_id) VALUES (41974, DATE '2024-01-01', 40);
INSERT INTO salary_history (salary_amount, valid_from, employee_id) VALUES (60038, DATE '2024-01-01', 41);
INSERT INTO salary_history (salary_amount, valid_from, employee_id) VALUES (61341, DATE '2024-01-01', 42);
INSERT INTO salary_history (salary_amount, valid_from, employee_id) VALUES (36197, DATE '2024-01-01', 43);
INSERT INTO salary_history (salary_amount, valid_from, employee_id) VALUES (44155, DATE '2024-01-01', 44);
INSERT INTO salary_history (salary_amount, valid_from, employee_id) VALUES (64967, DATE '2024-01-01', 45);
INSERT INTO salary_history (salary_amount, valid_from, employee_id) VALUES (30336, DATE '2024-01-01', 46);
INSERT INTO salary_history (salary_amount, valid_from, employee_id) VALUES (54394, DATE '2024-01-01', 47);
INSERT INTO salary_history (salary_amount, valid_from, employee_id) VALUES (42009, DATE '2024-01-01', 48);
INSERT INTO salary_history (salary_amount, valid_from, employee_id) VALUES (64307, DATE '2024-01-01', 49);
INSERT INTO salary_history (salary_amount, valid_from, employee_id) VALUES (59263, DATE '2024-01-01', 50);
INSERT INTO salary_history (salary_amount, valid_from, employee_id) VALUES (31607, DATE '2024-01-01', 51);
INSERT INTO salary_history (salary_amount, valid_from, employee_id) VALUES (60442, DATE '2024-01-01', 52);
INSERT INTO salary_history (salary_amount, valid_from, employee_id) VALUES (58275, DATE '2024-01-01', 53);
INSERT INTO salary_history (salary_amount, valid_from, employee_id) VALUES (42495, DATE '2024-01-01', 54);
INSERT INTO salary_history (salary_amount, valid_from, employee_id) VALUES (52989, DATE '2024-01-01', 55);
INSERT INTO salary_history (salary_amount, valid_from, employee_id) VALUES (50344, DATE '2024-01-01', 56);
INSERT INTO salary_history (salary_amount, valid_from, employee_id) VALUES (35596, DATE '2024-01-01', 57);
INSERT INTO salary_history (salary_amount, valid_from, employee_id) VALUES (51438, DATE '2024-01-01', 58);
INSERT INTO salary_history (salary_amount, valid_from, employee_id) VALUES (40685, DATE '2024-01-01', 59);
INSERT INTO salary_history (salary_amount, valid_from, employee_id) VALUES (38346, DATE '2024-01-01', 60);
INSERT INTO salary_history (salary_amount, valid_from, employee_id) VALUES (56936, DATE '2024-01-01', 61);
INSERT INTO salary_history (salary_amount, valid_from, employee_id) VALUES (38061, DATE '2024-01-01', 62);
INSERT INTO salary_history (salary_amount, valid_from, employee_id) VALUES (57781, DATE '2024-01-01', 63);
INSERT INTO salary_history (salary_amount, valid_from, employee_id) VALUES (38324, DATE '2024-01-01', 64);
INSERT INTO salary_history (salary_amount, valid_from, employee_id) VALUES (52893, DATE '2024-01-01', 65);
INSERT INTO salary_history (salary_amount, valid_from, employee_id) VALUES (52875, DATE '2024-01-01', 66);
INSERT INTO salary_history (salary_amount, valid_from, employee_id) VALUES (52302, DATE '2024-01-01', 67);
INSERT INTO salary_history (salary_amount, valid_from, employee_id) VALUES (41173, DATE '2024-01-01', 68);
INSERT INTO salary_history (salary_amount, valid_from, employee_id) VALUES (62589, DATE '2024-01-01', 69);
INSERT INTO salary_history (salary_amount, valid_from, employee_id) VALUES (37016, DATE '2024-01-01', 70);
INSERT INTO salary_history (salary_amount, valid_from, employee_id) VALUES (57668, DATE '2024-01-01', 71);
INSERT INTO salary_history (salary_amount, valid_from, employee_id) VALUES (45080, DATE '2024-01-01', 72);
INSERT INTO salary_history (salary_amount, valid_from, employee_id) VALUES (56922, DATE '2024-01-01', 73);
INSERT INTO salary_history (salary_amount, valid_from, employee_id) VALUES (49780, DATE '2024-01-01', 74);
INSERT INTO salary_history (salary_amount, valid_from, employee_id) VALUES (62671, DATE '2024-01-01', 75);
INSERT INTO salary_history (salary_amount, valid_from, employee_id) VALUES (51840, DATE '2024-01-01', 76);
INSERT INTO salary_history (salary_amount, valid_from, employee_id) VALUES (47980, DATE '2024-01-01', 77);
INSERT INTO salary_history (salary_amount, valid_from, employee_id) VALUES (59987, DATE '2024-01-01', 78);
INSERT INTO salary_history (salary_amount, valid_from, employee_id) VALUES (34496, DATE '2024-01-01', 79);
INSERT INTO salary_history (salary_amount, valid_from, employee_id) VALUES (32761, DATE '2024-01-01', 80);
INSERT INTO salary_history (salary_amount, valid_from, employee_id) VALUES (59747, DATE '2024-01-01', 81);
INSERT INTO salary_history (salary_amount, valid_from, employee_id) VALUES (56813, DATE '2024-01-01', 82);
INSERT INTO salary_history (salary_amount, valid_from, employee_id) VALUES (33613, DATE '2024-01-01', 83);
INSERT INTO salary_history (salary_amount, valid_from, employee_id) VALUES (36998, DATE '2024-01-01', 84);
INSERT INTO salary_history (salary_amount, valid_from, employee_id) VALUES (64026, DATE '2024-01-01', 85);
INSERT INTO salary_history (salary_amount, valid_from, employee_id) VALUES (59634, DATE '2024-01-01', 86);
INSERT INTO salary_history (salary_amount, valid_from, employee_id) VALUES (33574, DATE '2024-01-01', 87);
INSERT INTO salary_history (salary_amount, valid_from, employee_id) VALUES (46021, DATE '2024-01-01', 88);
INSERT INTO salary_history (salary_amount, valid_from, employee_id) VALUES (48812, DATE '2024-01-01', 89);
INSERT INTO salary_history (salary_amount, valid_from, employee_id) VALUES (41166, DATE '2024-01-01', 90);
INSERT INTO salary_history (salary_amount, valid_from, employee_id) VALUES (35876, DATE '2024-01-01', 91);
INSERT INTO salary_history (salary_amount, valid_from, employee_id) VALUES (55641, DATE '2024-01-01', 92);
INSERT INTO salary_history (salary_amount, valid_from, employee_id) VALUES (60263, DATE '2024-01-01', 93);
INSERT INTO salary_history (salary_amount, valid_from, employee_id) VALUES (43290, DATE '2024-01-01', 94);
INSERT INTO salary_history (salary_amount, valid_from, employee_id) VALUES (62661, DATE '2024-01-01', 95);
INSERT INTO salary_history (salary_amount, valid_from, employee_id) VALUES (58615, DATE '2024-01-01', 96);
INSERT INTO salary_history (salary_amount, valid_from, employee_id) VALUES (32029, DATE '2024-01-01', 97);
INSERT INTO salary_history (salary_amount, valid_from, employee_id) VALUES (39782, DATE '2024-01-01', 98);
INSERT INTO salary_history (salary_amount, valid_from, employee_id) VALUES (49493, DATE '2024-01-01', 99);
INSERT INTO salary_history (salary_amount, valid_from, employee_id) VALUES (34307, DATE '2024-01-01', 100);

-- Course Instances
INSERT INTO course_instance (num_students, study_year, course_layout_id) VALUES (43, '2024', 10);
INSERT INTO course_instance (num_students, study_year, course_layout_id) VALUES (63, '2024', 23);
INSERT INTO course_instance (num_students, study_year, course_layout_id) VALUES (48, '2024', 50);
INSERT INTO course_instance (num_students, study_year, course_layout_id) VALUES (28, '2024', 20);
INSERT INTO course_instance (num_students, study_year, course_layout_id) VALUES (73, '2024', 23);
INSERT INTO course_instance (num_students, study_year, course_layout_id) VALUES (61, '2024', 19);
INSERT INTO course_instance (num_students, study_year, course_layout_id) VALUES (69, '2024', 45);
INSERT INTO course_instance (num_students, study_year, course_layout_id) VALUES (44, '2024', 14);
INSERT INTO course_instance (num_students, study_year, course_layout_id) VALUES (74, '2024', 19);
INSERT INTO course_instance (num_students, study_year, course_layout_id) VALUES (18, '2024', 33);
INSERT INTO course_instance (num_students, study_year, course_layout_id) VALUES (55, '2024', 50);
INSERT INTO course_instance (num_students, study_year, course_layout_id) VALUES (56, '2024', 4);
INSERT INTO course_instance (num_students, study_year, course_layout_id) VALUES (65, '2024', 43);
INSERT INTO course_instance (num_students, study_year, course_layout_id) VALUES (34, '2024', 8);
INSERT INTO course_instance (num_students, study_year, course_layout_id) VALUES (47, '2024', 12);
INSERT INTO course_instance (num_students, study_year, course_layout_id) VALUES (61, '2024', 25);
INSERT INTO course_instance (num_students, study_year, course_layout_id) VALUES (50, '2024', 36);
INSERT INTO course_instance (num_students, study_year, course_layout_id) VALUES (77, '2024', 35);
INSERT INTO course_instance (num_students, study_year, course_layout_id) VALUES (32, '2024', 12);
INSERT INTO course_instance (num_students, study_year, course_layout_id) VALUES (17, '2024', 46);
INSERT INTO course_instance (num_students, study_year, course_layout_id) VALUES (23, '2024', 21);
INSERT INTO course_instance (num_students, study_year, course_layout_id) VALUES (56, '2024', 40);
INSERT INTO course_instance (num_students, study_year, course_layout_id) VALUES (16, '2024', 8);
INSERT INTO course_instance (num_students, study_year, course_layout_id) VALUES (48, '2024', 7);
INSERT INTO course_instance (num_students, study_year, course_layout_id) VALUES (61, '2024', 8);
INSERT INTO course_instance (num_students, study_year, course_layout_id) VALUES (66, '2024', 44);
INSERT INTO course_instance (num_students, study_year, course_layout_id) VALUES (41, '2024', 30);
INSERT INTO course_instance (num_students, study_year, course_layout_id) VALUES (18, '2024', 50);
INSERT INTO course_instance (num_students, study_year, course_layout_id) VALUES (50, '2024', 44);
INSERT INTO course_instance (num_students, study_year, course_layout_id) VALUES (61, '2024', 27);
INSERT INTO course_instance (num_students, study_year, course_layout_id) VALUES (31, '2024', 28);
INSERT INTO course_instance (num_students, study_year, course_layout_id) VALUES (72, '2024', 26);
INSERT INTO course_instance (num_students, study_year, course_layout_id) VALUES (42, '2024', 46);
INSERT INTO course_instance (num_students, study_year, course_layout_id) VALUES (69, '2024', 3);
INSERT INTO course_instance (num_students, study_year, course_layout_id) VALUES (40, '2024', 35);
INSERT INTO course_instance (num_students, study_year, course_layout_id) VALUES (17, '2024', 12);
INSERT INTO course_instance (num_students, study_year, course_layout_id) VALUES (64, '2024', 15);
INSERT INTO course_instance (num_students, study_year, course_layout_id) VALUES (52, '2024', 36);
INSERT INTO course_instance (num_students, study_year, course_layout_id) VALUES (53, '2024', 43);
INSERT INTO course_instance (num_students, study_year, course_layout_id) VALUES (56, '2024', 4);
INSERT INTO course_instance (num_students, study_year, course_layout_id) VALUES (47, '2024', 6);
INSERT INTO course_instance (num_students, study_year, course_layout_id) VALUES (67, '2024', 21);
INSERT INTO course_instance (num_students, study_year, course_layout_id) VALUES (40, '2024', 47);
INSERT INTO course_instance (num_students, study_year, course_layout_id) VALUES (79, '2024', 12);
INSERT INTO course_instance (num_students, study_year, course_layout_id) VALUES (69, '2024', 37);
INSERT INTO course_instance (num_students, study_year, course_layout_id) VALUES (65, '2024', 6);
INSERT INTO course_instance (num_students, study_year, course_layout_id) VALUES (53, '2024', 4);
INSERT INTO course_instance (num_students, study_year, course_layout_id) VALUES (68, '2024', 23);
INSERT INTO course_instance (num_students, study_year, course_layout_id) VALUES (74, '2024', 47);
INSERT INTO course_instance (num_students, study_year, course_layout_id) VALUES (63, '2024', 32);
INSERT INTO course_instance (num_students, study_year, course_layout_id) VALUES (26, '2024', 3);
INSERT INTO course_instance (num_students, study_year, course_layout_id) VALUES (16, '2024', 47);
INSERT INTO course_instance (num_students, study_year, course_layout_id) VALUES (79, '2024', 39);
INSERT INTO course_instance (num_students, study_year, course_layout_id) VALUES (66, '2024', 38);
INSERT INTO course_instance (num_students, study_year, course_layout_id) VALUES (29, '2024', 10);
INSERT INTO course_instance (num_students, study_year, course_layout_id) VALUES (53, '2024', 36);
INSERT INTO course_instance (num_students, study_year, course_layout_id) VALUES (50, '2024', 5);
INSERT INTO course_instance (num_students, study_year, course_layout_id) VALUES (21, '2024', 3);
INSERT INTO course_instance (num_students, study_year, course_layout_id) VALUES (17, '2024', 18);
INSERT INTO course_instance (num_students, study_year, course_layout_id) VALUES (58, '2024', 24);
INSERT INTO course_instance (num_students, study_year, course_layout_id) VALUES (61, '2024', 36);
INSERT INTO course_instance (num_students, study_year, course_layout_id) VALUES (31, '2024', 11);
INSERT INTO course_instance (num_students, study_year, course_layout_id) VALUES (44, '2024', 12);
INSERT INTO course_instance (num_students, study_year, course_layout_id) VALUES (77, '2024', 8);
INSERT INTO course_instance (num_students, study_year, course_layout_id) VALUES (16, '2024', 21);
INSERT INTO course_instance (num_students, study_year, course_layout_id) VALUES (27, '2024', 23);
INSERT INTO course_instance (num_students, study_year, course_layout_id) VALUES (18, '2024', 47);
INSERT INTO course_instance (num_students, study_year, course_layout_id) VALUES (49, '2024', 29);
INSERT INTO course_instance (num_students, study_year, course_layout_id) VALUES (39, '2024', 50);
INSERT INTO course_instance (num_students, study_year, course_layout_id) VALUES (36, '2024', 4);
INSERT INTO course_instance (num_students, study_year, course_layout_id) VALUES (29, '2024', 34);
INSERT INTO course_instance (num_students, study_year, course_layout_id) VALUES (56, '2024', 17);
INSERT INTO course_instance (num_students, study_year, course_layout_id) VALUES (28, '2024', 30);
INSERT INTO course_instance (num_students, study_year, course_layout_id) VALUES (16, '2024', 16);
INSERT INTO course_instance (num_students, study_year, course_layout_id) VALUES (24, '2024', 42);
INSERT INTO course_instance (num_students, study_year, course_layout_id) VALUES (59, '2024', 25);
INSERT INTO course_instance (num_students, study_year, course_layout_id) VALUES (58, '2024', 37);
INSERT INTO course_instance (num_students, study_year, course_layout_id) VALUES (74, '2024', 27);
INSERT INTO course_instance (num_students, study_year, course_layout_id) VALUES (78, '2024', 31);
INSERT INTO course_instance (num_students, study_year, course_layout_id) VALUES (51, '2024', 5);
INSERT INTO course_instance (num_students, study_year, course_layout_id) VALUES (60, '2024', 46);
INSERT INTO course_instance (num_students, study_year, course_layout_id) VALUES (43, '2024', 43);
INSERT INTO course_instance (num_students, study_year, course_layout_id) VALUES (70, '2024', 11);
INSERT INTO course_instance (num_students, study_year, course_layout_id) VALUES (65, '2024', 42);
INSERT INTO course_instance (num_students, study_year, course_layout_id) VALUES (34, '2024', 42);
INSERT INTO course_instance (num_students, study_year, course_layout_id) VALUES (49, '2024', 32);
INSERT INTO course_instance (num_students, study_year, course_layout_id) VALUES (68, '2024', 1);
INSERT INTO course_instance (num_students, study_year, course_layout_id) VALUES (59, '2024', 25);
INSERT INTO course_instance (num_students, study_year, course_layout_id) VALUES (76, '2024', 34);
INSERT INTO course_instance (num_students, study_year, course_layout_id) VALUES (65, '2024', 15);
INSERT INTO course_instance (num_students, study_year, course_layout_id) VALUES (48, '2024', 29);
INSERT INTO course_instance (num_students, study_year, course_layout_id) VALUES (68, '2024', 2);
INSERT INTO course_instance (num_students, study_year, course_layout_id) VALUES (71, '2024', 8);
INSERT INTO course_instance (num_students, study_year, course_layout_id) VALUES (70, '2024', 22);
INSERT INTO course_instance (num_students, study_year, course_layout_id) VALUES (51, '2024', 18);
INSERT INTO course_instance (num_students, study_year, course_layout_id) VALUES (58, '2024', 8);
INSERT INTO course_instance (num_students, study_year, course_layout_id) VALUES (52, '2024', 46);
INSERT INTO course_instance (num_students, study_year, course_layout_id) VALUES (75, '2024', 19);
INSERT INTO course_instance (num_students, study_year, course_layout_id) VALUES (25, '2024', 13);
INSERT INTO course_instance (num_students, study_year, course_layout_id) VALUES (49, '2024', 19);

-- Course Instance Periods
INSERT INTO course_instance_period (study_period_id) VALUES (3);
INSERT INTO course_instance_period (study_period_id) VALUES (1);
INSERT INTO course_instance_period (study_period_id) VALUES (1);
INSERT INTO course_instance_period (study_period_id) VALUES (1);
INSERT INTO course_instance_period (study_period_id) VALUES (1);
INSERT INTO course_instance_period (study_period_id) VALUES (2);
INSERT INTO course_instance_period (study_period_id) VALUES (3);
INSERT INTO course_instance_period (study_period_id) VALUES (3);
INSERT INTO course_instance_period (study_period_id) VALUES (1);
INSERT INTO course_instance_period (study_period_id) VALUES (4);
INSERT INTO course_instance_period (study_period_id) VALUES (1);
INSERT INTO course_instance_period (study_period_id) VALUES (2);
INSERT INTO course_instance_period (study_period_id) VALUES (3);
INSERT INTO course_instance_period (study_period_id) VALUES (3);
INSERT INTO course_instance_period (study_period_id) VALUES (4);
INSERT INTO course_instance_period (study_period_id) VALUES (1);
INSERT INTO course_instance_period (study_period_id) VALUES (4);
INSERT INTO course_instance_period (study_period_id) VALUES (4);
INSERT INTO course_instance_period (study_period_id) VALUES (2);
INSERT INTO course_instance_period (study_period_id) VALUES (3);
INSERT INTO course_instance_period (study_period_id) VALUES (3);
INSERT INTO course_instance_period (study_period_id) VALUES (1);
INSERT INTO course_instance_period (study_period_id) VALUES (4);
INSERT INTO course_instance_period (study_period_id) VALUES (3);
INSERT INTO course_instance_period (study_period_id) VALUES (3);
INSERT INTO course_instance_period (study_period_id) VALUES (4);
INSERT INTO course_instance_period (study_period_id) VALUES (1);
INSERT INTO course_instance_period (study_period_id) VALUES (2);
INSERT INTO course_instance_period (study_period_id) VALUES (4);
INSERT INTO course_instance_period (study_period_id) VALUES (1);
INSERT INTO course_instance_period (study_period_id) VALUES (2);
INSERT INTO course_instance_period (study_period_id) VALUES (3);
INSERT INTO course_instance_period (study_period_id) VALUES (2);
INSERT INTO course_instance_period (study_period_id) VALUES (3);
INSERT INTO course_instance_period (study_period_id) VALUES (2);
INSERT INTO course_instance_period (study_period_id) VALUES (3);
INSERT INTO course_instance_period (study_period_id) VALUES (2);
INSERT INTO course_instance_period (study_period_id) VALUES (1);
INSERT INTO course_instance_period (study_period_id) VALUES (4);
INSERT INTO course_instance_period (study_period_id) VALUES (4);
INSERT INTO course_instance_period (study_period_id) VALUES (1);
INSERT INTO course_instance_period (study_period_id) VALUES (4);
INSERT INTO course_instance_period (study_period_id) VALUES (2);
INSERT INTO course_instance_period (study_period_id) VALUES (4);
INSERT INTO course_instance_period (study_period_id) VALUES (4);
INSERT INTO course_instance_period (study_period_id) VALUES (2);
INSERT INTO course_instance_period (study_period_id) VALUES (3);
INSERT INTO course_instance_period (study_period_id) VALUES (4);
INSERT INTO course_instance_period (study_period_id) VALUES (4);
INSERT INTO course_instance_period (study_period_id) VALUES (2);
INSERT INTO course_instance_period (study_period_id) VALUES (1);
INSERT INTO course_instance_period (study_period_id) VALUES (1);
INSERT INTO course_instance_period (study_period_id) VALUES (3);
INSERT INTO course_instance_period (study_period_id) VALUES (1);
INSERT INTO course_instance_period (study_period_id) VALUES (4);
INSERT INTO course_instance_period (study_period_id) VALUES (4);
INSERT INTO course_instance_period (study_period_id) VALUES (1);
INSERT INTO course_instance_period (study_period_id) VALUES (4);
INSERT INTO course_instance_period (study_period_id) VALUES (3);
INSERT INTO course_instance_period (study_period_id) VALUES (2);
INSERT INTO course_instance_period (study_period_id) VALUES (2);
INSERT INTO course_instance_period (study_period_id) VALUES (4);
INSERT INTO course_instance_period (study_period_id) VALUES (4);
INSERT INTO course_instance_period (study_period_id) VALUES (2);
INSERT INTO course_instance_period (study_period_id) VALUES (1);
INSERT INTO course_instance_period (study_period_id) VALUES (3);
INSERT INTO course_instance_period (study_period_id) VALUES (4);
INSERT INTO course_instance_period (study_period_id) VALUES (4);
INSERT INTO course_instance_period (study_period_id) VALUES (4);
INSERT INTO course_instance_period (study_period_id) VALUES (1);
INSERT INTO course_instance_period (study_period_id) VALUES (2);
INSERT INTO course_instance_period (study_period_id) VALUES (2);
INSERT INTO course_instance_period (study_period_id) VALUES (4);
INSERT INTO course_instance_period (study_period_id) VALUES (3);
INSERT INTO course_instance_period (study_period_id) VALUES (2);
INSERT INTO course_instance_period (study_period_id) VALUES (3);
INSERT INTO course_instance_period (study_period_id) VALUES (2);
INSERT INTO course_instance_period (study_period_id) VALUES (1);
INSERT INTO course_instance_period (study_period_id) VALUES (2);
INSERT INTO course_instance_period (study_period_id) VALUES (4);
INSERT INTO course_instance_period (study_period_id) VALUES (4);
INSERT INTO course_instance_period (study_period_id) VALUES (3);
INSERT INTO course_instance_period (study_period_id) VALUES (1);
INSERT INTO course_instance_period (study_period_id) VALUES (4);
INSERT INTO course_instance_period (study_period_id) VALUES (2);
INSERT INTO course_instance_period (study_period_id) VALUES (2);
INSERT INTO course_instance_period (study_period_id) VALUES (1);
INSERT INTO course_instance_period (study_period_id) VALUES (2);
INSERT INTO course_instance_period (study_period_id) VALUES (4);
INSERT INTO course_instance_period (study_period_id) VALUES (4);
INSERT INTO course_instance_period (study_period_id) VALUES (3);
INSERT INTO course_instance_period (study_period_id) VALUES (2);
INSERT INTO course_instance_period (study_period_id) VALUES (1);
INSERT INTO course_instance_period (study_period_id) VALUES (2);
INSERT INTO course_instance_period (study_period_id) VALUES (3);
INSERT INTO course_instance_period (study_period_id) VALUES (2);
INSERT INTO course_instance_period (study_period_id) VALUES (1);
INSERT INTO course_instance_period (study_period_id) VALUES (3);
INSERT INTO course_instance_period (study_period_id) VALUES (1);
INSERT INTO course_instance_period (study_period_id) VALUES (2);

-- Employee Skills
INSERT INTO employee_skill (employee_id, skill_id) VALUES (1, 6);
INSERT INTO employee_skill (employee_id, skill_id) VALUES (2, 1);
INSERT INTO employee_skill (employee_id, skill_id) VALUES (2, 5);
INSERT INTO employee_skill (employee_id, skill_id) VALUES (3, 6);
INSERT INTO employee_skill (employee_id, skill_id) VALUES (3, 7);
INSERT INTO employee_skill (employee_id, skill_id) VALUES (3, 3);
INSERT INTO employee_skill (employee_id, skill_id) VALUES (4, 6);
INSERT INTO employee_skill (employee_id, skill_id) VALUES (5, 3);
INSERT INTO employee_skill (employee_id, skill_id) VALUES (5, 5);
INSERT INTO employee_skill (employee_id, skill_id) VALUES (6, 2);
INSERT INTO employee_skill (employee_id, skill_id) VALUES (6, 6);
INSERT INTO employee_skill (employee_id, skill_id) VALUES (6, 7);
INSERT INTO employee_skill (employee_id, skill_id) VALUES (7, 3);
INSERT INTO employee_skill (employee_id, skill_id) VALUES (7, 2);
INSERT INTO employee_skill (employee_id, skill_id) VALUES (8, 7);
INSERT INTO employee_skill (employee_id, skill_id) VALUES (8, 5);
INSERT INTO employee_skill (employee_id, skill_id) VALUES (9, 7);
INSERT INTO employee_skill (employee_id, skill_id) VALUES (9, 4);
INSERT INTO employee_skill (employee_id, skill_id) VALUES (10, 1);
INSERT INTO employee_skill (employee_id, skill_id) VALUES (11, 6);
INSERT INTO employee_skill (employee_id, skill_id) VALUES (11, 2);
INSERT INTO employee_skill (employee_id, skill_id) VALUES (11, 3);
INSERT INTO employee_skill (employee_id, skill_id) VALUES (12, 7);
INSERT INTO employee_skill (employee_id, skill_id) VALUES (13, 2);
INSERT INTO employee_skill (employee_id, skill_id) VALUES (13, 1);
INSERT INTO employee_skill (employee_id, skill_id) VALUES (14, 5);
INSERT INTO employee_skill (employee_id, skill_id) VALUES (15, 6);
INSERT INTO employee_skill (employee_id, skill_id) VALUES (15, 2);
INSERT INTO employee_skill (employee_id, skill_id) VALUES (15, 3);
INSERT INTO employee_skill (employee_id, skill_id) VALUES (16, 5);
INSERT INTO employee_skill (employee_id, skill_id) VALUES (16, 1);
INSERT INTO employee_skill (employee_id, skill_id) VALUES (16, 4);
INSERT INTO employee_skill (employee_id, skill_id) VALUES (17, 5);
INSERT INTO employee_skill (employee_id, skill_id) VALUES (17, 1);
INSERT INTO employee_skill (employee_id, skill_id) VALUES (17, 2);
INSERT INTO employee_skill (employee_id, skill_id) VALUES (18, 7);
INSERT INTO employee_skill (employee_id, skill_id) VALUES (19, 6);
INSERT INTO employee_skill (employee_id, skill_id) VALUES (19, 7);
INSERT INTO employee_skill (employee_id, skill_id) VALUES (20, 1);
INSERT INTO employee_skill (employee_id, skill_id) VALUES (20, 2);
INSERT INTO employee_skill (employee_id, skill_id) VALUES (21, 5);
INSERT INTO employee_skill (employee_id, skill_id) VALUES (21, 6);
INSERT INTO employee_skill (employee_id, skill_id) VALUES (21, 3);
INSERT INTO employee_skill (employee_id, skill_id) VALUES (22, 5);
INSERT INTO employee_skill (employee_id, skill_id) VALUES (23, 1);
INSERT INTO employee_skill (employee_id, skill_id) VALUES (23, 2);
INSERT INTO employee_skill (employee_id, skill_id) VALUES (24, 5);
INSERT INTO employee_skill (employee_id, skill_id) VALUES (24, 6);
INSERT INTO employee_skill (employee_id, skill_id) VALUES (25, 6);
INSERT INTO employee_skill (employee_id, skill_id) VALUES (25, 3);
INSERT INTO employee_skill (employee_id, skill_id) VALUES (25, 5);
INSERT INTO employee_skill (employee_id, skill_id) VALUES (26, 3);
INSERT INTO employee_skill (employee_id, skill_id) VALUES (26, 5);
INSERT INTO employee_skill (employee_id, skill_id) VALUES (27, 1);
INSERT INTO employee_skill (employee_id, skill_id) VALUES (27, 2);
INSERT INTO employee_skill (employee_id, skill_id) VALUES (28, 6);
INSERT INTO employee_skill (employee_id, skill_id) VALUES (28, 5);
INSERT INTO employee_skill (employee_id, skill_id) VALUES (29, 3);
INSERT INTO employee_skill (employee_id, skill_id) VALUES (30, 2);
INSERT INTO employee_skill (employee_id, skill_id) VALUES (30, 6);
INSERT INTO employee_skill (employee_id, skill_id) VALUES (31, 5);
INSERT INTO employee_skill (employee_id, skill_id) VALUES (32, 7);
INSERT INTO employee_skill (employee_id, skill_id) VALUES (33, 6);
INSERT INTO employee_skill (employee_id, skill_id) VALUES (34, 7);
INSERT INTO employee_skill (employee_id, skill_id) VALUES (34, 5);
INSERT INTO employee_skill (employee_id, skill_id) VALUES (34, 2);
INSERT INTO employee_skill (employee_id, skill_id) VALUES (35, 5);
INSERT INTO employee_skill (employee_id, skill_id) VALUES (35, 7);
INSERT INTO employee_skill (employee_id, skill_id) VALUES (35, 4);
INSERT INTO employee_skill (employee_id, skill_id) VALUES (36, 7);
INSERT INTO employee_skill (employee_id, skill_id) VALUES (36, 4);
INSERT INTO employee_skill (employee_id, skill_id) VALUES (37, 5);
INSERT INTO employee_skill (employee_id, skill_id) VALUES (37, 1);
INSERT INTO employee_skill (employee_id, skill_id) VALUES (37, 7);
INSERT INTO employee_skill (employee_id, skill_id) VALUES (38, 3);
INSERT INTO employee_skill (employee_id, skill_id) VALUES (38, 4);
INSERT INTO employee_skill (employee_id, skill_id) VALUES (38, 6);
INSERT INTO employee_skill (employee_id, skill_id) VALUES (39, 3);
INSERT INTO employee_skill (employee_id, skill_id) VALUES (39, 1);
INSERT INTO employee_skill (employee_id, skill_id) VALUES (40, 3);
INSERT INTO employee_skill (employee_id, skill_id) VALUES (40, 7);
INSERT INTO employee_skill (employee_id, skill_id) VALUES (40, 4);
INSERT INTO employee_skill (employee_id, skill_id) VALUES (41, 2);
INSERT INTO employee_skill (employee_id, skill_id) VALUES (41, 1);
INSERT INTO employee_skill (employee_id, skill_id) VALUES (42, 3);
INSERT INTO employee_skill (employee_id, skill_id) VALUES (42, 6);
INSERT INTO employee_skill (employee_id, skill_id) VALUES (43, 2);
INSERT INTO employee_skill (employee_id, skill_id) VALUES (44, 3);
INSERT INTO employee_skill (employee_id, skill_id) VALUES (45, 1);
INSERT INTO employee_skill (employee_id, skill_id) VALUES (45, 2);
INSERT INTO employee_skill (employee_id, skill_id) VALUES (46, 6);
INSERT INTO employee_skill (employee_id, skill_id) VALUES (46, 3);
INSERT INTO employee_skill (employee_id, skill_id) VALUES (46, 1);
INSERT INTO employee_skill (employee_id, skill_id) VALUES (47, 4);
INSERT INTO employee_skill (employee_id, skill_id) VALUES (48, 1);
INSERT INTO employee_skill (employee_id, skill_id) VALUES (49, 7);
INSERT INTO employee_skill (employee_id, skill_id) VALUES (49, 2);
INSERT INTO employee_skill (employee_id, skill_id) VALUES (50, 2);
INSERT INTO employee_skill (employee_id, skill_id) VALUES (50, 5);
INSERT INTO employee_skill (employee_id, skill_id) VALUES (51, 2);
INSERT INTO employee_skill (employee_id, skill_id) VALUES (51, 1);
INSERT INTO employee_skill (employee_id, skill_id) VALUES (52, 5);
INSERT INTO employee_skill (employee_id, skill_id) VALUES (53, 6);
INSERT INTO employee_skill (employee_id, skill_id) VALUES (53, 3);
INSERT INTO employee_skill (employee_id, skill_id) VALUES (53, 7);
INSERT INTO employee_skill (employee_id, skill_id) VALUES (54, 4);
INSERT INTO employee_skill (employee_id, skill_id) VALUES (55, 6);
INSERT INTO employee_skill (employee_id, skill_id) VALUES (56, 4);
INSERT INTO employee_skill (employee_id, skill_id) VALUES (56, 7);
INSERT INTO employee_skill (employee_id, skill_id) VALUES (57, 5);
INSERT INTO employee_skill (employee_id, skill_id) VALUES (57, 2);
INSERT INTO employee_skill (employee_id, skill_id) VALUES (57, 4);
INSERT INTO employee_skill (employee_id, skill_id) VALUES (58, 2);
INSERT INTO employee_skill (employee_id, skill_id) VALUES (58, 6);
INSERT INTO employee_skill (employee_id, skill_id) VALUES (58, 1);
INSERT INTO employee_skill (employee_id, skill_id) VALUES (59, 7);
INSERT INTO employee_skill (employee_id, skill_id) VALUES (59, 3);
INSERT INTO employee_skill (employee_id, skill_id) VALUES (60, 7);
INSERT INTO employee_skill (employee_id, skill_id) VALUES (60, 4);
INSERT INTO employee_skill (employee_id, skill_id) VALUES (60, 5);
INSERT INTO employee_skill (employee_id, skill_id) VALUES (61, 1);
INSERT INTO employee_skill (employee_id, skill_id) VALUES (62, 1);
INSERT INTO employee_skill (employee_id, skill_id) VALUES (62, 4);
INSERT INTO employee_skill (employee_id, skill_id) VALUES (62, 2);
INSERT INTO employee_skill (employee_id, skill_id) VALUES (63, 5);
INSERT INTO employee_skill (employee_id, skill_id) VALUES (63, 6);
INSERT INTO employee_skill (employee_id, skill_id) VALUES (63, 1);
INSERT INTO employee_skill (employee_id, skill_id) VALUES (64, 2);
INSERT INTO employee_skill (employee_id, skill_id) VALUES (64, 3);
INSERT INTO employee_skill (employee_id, skill_id) VALUES (65, 7);
INSERT INTO employee_skill (employee_id, skill_id) VALUES (65, 3);
INSERT INTO employee_skill (employee_id, skill_id) VALUES (65, 1);
INSERT INTO employee_skill (employee_id, skill_id) VALUES (66, 2);
INSERT INTO employee_skill (employee_id, skill_id) VALUES (66, 4);
INSERT INTO employee_skill (employee_id, skill_id) VALUES (67, 2);
INSERT INTO employee_skill (employee_id, skill_id) VALUES (67, 7);
INSERT INTO employee_skill (employee_id, skill_id) VALUES (68, 3);
INSERT INTO employee_skill (employee_id, skill_id) VALUES (69, 4);
INSERT INTO employee_skill (employee_id, skill_id) VALUES (69, 6);
INSERT INTO employee_skill (employee_id, skill_id) VALUES (70, 4);
INSERT INTO employee_skill (employee_id, skill_id) VALUES (70, 3);
INSERT INTO employee_skill (employee_id, skill_id) VALUES (71, 2);
INSERT INTO employee_skill (employee_id, skill_id) VALUES (71, 6);
INSERT INTO employee_skill (employee_id, skill_id) VALUES (72, 5);
INSERT INTO employee_skill (employee_id, skill_id) VALUES (72, 1);
INSERT INTO employee_skill (employee_id, skill_id) VALUES (73, 7);
INSERT INTO employee_skill (employee_id, skill_id) VALUES (73, 2);
INSERT INTO employee_skill (employee_id, skill_id) VALUES (74, 7);
INSERT INTO employee_skill (employee_id, skill_id) VALUES (74, 5);
INSERT INTO employee_skill (employee_id, skill_id) VALUES (75, 4);
INSERT INTO employee_skill (employee_id, skill_id) VALUES (75, 6);
INSERT INTO employee_skill (employee_id, skill_id) VALUES (76, 3);
INSERT INTO employee_skill (employee_id, skill_id) VALUES (77, 4);
INSERT INTO employee_skill (employee_id, skill_id) VALUES (77, 6);
INSERT INTO employee_skill (employee_id, skill_id) VALUES (77, 3);
INSERT INTO employee_skill (employee_id, skill_id) VALUES (78, 7);
INSERT INTO employee_skill (employee_id, skill_id) VALUES (78, 4);
INSERT INTO employee_skill (employee_id, skill_id) VALUES (78, 3);
INSERT INTO employee_skill (employee_id, skill_id) VALUES (79, 7);
INSERT INTO employee_skill (employee_id, skill_id) VALUES (79, 5);
INSERT INTO employee_skill (employee_id, skill_id) VALUES (80, 2);
INSERT INTO employee_skill (employee_id, skill_id) VALUES (80, 5);
INSERT INTO employee_skill (employee_id, skill_id) VALUES (80, 4);
INSERT INTO employee_skill (employee_id, skill_id) VALUES (81, 1);
INSERT INTO employee_skill (employee_id, skill_id) VALUES (81, 5);
INSERT INTO employee_skill (employee_id, skill_id) VALUES (81, 7);
INSERT INTO employee_skill (employee_id, skill_id) VALUES (82, 1);
INSERT INTO employee_skill (employee_id, skill_id) VALUES (83, 5);
INSERT INTO employee_skill (employee_id, skill_id) VALUES (84, 3);
INSERT INTO employee_skill (employee_id, skill_id) VALUES (84, 2);
INSERT INTO employee_skill (employee_id, skill_id) VALUES (85, 4);
INSERT INTO employee_skill (employee_id, skill_id) VALUES (85, 6);
INSERT INTO employee_skill (employee_id, skill_id) VALUES (86, 1);
INSERT INTO employee_skill (employee_id, skill_id) VALUES (87, 1);
INSERT INTO employee_skill (employee_id, skill_id) VALUES (87, 7);
INSERT INTO employee_skill (employee_id, skill_id) VALUES (87, 3);
INSERT INTO employee_skill (employee_id, skill_id) VALUES (88, 3);
INSERT INTO employee_skill (employee_id, skill_id) VALUES (88, 5);
INSERT INTO employee_skill (employee_id, skill_id) VALUES (89, 1);
INSERT INTO employee_skill (employee_id, skill_id) VALUES (89, 3);
INSERT INTO employee_skill (employee_id, skill_id) VALUES (90, 2);
INSERT INTO employee_skill (employee_id, skill_id) VALUES (90, 3);
INSERT INTO employee_skill (employee_id, skill_id) VALUES (91, 1);
INSERT INTO employee_skill (employee_id, skill_id) VALUES (92, 3);
INSERT INTO employee_skill (employee_id, skill_id) VALUES (92, 7);
INSERT INTO employee_skill (employee_id, skill_id) VALUES (92, 6);
INSERT INTO employee_skill (employee_id, skill_id) VALUES (93, 1);
INSERT INTO employee_skill (employee_id, skill_id) VALUES (93, 3);
INSERT INTO employee_skill (employee_id, skill_id) VALUES (94, 4);
INSERT INTO employee_skill (employee_id, skill_id) VALUES (94, 2);
INSERT INTO employee_skill (employee_id, skill_id) VALUES (94, 3);
INSERT INTO employee_skill (employee_id, skill_id) VALUES (95, 3);
INSERT INTO employee_skill (employee_id, skill_id) VALUES (95, 5);
INSERT INTO employee_skill (employee_id, skill_id) VALUES (95, 6);
INSERT INTO employee_skill (employee_id, skill_id) VALUES (96, 7);
INSERT INTO employee_skill (employee_id, skill_id) VALUES (96, 1);
INSERT INTO employee_skill (employee_id, skill_id) VALUES (97, 5);
INSERT INTO employee_skill (employee_id, skill_id) VALUES (97, 3);
INSERT INTO employee_skill (employee_id, skill_id) VALUES (97, 4);
INSERT INTO employee_skill (employee_id, skill_id) VALUES (98, 6);
INSERT INTO employee_skill (employee_id, skill_id) VALUES (98, 4);
INSERT INTO employee_skill (employee_id, skill_id) VALUES (99, 1);
INSERT INTO employee_skill (employee_id, skill_id) VALUES (99, 7);
INSERT INTO employee_skill (employee_id, skill_id) VALUES (100, 5);

-- Planned Activities
INSERT INTO planned_activity (teaching_activity_id, course_instance_id, study_period_id, planned_hours) VALUES (1, 1, 3, 50);
INSERT INTO planned_activity (teaching_activity_id, course_instance_id, study_period_id, planned_hours) VALUES (3, 2, 1, 23);
INSERT INTO planned_activity (teaching_activity_id, course_instance_id, study_period_id, planned_hours) VALUES (1, 3, 1, 40);
INSERT INTO planned_activity (teaching_activity_id, course_instance_id, study_period_id, planned_hours) VALUES (3, 4, 1, 24);
INSERT INTO planned_activity (teaching_activity_id, course_instance_id, study_period_id, planned_hours) VALUES (3, 5, 1, 40);
INSERT INTO planned_activity (teaching_activity_id, course_instance_id, study_period_id, planned_hours) VALUES (4, 6, 2, 50);
INSERT INTO planned_activity (teaching_activity_id, course_instance_id, study_period_id, planned_hours) VALUES (3, 7, 3, 41);
INSERT INTO planned_activity (teaching_activity_id, course_instance_id, study_period_id, planned_hours) VALUES (3, 8, 3, 15);
INSERT INTO planned_activity (teaching_activity_id, course_instance_id, study_period_id, planned_hours) VALUES (3, 9, 1, 10);
INSERT INTO planned_activity (teaching_activity_id, course_instance_id, study_period_id, planned_hours) VALUES (4, 10, 4, 47);
INSERT INTO planned_activity (teaching_activity_id, course_instance_id, study_period_id, planned_hours) VALUES (2, 11, 1, 48);
INSERT INTO planned_activity (teaching_activity_id, course_instance_id, study_period_id, planned_hours) VALUES (2, 12, 2, 47);
INSERT INTO planned_activity (teaching_activity_id, course_instance_id, study_period_id, planned_hours) VALUES (3, 13, 3, 19);
INSERT INTO planned_activity (teaching_activity_id, course_instance_id, study_period_id, planned_hours) VALUES (3, 14, 3, 47);
INSERT INTO planned_activity (teaching_activity_id, course_instance_id, study_period_id, planned_hours) VALUES (2, 15, 4, 20);
INSERT INTO planned_activity (teaching_activity_id, course_instance_id, study_period_id, planned_hours) VALUES (3, 16, 1, 34);
INSERT INTO planned_activity (teaching_activity_id, course_instance_id, study_period_id, planned_hours) VALUES (3, 17, 4, 48);
INSERT INTO planned_activity (teaching_activity_id, course_instance_id, study_period_id, planned_hours) VALUES (3, 18, 4, 22);
INSERT INTO planned_activity (teaching_activity_id, course_instance_id, study_period_id, planned_hours) VALUES (4, 19, 2, 19);
INSERT INTO planned_activity (teaching_activity_id, course_instance_id, study_period_id, planned_hours) VALUES (2, 20, 3, 14);
INSERT INTO planned_activity (teaching_activity_id, course_instance_id, study_period_id, planned_hours) VALUES (4, 21, 3, 30);
INSERT INTO planned_activity (teaching_activity_id, course_instance_id, study_period_id, planned_hours) VALUES (2, 22, 1, 32);
INSERT INTO planned_activity (teaching_activity_id, course_instance_id, study_period_id, planned_hours) VALUES (2, 23, 4, 12);
INSERT INTO planned_activity (teaching_activity_id, course_instance_id, study_period_id, planned_hours) VALUES (1, 24, 3, 15);
INSERT INTO planned_activity (teaching_activity_id, course_instance_id, study_period_id, planned_hours) VALUES (4, 25, 3, 18);
INSERT INTO planned_activity (teaching_activity_id, course_instance_id, study_period_id, planned_hours) VALUES (3, 26, 4, 15);
INSERT INTO planned_activity (teaching_activity_id, course_instance_id, study_period_id, planned_hours) VALUES (1, 27, 1, 32);
INSERT INTO planned_activity (teaching_activity_id, course_instance_id, study_period_id, planned_hours) VALUES (1, 28, 2, 21);
INSERT INTO planned_activity (teaching_activity_id, course_instance_id, study_period_id, planned_hours) VALUES (1, 29, 4, 44);
INSERT INTO planned_activity (teaching_activity_id, course_instance_id, study_period_id, planned_hours) VALUES (2, 30, 1, 48);
INSERT INTO planned_activity (teaching_activity_id, course_instance_id, study_period_id, planned_hours) VALUES (3, 31, 2, 40);
INSERT INTO planned_activity (teaching_activity_id, course_instance_id, study_period_id, planned_hours) VALUES (3, 32, 3, 50);
INSERT INTO planned_activity (teaching_activity_id, course_instance_id, study_period_id, planned_hours) VALUES (2, 33, 2, 18);
INSERT INTO planned_activity (teaching_activity_id, course_instance_id, study_period_id, planned_hours) VALUES (2, 34, 3, 45);
INSERT INTO planned_activity (teaching_activity_id, course_instance_id, study_period_id, planned_hours) VALUES (2, 35, 2, 27);
INSERT INTO planned_activity (teaching_activity_id, course_instance_id, study_period_id, planned_hours) VALUES (1, 36, 3, 44);
INSERT INTO planned_activity (teaching_activity_id, course_instance_id, study_period_id, planned_hours) VALUES (1, 37, 2, 39);
INSERT INTO planned_activity (teaching_activity_id, course_instance_id, study_period_id, planned_hours) VALUES (2, 38, 1, 39);
INSERT INTO planned_activity (teaching_activity_id, course_instance_id, study_period_id, planned_hours) VALUES (4, 39, 4, 34);
INSERT INTO planned_activity (teaching_activity_id, course_instance_id, study_period_id, planned_hours) VALUES (2, 40, 4, 31);
INSERT INTO planned_activity (teaching_activity_id, course_instance_id, study_period_id, planned_hours) VALUES (2, 41, 1, 39);
INSERT INTO planned_activity (teaching_activity_id, course_instance_id, study_period_id, planned_hours) VALUES (4, 42, 4, 26);
INSERT INTO planned_activity (teaching_activity_id, course_instance_id, study_period_id, planned_hours) VALUES (2, 43, 2, 27);
INSERT INTO planned_activity (teaching_activity_id, course_instance_id, study_period_id, planned_hours) VALUES (3, 44, 4, 32);
INSERT INTO planned_activity (teaching_activity_id, course_instance_id, study_period_id, planned_hours) VALUES (3, 45, 4, 36);
INSERT INTO planned_activity (teaching_activity_id, course_instance_id, study_period_id, planned_hours) VALUES (1, 46, 2, 49);
INSERT INTO planned_activity (teaching_activity_id, course_instance_id, study_period_id, planned_hours) VALUES (2, 47, 3, 27);
INSERT INTO planned_activity (teaching_activity_id, course_instance_id, study_period_id, planned_hours) VALUES (2, 48, 4, 26);
INSERT INTO planned_activity (teaching_activity_id, course_instance_id, study_period_id, planned_hours) VALUES (3, 49, 4, 43);
INSERT INTO planned_activity (teaching_activity_id, course_instance_id, study_period_id, planned_hours) VALUES (3, 50, 2, 37);
INSERT INTO planned_activity (teaching_activity_id, course_instance_id, study_period_id, planned_hours) VALUES (2, 51, 1, 19);
INSERT INTO planned_activity (teaching_activity_id, course_instance_id, study_period_id, planned_hours) VALUES (1, 52, 1, 44);
INSERT INTO planned_activity (teaching_activity_id, course_instance_id, study_period_id, planned_hours) VALUES (4, 53, 3, 10);
INSERT INTO planned_activity (teaching_activity_id, course_instance_id, study_period_id, planned_hours) VALUES (1, 54, 1, 50);
INSERT INTO planned_activity (teaching_activity_id, course_instance_id, study_period_id, planned_hours) VALUES (2, 55, 4, 45);
INSERT INTO planned_activity (teaching_activity_id, course_instance_id, study_period_id, planned_hours) VALUES (4, 56, 4, 20);
INSERT INTO planned_activity (teaching_activity_id, course_instance_id, study_period_id, planned_hours) VALUES (2, 57, 1, 39);
INSERT INTO planned_activity (teaching_activity_id, course_instance_id, study_period_id, planned_hours) VALUES (4, 58, 4, 44);
INSERT INTO planned_activity (teaching_activity_id, course_instance_id, study_period_id, planned_hours) VALUES (3, 59, 3, 34);
INSERT INTO planned_activity (teaching_activity_id, course_instance_id, study_period_id, planned_hours) VALUES (3, 60, 2, 34);
INSERT INTO planned_activity (teaching_activity_id, course_instance_id, study_period_id, planned_hours) VALUES (4, 61, 2, 21);
INSERT INTO planned_activity (teaching_activity_id, course_instance_id, study_period_id, planned_hours) VALUES (1, 62, 4, 36);
INSERT INTO planned_activity (teaching_activity_id, course_instance_id, study_period_id, planned_hours) VALUES (2, 63, 4, 35);
INSERT INTO planned_activity (teaching_activity_id, course_instance_id, study_period_id, planned_hours) VALUES (2, 64, 2, 48);
INSERT INTO planned_activity (teaching_activity_id, course_instance_id, study_period_id, planned_hours) VALUES (4, 65, 1, 38);
INSERT INTO planned_activity (teaching_activity_id, course_instance_id, study_period_id, planned_hours) VALUES (3, 66, 3, 32);
INSERT INTO planned_activity (teaching_activity_id, course_instance_id, study_period_id, planned_hours) VALUES (3, 67, 4, 14);
INSERT INTO planned_activity (teaching_activity_id, course_instance_id, study_period_id, planned_hours) VALUES (2, 68, 4, 35);
INSERT INTO planned_activity (teaching_activity_id, course_instance_id, study_period_id, planned_hours) VALUES (1, 69, 4, 24);
INSERT INTO planned_activity (teaching_activity_id, course_instance_id, study_period_id, planned_hours) VALUES (3, 70, 1, 50);
INSERT INTO planned_activity (teaching_activity_id, course_instance_id, study_period_id, planned_hours) VALUES (3, 71, 2, 36);
INSERT INTO planned_activity (teaching_activity_id, course_instance_id, study_period_id, planned_hours) VALUES (3, 72, 2, 40);
INSERT INTO planned_activity (teaching_activity_id, course_instance_id, study_period_id, planned_hours) VALUES (4, 73, 4, 34);
INSERT INTO planned_activity (teaching_activity_id, course_instance_id, study_period_id, planned_hours) VALUES (4, 74, 3, 19);
INSERT INTO planned_activity (teaching_activity_id, course_instance_id, study_period_id, planned_hours) VALUES (3, 75, 2, 31);
INSERT INTO planned_activity (teaching_activity_id, course_instance_id, study_period_id, planned_hours) VALUES (1, 76, 3, 12);
INSERT INTO planned_activity (teaching_activity_id, course_instance_id, study_period_id, planned_hours) VALUES (4, 77, 2, 33);
INSERT INTO planned_activity (teaching_activity_id, course_instance_id, study_period_id, planned_hours) VALUES (3, 78, 1, 38);
INSERT INTO planned_activity (teaching_activity_id, course_instance_id, study_period_id, planned_hours) VALUES (2, 79, 2, 13);
INSERT INTO planned_activity (teaching_activity_id, course_instance_id, study_period_id, planned_hours) VALUES (3, 80, 4, 10);
INSERT INTO planned_activity (teaching_activity_id, course_instance_id, study_period_id, planned_hours) VALUES (1, 81, 4, 35);
INSERT INTO planned_activity (teaching_activity_id, course_instance_id, study_period_id, planned_hours) VALUES (4, 82, 3, 18);
INSERT INTO planned_activity (teaching_activity_id, course_instance_id, study_period_id, planned_hours) VALUES (2, 83, 1, 16);
INSERT INTO planned_activity (teaching_activity_id, course_instance_id, study_period_id, planned_hours) VALUES (4, 84, 4, 37);
INSERT INTO planned_activity (teaching_activity_id, course_instance_id, study_period_id, planned_hours) VALUES (4, 85, 2, 35);
INSERT INTO planned_activity (teaching_activity_id, course_instance_id, study_period_id, planned_hours) VALUES (3, 86, 2, 36);
INSERT INTO planned_activity (teaching_activity_id, course_instance_id, study_period_id, planned_hours) VALUES (3, 87, 1, 37);
INSERT INTO planned_activity (teaching_activity_id, course_instance_id, study_period_id, planned_hours) VALUES (4, 88, 2, 44);
INSERT INTO planned_activity (teaching_activity_id, course_instance_id, study_period_id, planned_hours) VALUES (1, 89, 4, 35);
INSERT INTO planned_activity (teaching_activity_id, course_instance_id, study_period_id, planned_hours) VALUES (2, 90, 4, 12);
INSERT INTO planned_activity (teaching_activity_id, course_instance_id, study_period_id, planned_hours) VALUES (3, 91, 3, 44);
INSERT INTO planned_activity (teaching_activity_id, course_instance_id, study_period_id, planned_hours) VALUES (4, 92, 2, 35);
INSERT INTO planned_activity (teaching_activity_id, course_instance_id, study_period_id, planned_hours) VALUES (3, 93, 1, 36);
INSERT INTO planned_activity (teaching_activity_id, course_instance_id, study_period_id, planned_hours) VALUES (3, 94, 2, 42);
INSERT INTO planned_activity (teaching_activity_id, course_instance_id, study_period_id, planned_hours) VALUES (4, 95, 3, 35);
INSERT INTO planned_activity (teaching_activity_id, course_instance_id, study_period_id, planned_hours) VALUES (2, 96, 2, 49);
INSERT INTO planned_activity (teaching_activity_id, course_instance_id, study_period_id, planned_hours) VALUES (2, 97, 1, 32);
INSERT INTO planned_activity (teaching_activity_id, course_instance_id, study_period_id, planned_hours) VALUES (1, 98, 3, 40);
INSERT INTO planned_activity (teaching_activity_id, course_instance_id, study_period_id, planned_hours) VALUES (2, 99, 1, 11);
INSERT INTO planned_activity (teaching_activity_id, course_instance_id, study_period_id, planned_hours) VALUES (3, 100, 2, 42);

-- Activity Allocations
INSERT INTO activity_allocation (employee_id, teaching_activity_id, course_instance_id, study_period_id) VALUES (3, 1, 1, 3);
INSERT INTO activity_allocation (employee_id, teaching_activity_id, course_instance_id, study_period_id) VALUES (66, 3, 2, 1);
INSERT INTO activity_allocation (employee_id, teaching_activity_id, course_instance_id, study_period_id) VALUES (94, 1, 3, 1);
INSERT INTO activity_allocation (employee_id, teaching_activity_id, course_instance_id, study_period_id) VALUES (75, 3, 4, 1);
INSERT INTO activity_allocation (employee_id, teaching_activity_id, course_instance_id, study_period_id) VALUES (61, 3, 4, 1);
INSERT INTO activity_allocation (employee_id, teaching_activity_id, course_instance_id, study_period_id) VALUES (20, 3, 5, 1);
INSERT INTO activity_allocation (employee_id, teaching_activity_id, course_instance_id, study_period_id) VALUES (43, 4, 6, 2);
INSERT INTO activity_allocation (employee_id, teaching_activity_id, course_instance_id, study_period_id) VALUES (92, 4, 6, 2);
INSERT INTO activity_allocation (employee_id, teaching_activity_id, course_instance_id, study_period_id) VALUES (84, 3, 7, 3);
INSERT INTO activity_allocation (employee_id, teaching_activity_id, course_instance_id, study_period_id) VALUES (100, 3, 7, 3);
INSERT INTO activity_allocation (employee_id, teaching_activity_id, course_instance_id, study_period_id) VALUES (6, 3, 8, 3);
INSERT INTO activity_allocation (employee_id, teaching_activity_id, course_instance_id, study_period_id) VALUES (15, 3, 8, 3);
INSERT INTO activity_allocation (employee_id, teaching_activity_id, course_instance_id, study_period_id) VALUES (48, 3, 9, 1);
INSERT INTO activity_allocation (employee_id, teaching_activity_id, course_instance_id, study_period_id) VALUES (79, 4, 10, 4);
INSERT INTO activity_allocation (employee_id, teaching_activity_id, course_instance_id, study_period_id) VALUES (15, 4, 10, 4);
INSERT INTO activity_allocation (employee_id, teaching_activity_id, course_instance_id, study_period_id) VALUES (87, 4, 10, 4);
INSERT INTO activity_allocation (employee_id, teaching_activity_id, course_instance_id, study_period_id) VALUES (96, 2, 11, 1);
INSERT INTO activity_allocation (employee_id, teaching_activity_id, course_instance_id, study_period_id) VALUES (21, 2, 12, 2);
INSERT INTO activity_allocation (employee_id, teaching_activity_id, course_instance_id, study_period_id) VALUES (42, 3, 13, 3);
INSERT INTO activity_allocation (employee_id, teaching_activity_id, course_instance_id, study_period_id) VALUES (100, 3, 13, 3);
INSERT INTO activity_allocation (employee_id, teaching_activity_id, course_instance_id, study_period_id) VALUES (53, 3, 14, 3);
INSERT INTO activity_allocation (employee_id, teaching_activity_id, course_instance_id, study_period_id) VALUES (47, 3, 14, 3);
INSERT INTO activity_allocation (employee_id, teaching_activity_id, course_instance_id, study_period_id) VALUES (62, 2, 15, 4);
INSERT INTO activity_allocation (employee_id, teaching_activity_id, course_instance_id, study_period_id) VALUES (11, 3, 16, 1);
INSERT INTO activity_allocation (employee_id, teaching_activity_id, course_instance_id, study_period_id) VALUES (10, 3, 16, 1);
INSERT INTO activity_allocation (employee_id, teaching_activity_id, course_instance_id, study_period_id) VALUES (97, 3, 17, 4);
INSERT INTO activity_allocation (employee_id, teaching_activity_id, course_instance_id, study_period_id) VALUES (96, 3, 17, 4);
INSERT INTO activity_allocation (employee_id, teaching_activity_id, course_instance_id, study_period_id) VALUES (23, 3, 18, 4);
INSERT INTO activity_allocation (employee_id, teaching_activity_id, course_instance_id, study_period_id) VALUES (55, 3, 18, 4);
INSERT INTO activity_allocation (employee_id, teaching_activity_id, course_instance_id, study_period_id) VALUES (8, 4, 19, 2);
INSERT INTO activity_allocation (employee_id, teaching_activity_id, course_instance_id, study_period_id) VALUES (62, 2, 20, 3);
INSERT INTO activity_allocation (employee_id, teaching_activity_id, course_instance_id, study_period_id) VALUES (17, 4, 21, 3);
INSERT INTO activity_allocation (employee_id, teaching_activity_id, course_instance_id, study_period_id) VALUES (55, 2, 22, 1);
INSERT INTO activity_allocation (employee_id, teaching_activity_id, course_instance_id, study_period_id) VALUES (95, 2, 22, 1);
INSERT INTO activity_allocation (employee_id, teaching_activity_id, course_instance_id, study_period_id) VALUES (99, 2, 23, 4);
INSERT INTO activity_allocation (employee_id, teaching_activity_id, course_instance_id, study_period_id) VALUES (79, 1, 24, 3);
INSERT INTO activity_allocation (employee_id, teaching_activity_id, course_instance_id, study_period_id) VALUES (91, 1, 24, 3);
INSERT INTO activity_allocation (employee_id, teaching_activity_id, course_instance_id, study_period_id) VALUES (100, 1, 24, 3);
INSERT INTO activity_allocation (employee_id, teaching_activity_id, course_instance_id, study_period_id) VALUES (43, 4, 25, 3);
INSERT INTO activity_allocation (employee_id, teaching_activity_id, course_instance_id, study_period_id) VALUES (70, 3, 26, 4);
INSERT INTO activity_allocation (employee_id, teaching_activity_id, course_instance_id, study_period_id) VALUES (76, 1, 27, 1);
INSERT INTO activity_allocation (employee_id, teaching_activity_id, course_instance_id, study_period_id) VALUES (44, 1, 28, 2);
INSERT INTO activity_allocation (employee_id, teaching_activity_id, course_instance_id, study_period_id) VALUES (27, 1, 29, 4);
INSERT INTO activity_allocation (employee_id, teaching_activity_id, course_instance_id, study_period_id) VALUES (25, 2, 30, 1);
INSERT INTO activity_allocation (employee_id, teaching_activity_id, course_instance_id, study_period_id) VALUES (31, 3, 31, 2);
INSERT INTO activity_allocation (employee_id, teaching_activity_id, course_instance_id, study_period_id) VALUES (65, 3, 32, 3);
INSERT INTO activity_allocation (employee_id, teaching_activity_id, course_instance_id, study_period_id) VALUES (54, 2, 33, 2);
INSERT INTO activity_allocation (employee_id, teaching_activity_id, course_instance_id, study_period_id) VALUES (3, 2, 33, 2);
INSERT INTO activity_allocation (employee_id, teaching_activity_id, course_instance_id, study_period_id) VALUES (10, 2, 34, 3);
INSERT INTO activity_allocation (employee_id, teaching_activity_id, course_instance_id, study_period_id) VALUES (47, 2, 35, 2);
INSERT INTO activity_allocation (employee_id, teaching_activity_id, course_instance_id, study_period_id) VALUES (7, 2, 35, 2);
INSERT INTO activity_allocation (employee_id, teaching_activity_id, course_instance_id, study_period_id) VALUES (66, 2, 35, 2);
INSERT INTO activity_allocation (employee_id, teaching_activity_id, course_instance_id, study_period_id) VALUES (51, 1, 36, 3);
INSERT INTO activity_allocation (employee_id, teaching_activity_id, course_instance_id, study_period_id) VALUES (25, 1, 37, 2);
INSERT INTO activity_allocation (employee_id, teaching_activity_id, course_instance_id, study_period_id) VALUES (32, 2, 38, 1);
INSERT INTO activity_allocation (employee_id, teaching_activity_id, course_instance_id, study_period_id) VALUES (79, 2, 38, 1);
INSERT INTO activity_allocation (employee_id, teaching_activity_id, course_instance_id, study_period_id) VALUES (14, 4, 39, 4);
INSERT INTO activity_allocation (employee_id, teaching_activity_id, course_instance_id, study_period_id) VALUES (42, 2, 40, 4);
INSERT INTO activity_allocation (employee_id, teaching_activity_id, course_instance_id, study_period_id) VALUES (75, 2, 40, 4);
INSERT INTO activity_allocation (employee_id, teaching_activity_id, course_instance_id, study_period_id) VALUES (27, 2, 41, 1);
INSERT INTO activity_allocation (employee_id, teaching_activity_id, course_instance_id, study_period_id) VALUES (32, 2, 41, 1);
INSERT INTO activity_allocation (employee_id, teaching_activity_id, course_instance_id, study_period_id) VALUES (6, 4, 42, 4);
INSERT INTO activity_allocation (employee_id, teaching_activity_id, course_instance_id, study_period_id) VALUES (96, 2, 43, 2);
INSERT INTO activity_allocation (employee_id, teaching_activity_id, course_instance_id, study_period_id) VALUES (82, 3, 44, 4);
INSERT INTO activity_allocation (employee_id, teaching_activity_id, course_instance_id, study_period_id) VALUES (6, 3, 45, 4);
INSERT INTO activity_allocation (employee_id, teaching_activity_id, course_instance_id, study_period_id) VALUES (52, 3, 45, 4);
INSERT INTO activity_allocation (employee_id, teaching_activity_id, course_instance_id, study_period_id) VALUES (8, 1, 46, 2);
INSERT INTO activity_allocation (employee_id, teaching_activity_id, course_instance_id, study_period_id) VALUES (23, 1, 46, 2);
INSERT INTO activity_allocation (employee_id, teaching_activity_id, course_instance_id, study_period_id) VALUES (27, 2, 47, 3);
INSERT INTO activity_allocation (employee_id, teaching_activity_id, course_instance_id, study_period_id) VALUES (69, 2, 48, 4);
INSERT INTO activity_allocation (employee_id, teaching_activity_id, course_instance_id, study_period_id) VALUES (35, 2, 48, 4);
INSERT INTO activity_allocation (employee_id, teaching_activity_id, course_instance_id, study_period_id) VALUES (70, 2, 48, 4);
INSERT INTO activity_allocation (employee_id, teaching_activity_id, course_instance_id, study_period_id) VALUES (45, 3, 49, 4);
INSERT INTO activity_allocation (employee_id, teaching_activity_id, course_instance_id, study_period_id) VALUES (46, 3, 50, 2);
INSERT INTO activity_allocation (employee_id, teaching_activity_id, course_instance_id, study_period_id) VALUES (32, 3, 50, 2);
INSERT INTO activity_allocation (employee_id, teaching_activity_id, course_instance_id, study_period_id) VALUES (15, 2, 51, 1);
INSERT INTO activity_allocation (employee_id, teaching_activity_id, course_instance_id, study_period_id) VALUES (55, 1, 52, 1);
INSERT INTO activity_allocation (employee_id, teaching_activity_id, course_instance_id, study_period_id) VALUES (76, 4, 53, 3);
INSERT INTO activity_allocation (employee_id, teaching_activity_id, course_instance_id, study_period_id) VALUES (14, 1, 54, 1);
INSERT INTO activity_allocation (employee_id, teaching_activity_id, course_instance_id, study_period_id) VALUES (54, 2, 55, 4);
INSERT INTO activity_allocation (employee_id, teaching_activity_id, course_instance_id, study_period_id) VALUES (81, 4, 56, 4);
INSERT INTO activity_allocation (employee_id, teaching_activity_id, course_instance_id, study_period_id) VALUES (80, 2, 57, 1);
INSERT INTO activity_allocation (employee_id, teaching_activity_id, course_instance_id, study_period_id) VALUES (32, 2, 57, 1);
INSERT INTO activity_allocation (employee_id, teaching_activity_id, course_instance_id, study_period_id) VALUES (1, 2, 57, 1);
INSERT INTO activity_allocation (employee_id, teaching_activity_id, course_instance_id, study_period_id) VALUES (38, 4, 58, 4);
INSERT INTO activity_allocation (employee_id, teaching_activity_id, course_instance_id, study_period_id) VALUES (15, 4, 58, 4);
INSERT INTO activity_allocation (employee_id, teaching_activity_id, course_instance_id, study_period_id) VALUES (92, 3, 59, 3);
INSERT INTO activity_allocation (employee_id, teaching_activity_id, course_instance_id, study_period_id) VALUES (32, 3, 59, 3);
INSERT INTO activity_allocation (employee_id, teaching_activity_id, course_instance_id, study_period_id) VALUES (78, 3, 59, 3);
INSERT INTO activity_allocation (employee_id, teaching_activity_id, course_instance_id, study_period_id) VALUES (11, 3, 60, 2);
INSERT INTO activity_allocation (employee_id, teaching_activity_id, course_instance_id, study_period_id) VALUES (23, 3, 60, 2);
INSERT INTO activity_allocation (employee_id, teaching_activity_id, course_instance_id, study_period_id) VALUES (61, 4, 61, 2);
INSERT INTO activity_allocation (employee_id, teaching_activity_id, course_instance_id, study_period_id) VALUES (10, 4, 61, 2);
INSERT INTO activity_allocation (employee_id, teaching_activity_id, course_instance_id, study_period_id) VALUES (75, 1, 62, 4);
INSERT INTO activity_allocation (employee_id, teaching_activity_id, course_instance_id, study_period_id) VALUES (17, 1, 62, 4);
INSERT INTO activity_allocation (employee_id, teaching_activity_id, course_instance_id, study_period_id) VALUES (95, 2, 63, 4);
INSERT INTO activity_allocation (employee_id, teaching_activity_id, course_instance_id, study_period_id) VALUES (67, 2, 63, 4);
INSERT INTO activity_allocation (employee_id, teaching_activity_id, course_instance_id, study_period_id) VALUES (11, 2, 64, 2);
INSERT INTO activity_allocation (employee_id, teaching_activity_id, course_instance_id, study_period_id) VALUES (41, 4, 65, 1);
INSERT INTO activity_allocation (employee_id, teaching_activity_id, course_instance_id, study_period_id) VALUES (57, 3, 66, 3);
INSERT INTO activity_allocation (employee_id, teaching_activity_id, course_instance_id, study_period_id) VALUES (52, 3, 66, 3);
INSERT INTO activity_allocation (employee_id, teaching_activity_id, course_instance_id, study_period_id) VALUES (92, 3, 67, 4);
INSERT INTO activity_allocation (employee_id, teaching_activity_id, course_instance_id, study_period_id) VALUES (31, 2, 68, 4);
INSERT INTO activity_allocation (employee_id, teaching_activity_id, course_instance_id, study_period_id) VALUES (28, 1, 69, 4);
INSERT INTO activity_allocation (employee_id, teaching_activity_id, course_instance_id, study_period_id) VALUES (36, 1, 69, 4);
INSERT INTO activity_allocation (employee_id, teaching_activity_id, course_instance_id, study_period_id) VALUES (55, 3, 70, 1);
INSERT INTO activity_allocation (employee_id, teaching_activity_id, course_instance_id, study_period_id) VALUES (25, 3, 70, 1);
INSERT INTO activity_allocation (employee_id, teaching_activity_id, course_instance_id, study_period_id) VALUES (21, 3, 70, 1);
INSERT INTO activity_allocation (employee_id, teaching_activity_id, course_instance_id, study_period_id) VALUES (36, 3, 71, 2);
INSERT INTO activity_allocation (employee_id, teaching_activity_id, course_instance_id, study_period_id) VALUES (78, 3, 71, 2);
INSERT INTO activity_allocation (employee_id, teaching_activity_id, course_instance_id, study_period_id) VALUES (16, 3, 71, 2);
INSERT INTO activity_allocation (employee_id, teaching_activity_id, course_instance_id, study_period_id) VALUES (90, 3, 72, 2);
INSERT INTO activity_allocation (employee_id, teaching_activity_id, course_instance_id, study_period_id) VALUES (60, 3, 72, 2);
INSERT INTO activity_allocation (employee_id, teaching_activity_id, course_instance_id, study_period_id) VALUES (71, 4, 73, 4);
INSERT INTO activity_allocation (employee_id, teaching_activity_id, course_instance_id, study_period_id) VALUES (73, 4, 73, 4);
INSERT INTO activity_allocation (employee_id, teaching_activity_id, course_instance_id, study_period_id) VALUES (46, 4, 74, 3);
INSERT INTO activity_allocation (employee_id, teaching_activity_id, course_instance_id, study_period_id) VALUES (80, 4, 74, 3);
INSERT INTO activity_allocation (employee_id, teaching_activity_id, course_instance_id, study_period_id) VALUES (29, 4, 74, 3);
INSERT INTO activity_allocation (employee_id, teaching_activity_id, course_instance_id, study_period_id) VALUES (66, 3, 75, 2);
INSERT INTO activity_allocation (employee_id, teaching_activity_id, course_instance_id, study_period_id) VALUES (95, 3, 75, 2);
INSERT INTO activity_allocation (employee_id, teaching_activity_id, course_instance_id, study_period_id) VALUES (44, 1, 76, 3);
INSERT INTO activity_allocation (employee_id, teaching_activity_id, course_instance_id, study_period_id) VALUES (65, 4, 77, 2);
INSERT INTO activity_allocation (employee_id, teaching_activity_id, course_instance_id, study_period_id) VALUES (78, 4, 77, 2);
INSERT INTO activity_allocation (employee_id, teaching_activity_id, course_instance_id, study_period_id) VALUES (55, 3, 78, 1);
INSERT INTO activity_allocation (employee_id, teaching_activity_id, course_instance_id, study_period_id) VALUES (87, 2, 79, 2);
INSERT INTO activity_allocation (employee_id, teaching_activity_id, course_instance_id, study_period_id) VALUES (83, 3, 80, 4);
INSERT INTO activity_allocation (employee_id, teaching_activity_id, course_instance_id, study_period_id) VALUES (46, 1, 81, 4);
INSERT INTO activity_allocation (employee_id, teaching_activity_id, course_instance_id, study_period_id) VALUES (97, 4, 82, 3);
INSERT INTO activity_allocation (employee_id, teaching_activity_id, course_instance_id, study_period_id) VALUES (2, 2, 83, 1);
INSERT INTO activity_allocation (employee_id, teaching_activity_id, course_instance_id, study_period_id) VALUES (59, 4, 84, 4);
INSERT INTO activity_allocation (employee_id, teaching_activity_id, course_instance_id, study_period_id) VALUES (56, 4, 85, 2);
INSERT INTO activity_allocation (employee_id, teaching_activity_id, course_instance_id, study_period_id) VALUES (63, 3, 86, 2);
INSERT INTO activity_allocation (employee_id, teaching_activity_id, course_instance_id, study_period_id) VALUES (19, 3, 87, 1);
INSERT INTO activity_allocation (employee_id, teaching_activity_id, course_instance_id, study_period_id) VALUES (50, 3, 87, 1);
INSERT INTO activity_allocation (employee_id, teaching_activity_id, course_instance_id, study_period_id) VALUES (56, 4, 88, 2);
INSERT INTO activity_allocation (employee_id, teaching_activity_id, course_instance_id, study_period_id) VALUES (39, 1, 89, 4);
INSERT INTO activity_allocation (employee_id, teaching_activity_id, course_instance_id, study_period_id) VALUES (52, 2, 90, 4);
INSERT INTO activity_allocation (employee_id, teaching_activity_id, course_instance_id, study_period_id) VALUES (47, 3, 91, 3);
INSERT INTO activity_allocation (employee_id, teaching_activity_id, course_instance_id, study_period_id) VALUES (42, 4, 92, 2);
INSERT INTO activity_allocation (employee_id, teaching_activity_id, course_instance_id, study_period_id) VALUES (7, 3, 93, 1);
INSERT INTO activity_allocation (employee_id, teaching_activity_id, course_instance_id, study_period_id) VALUES (98, 3, 94, 2);
INSERT INTO activity_allocation (employee_id, teaching_activity_id, course_instance_id, study_period_id) VALUES (77, 4, 95, 3);
INSERT INTO activity_allocation (employee_id, teaching_activity_id, course_instance_id, study_period_id) VALUES (54, 2, 96, 2);
INSERT INTO activity_allocation (employee_id, teaching_activity_id, course_instance_id, study_period_id) VALUES (97, 2, 96, 2);
INSERT INTO activity_allocation (employee_id, teaching_activity_id, course_instance_id, study_period_id) VALUES (66, 2, 97, 1);
INSERT INTO activity_allocation (employee_id, teaching_activity_id, course_instance_id, study_period_id) VALUES (40, 1, 98, 3);
INSERT INTO activity_allocation (employee_id, teaching_activity_id, course_instance_id, study_period_id) VALUES (15, 1, 98, 3);
INSERT INTO activity_allocation (employee_id, teaching_activity_id, course_instance_id, study_period_id) VALUES (14, 2, 99, 1);
INSERT INTO activity_allocation (employee_id, teaching_activity_id, course_instance_id, study_period_id) VALUES (2, 2, 99, 1);
INSERT INTO activity_allocation (employee_id, teaching_activity_id, course_instance_id, study_period_id) VALUES (14, 3, 100, 2);

-- Update Departments Manager
UPDATE department SET manager_id = 60 WHERE department_id = 1;
UPDATE department SET manager_id = 65 WHERE department_id = 2;
UPDATE department SET manager_id = 47 WHERE department_id = 3;
UPDATE department SET manager_id = 10 WHERE department_id = 4;

-- Re-add circular salary constraints
ALTER TABLE salary_history ADD CONSTRAINT FK_salary_history_0 FOREIGN KEY (employee_id) REFERENCES employee (employee_id);
ALTER TABLE employee ADD CONSTRAINT FK_employee_4 FOREIGN KEY (salary_history_id) REFERENCES salary_history (salary_history_id);
